MECHANICS,SET,NAME,TEXT,TYPE,ID,COLLECTIBLE,FACTION,ELITE,ARTIST,RARITY,ATTACK,COST,HEALTH,RACE,FLAVOR,PLAYERCLASS,INPLAYTEXT,DURABILITY
OneTurnEffect,Classic,&bdquo;Inspirado&bdquo;,Este lacaio tem +2 de Ataque neste turno.,Enchantment,CS2_188o,,,,,,,,,,,,,
Deathrattle,Classic,A Fera,<b>Último Suspiro:</b> Evoque um Jonas Tiragosto 3/3 para o seu oponente.,Minion,EX1_577,True,Neutral,True,Glenn Rane,Legendary,9,6,7,Beast,Ele vive na Montanha Rocha Negra. E come gnomos. É basicamente isso.,,,
Deathrattle|Taunt,Classic,Abominação,<b>Provocar</b>. <b>Último Suspiro:</b> Cause 2 de dano a TODOS os personagens.,Minion,EX1_097,True,Neutral,,Alex Horley Orlandelli,Rare,4,5,4,,Abominações adoram carne fresca e longas caminhadas pela praia.,,,
,Classic,Acólito da Dor,Sempre que este lacaio receber dano compre um card.,Minion,EX1_007,True,,,Dave Kendall,Common,1,3,3,,Quando era mais jovem ele estava treinando para ser um Acólito da Alegria mas as coisas não saíram bem como ele esperava.,,,
Deathrattle,Classic,Acumulador de Tesouros,<b>Último Suspiro:</b> Compre um card.,Minion,EX1_096,True,Neutral,,Jim Nelson,Common,2,2,1,,Sempre jogue necessidade.,,,
,Classic,Afiada,+1 de Durabilidade.,Enchantment,CS2_146o,,,,,,,,,,,,,
,Classic,Afiado!,+2 de Ataque do Ferreiro Rancoroso.,Enchantment,CS2_221e,,,,,,,,,,,,,
Combo,Classic,Agente da AVIN,<b>Combo:</b> Cause 2 de dano.,Minion,EX1_134,True,Neutral,,Chris Moeller,Rare,3,3,3,,Os agentes da AVIN são responsáveis pelas atividades secretas de Ventobravo. Seus deveres incluem espionagem assassinato e planejar festas-surpresa para a família real.,Rogue,,
,Classic,Agoureiro,No início do seu turno destrua TODOS os lacaios.,Minion,NEW1_021,True,,,Alex Horley Orlandelli,Epic,0,2,7,,Ele esteve quase certo tantas vezes. Ele tinha <i>certeza</i> que o fim do mundo chegaria no Cataclismo.,,,
,Classic,Aguilhão Mental,<b>Poder Heroico</b>Cause 2 de dano.,Hero Power,EX1_625t,,,,,,,2,,,,Priest,,
Charge|Divine Shield|Taunt|Windfury,Classic,Al&sbquo;Akir o Senhor do Vento,<b>Fúria dos Ventos Investida Escudo Divino Provocar</b>,Minion,NEW1_010,True,,True,Raymond Swanland,Legendary,3,8,5,,Ele é o mais fraco dos Lordes Elementais. E os outros três não o deixam esquecer.,Shaman,,
,Classic,Alarmobô,No início do turno troque este lacaio por um lacaio aleatório da sua mão.,Minion,EX1_006,True,,,Sean O’Daniels,Rare,0,3,3,Mech,ALERTA. ALERTA. ALERTA.,,,
Battlecry,Classic,Alexstrasza,<b>Grito de Guerra:</b> Defina a vida remanescente do herói para 15.,Minion,EX1_561,True,Neutral,True,Raymond Swanland,Legendary,8,9,8,Dragon,Alexstrasza a Mãe da Vida traz vida e esperança a todos. Menos para o Asa da Morte. E Malygos. E Nekros.,,,
,Classic,Alma da Floresta,Último Suspiro: Evoque um Arvoroso 2/2.,Enchantment,EX1_158e,,,,,,,,,,,Druid,,
,Classic,Alma da Floresta,Conceda aos seus lacaios: <b>Último Suspiro:</b> Evoque um Arvoroso 2/2.,Spell,EX1_158,True,Neutral,,Markus Erdt,Common,,4,,,De repente &bdquo;Reflorestamento&bdquo; virou uma palavra aterrorizante.,Druid,,
Battlecry,Classic,Alquimista Enlouquecido,<b>Grito de Guerra:</b> Troque o Ataque pela Vida de um lacaio.,Minion,EX1_059,True,Neutral,,Tom Fleming,Rare,2,2,2,,Ele diz: &bdquo;Você vai <i>adorar</i> minha nova receita!&bdquo; ...principalmente se não estiver satisfeito com seu número atual de membros.,,,
,Classic,Alvoroço,+3/+3.,Enchantment,CS2_104e,,,,,,,,,,,Warrior,,
,Classic,Alvoroço,Conceda +3/+3 a um lacaio ferido.,Spell,CS2_104,True,Neutral,,Jonboy Meyers,Common,,2,,,Lacaio fica RAIVOSO! Lacaio ESMAGA!,Warrior,,
Battlecry,Classic,Anão Ferro Negro,<b>Grito de Guerra:</b> Conceda +2 de Ataque a um lacaio neste turno.,Minion,EX1_046,True,Alliance,,Scott Hampton,Common,4,4,4,,Guardiões do Minério de Ferro Negro. Talvez seja o minério mais irritante de todos considerando aonde você precisa ir para forjá-lo.,,,
,Classic,Anciente da Guerra,<b>Escolha Um</b> -+5 de Ataque; ou +5 de Vida e <b>Provocar</b>.,Minion,EX1_178,True,Neutral,,Sean O’Daniels,Epic,5,7,5,,Jovens elfos noturnos adoram jogar &bdquo;Quem consegue desarraigar o Anciente da Guerra?&bdquo; – Você perde se for esmagado até a morte.,Druid,,
,Classic,Anciente da Tradição,<b>Escolha Um</b> - Compre 2 cards; ou Restaure 5 de Vida.,Minion,NEW1_008,True,,,Patrik Hjelm,Epic,5,7,5,,Vá em frente entalhe seu nome nele.,Druid,,
Divine Shield|Taunt,Classic,Andarilha do Sol,<b>Provocar</b>. <b>Escudo Divino</b>,Minion,EX1_032,True,Alliance,,Andrea Uderzo,Rare,4,6,5,,Ela não anda pelo sol de verdade. É só um nome. Não se preocupe!,,,
,Classic,Andarilho das Lendas Cho,Quando um jogador lançar um feitiço coloque uma cópia dele na mão do outro jogador.,Minion,EX1_100,True,Neutral,True,Mark Zug,Legendary,0,2,4,,O Andarilho das Lendas Cho registra e compartilha contos da terra de Pandária mas o que ele mais gosta é aquele onde descobrem quem matou Odete Roitman.,,,
Aura,Classic,Aparição de Mana,TODOS os lacaios custam (1) a mais.,Minion,EX1_616,True,Neutral,,Luca Zontini,Rare,2,2,2,,Elas chegam de noite para comer os restos de cristais de mana. Elas dizem &bdquo;nomnomnomnom&bdquo;.,,,
Aura,Classic,Aprendiz de Feiticeiro,Seus feitiços custam (1) a menos.,Minion,EX1_608,True,Neutral,,Alex Horley Orlandelli,Common,3,2,2,,Aprendizes servem para obedecer. &bdquo;Conjure uns pãezinhos de mana para mim! E um café! Ou melhor um café de mana!&bdquo;,Mage,,
,Classic,Aprendiz Violeta,,Minion,NEW1_026t,,,,,,1,0,1,,,,,
,Classic,Aprimorado,+1 de Ataque e +1 de Durabilidade.,Enchantment,EX1_409e,,,,,,,,,,,Warrior,,
,Classic,Aprimorado,Durabilidade Aumentada.,Enchantment,EX1_536e,,,,,,,,,,,Hunter,,
,Classic,Aprimoramento!,Se você tiver uma arma conceda-lhe +1/+1. Se não tiver equipe uma arma 1/3.,Spell,EX1_409,True,Neutral,,Matt Cavotta,Rare,,1,,,Vale 50 PCM fácil.,Warrior,,
,Classic,Arcanista Etéreo,Se você controlar um <b>Segredo</b> no final do seu turno receba +2/+2.,Minion,EX1_274,True,,False,Michael Komarck,Rare,3,4,3,,Os etéreos se cobrem com panos para dar forma a seus seres incorpóreos. E também porque é macio e cheiroso.,Mage,,
,Classic,Arco Hastáguia,Sempre que um <b>Segredo</b> aliado for revelado receba +1 de Durabilidade.,Weapon,EX1_536,True,,,Cyril Van Der Haegen,Rare,3,3,,,Primeira lição: o lado pontudo vai no outro cara.,Hunter,,2
,Classic,Arco Longo do Gladiador,Seu herói fica <b>Imune</b> enquanto ataca.,Weapon,DS1_188,True,Neutral,,Peter C. Lee,Epic,5,7,,,O arco longo permite atirar flechas mais de longe e é útil para disparar contra alvos especialmente fedorentos.,Hunter,,2
Secret,Classic,Armadilha Congelante,<b>Segredo:</b> Quando um lacaio inimigo atacar devolva-o à mão do dono custando (2) a mais.,Spell,EX1_611,True,Neutral,,Matt Gaser,Common,,2,,,&bdquo;Caramba que frio.&bdquo; – resposta apropriada ao cair na Armadilha Congelante ou tropeçar num cadáver.,Hunter,,
Secret,Classic,Armadilha de Cobra,<b>Segredo:</b> Quando um de seus lacaios for atacado evoque três Cobras 1/1.,Spell,EX1_554,True,Neutral,,Bernie Kang,Epic,,2,,,Por que tinha que ser cobras?,Hunter,,
Secret,Classic,Armadilha Explosiva,<b>Segredo:</b> Quando seu herói for atacado cause $2 de dano a todos os inimigos.,Spell,EX1_610,True,Neutral,,Brandon Kitkouski,Common,,2,,,Aprisiona sua comida e ainda cozinha pra você!,Hunter,,
Battlecry,Classic,Armeira de Arathi,<b>Grito de Guerra:</b> Equipe uma arma 2/2.,Minion,EX1_398,True,Neutral,,Samwise,Common,3,4,3,,50% de desconto nas armas de punho! É só hoje!,Warrior,,
,Classic,Arquimago Antônidas,Sempre que você lançar um feitiço adicione um feitiço &bdquo;Bola de Fogo&bdquo; à sua mão.,Minion,EX1_559,True,Neutral,True,Wayne Reynolds,Legendary,5,7,7,,Antônidas foi o Grão-mago do Kirin Tor e mentor de Jaina. Foi um enorme passo desde seu tempo como Grão-mago das Jujubas.,Mage,,
,Classic,Arvoroso,,Minion,EX1_158t,,Neutral,,,,2,1,2,,,Druid,,
Charge,Classic,Arvoroso,<b>Investida</b>. No final do turno destrua este lacaio.,Minion,EX1_tk9,,Neutral,,,Common,2,1,2,,,Druid,,
Taunt,Classic,Arvoroso,<b>Provocar</b>,Minion,EX1_573t,,,,,,2,1,2,,,Druid,,
Battlecry,Classic,Asa da Morte,<b>Grito de Guerra:</b> Destrua todos os outros lacaios e descarte a sua mão.,Minion,NEW1_030,True,,True,Bernie Kang,Legendary,12,10,12,Dragon,Outrora um nobre dragão chamado Neltharion Asa da Morte enlouqueceu e despedaçou Azeroth antes de ser derrotado. Problemas com o papai?,,,
Stealth,Classic,Assassino de Corvoforte,<b>Furtividade</b>,Minion,CS2_161,True,Alliance,,Ralph Horsley,Rare,7,7,5,,É só mandar um pacote com um nome e dez mil de ouro. Ele cuida do resto.,,,
Poisonous|Stealth,Classic,Assassino Paciente,<b>Furtividade</b>. Destrua qualquer lacaio atingido por este lacaio.,Minion,EX1_522,True,Neutral,,Ben Olson,Epic,1,2,1,,Ele não é tão paciente assim. Só demora um pouco para aparecer alguém que ele é capaz de alcançar.,Rogue,,
,Classic,Aventureiro em Missão,Sempre que você jogar um card receba +1/+1.,Minion,EX1_044,True,Alliance,,Attila Adorjany,Rare,2,3,2,,&bdquo;Alguém aí tem peles de javali sobrando?&bdquo;,,,
,Classic,Baine Casco Sangrento,,Minion,EX1_110t,,,True,,Legendary,4,4,5,,,,,
,Classic,Baixem as armas!,Ataque alterado para 1.,Enchantment,EX1_382e,,,,,,,,,,,Paladin,,
,Classic,Bananas,Tem +1/+1.,Enchantment,EX1_014te,,,,,,,,,,,,,
,Classic,Bananas,Conceda +1/+1 a um lacaio.,Spell,EX1_014t,,,,,,,1,,,,,,
,Classic,Bandido Défias,,Minion,EX1_131t,,Neutral,,,,2,1,1,,,Rogue,,
,Classic,Barão Geddon,No final do seu turno cause 2 de dano a TODOS os outros personagens.,Minion,EX1_249,True,Neutral,True,Ian Ameling,Legendary,7,7,5,,O Barão Geddon era o primeiro tenente de Ragnaros até que ele ficou QUEIMADO com o chefe.,,,
Secret,Classic,Barreira de Gelo,<b>Segredo:</b> Quando seu herói for atacado receba 8 de Armadura.,Spell,EX1_289,True,Neutral,,Alex Garner,Common,,3,,,Este é o Grau 1. O Grau 2 é Barreira de Achocolatado.,Mage,,
,Classic,Barriga Cheia,+2/+2. Cheia de Murloc.,Enchantment,NEW1_017e,,,,,,,,,,,,,
,Classic,Batida,Cause $2 de dano a um lacaio. Se ele sobreviver compre um card.,Spell,EX1_391,True,Neutral,,E.M. Gist,Common,,2,,,&bdquo;Dun da dun dun da dun&bdquo;: se você ouvir um ogro cantando isso é tarde demais.,Warrior,,
,Classic,Bem Alimentado,Ataque e Vida aumentados.,Enchantment,EX1_531e,,,,,,,,,,,Hunter,,
,Classic,Bênção de Sabedoria,Escolha um lacaio. Sempre que ele atacar compre um card.,Spell,EX1_363,True,,,Chippy,Common,,1,,,Aparentemente com sabedoria vem o conhecimento de que você provavelmente deveria atacar em todos os turnos.,Paladin,,
,Classic,Bênção de Sabedoria,Quando este lacaio atacar o inimigo comprará um card.,Enchantment,EX1_363e2,,,,,,,,,,,Paladin,,
,Classic,Bênção de Sabedoria,Quando este lacaio atacar o jogador que o abençoou compra um card.,Enchantment,EX1_363e,,,,,,,,,,,Paladin,,
,Classic,Berserk,Ataque aumentado.,Enchantment,EX1_604o,,,,,,,,,,,Warrior,,
Enrage,Classic,Berserker Amani,<b>Enfurecer:</b> +3 de Ataque.,Minion,EX1_393,True,Neutral,,Chippy,Common,2,2,3,,Se um berserker Amani perguntar &bdquo;Tá olhando pra mim?!&bdquo; a resposta correta é Tô não véi&bdquo;.,,,
,Classic,Berserker Espumante,Sempre que um lacaio receber dano receba +1 de Ataque.,Minion,EX1_604,True,Neutral,,Simon Bisley,Rare,2,3,4,,Ele era contador antes de tentar ser um berserker.,Warrior,,
,Classic,Blarghghl,Ataque aumentado.,Enchantment,EX1_509e,,,,,,,,,,,,,
OneTurnEffect,Classic,Bloco de Gelo,Seu herói fica <b>Imune</b> até o final do turno.,Enchantment,EX1_295o,,,,,,,,,,,Mage,,
Secret,Classic,Bloco de Gelo,<b>Segredo:</b> Quando seu herói receber dano fatal ignore-o e fique <b>Imune</b> até o fim do turno.,Spell,EX1_295,True,Neutral,,Carl Frank,Epic,,3,,,Gelo é bom e basta!,Mage,,
Battlecry,Classic,Bombardeiro Louco,<b>Grito de Guerra:</b> Cause 3 de dano divididos aleatoriamente entre todos os outros personagens.,Minion,EX1_082,True,Alliance,,Mike Sass,Common,3,2,2,,Ele não é tão louco assim. Só não toma tanto cuidado com os explosivos quanto deveria.,,,
OneTurnEffect,Classic,Brado de Comando,Não podem ser reduzidos a menos de 1 de Vida neste turno.,Enchantment,NEW1_036e,,,,,,,,,,,Warrior,,
,Classic,Brado de Comando,A Vida de seus lacaios não pode ser reduzida a menos de 1 neste turno. Compre um card.,Spell,NEW1_036,True,,,Wayne Reynolds,Rare,,2,,,Esmaga geral! Esmaga geral! Esmaga geral! — Dica para guerreiros em treinamento,Warrior,,
OneTurnEffect,Classic,Brado de Comando,A Vida de seus lacaios não pode ser reduzida a menos de 1 neste turno.,Enchantment,NEW1_036e2,,,,,,,,,,,Warrior,,
,Classic,Briga,Destrua todos os lacaios menos um. <i>(escolhido aleatoriamente)</i>,Spell,EX1_407,True,Neutral,,Wayne Reynolds,Epic,,5,,,Você sabe a primeira regra do Clube da Briga?,Warrior,,
Battlecry,Classic,Caçador Profissional,<b>Grito de Guerra:</b> Destrua um lacaio com 7 ou mais de Ataque.,Minion,EX1_005,True,,,Chris Seaman,Epic,4,3,2,,Meros demossauros não o apetecem mais. Logo ele vai tentar capturar Onyxia apenas com uma Lâmina Krol cega.,,,
Deathrattle,Classic,Caerne Casco Sangrento,<b>Último Suspiro:</b> Evoque Baine Casco Sangrento 4/5.,Minion,EX1_110,True,Alliance,True,Wayne Reynolds,Legendary,4,6,5,,Caerne foi morto por Garrosh... então não coloque esse cara em um deck de Guerreiro. Não seja insensível.,,,
,Classic,Campeão Abençoado,O Ataque do seu lacaio foi dobrado.,Enchantment,EX1_355e,,,,,,,,,,,Paladin,,
,Classic,Campeão Abençoado,Dobre o Ataque de um lacaio.,Spell,EX1_355,True,,,Tyler Walpole,Rare,,5,,,Este card causa o dobro da confusão MAIS o dobro de diversão.,Paladin,,
,Classic,Canibalizar,Ataque aumentado.,Enchantment,tt_004o,,,,,,,,,,,,,
Charge,Classic,Cão,<b>Investida</b>,Minion,EX1_538t,,,,,,1,1,1,Beast,,Hunter,,
Battlecry,Classic,Capataz Cruel,<b>Grito de Guerra:</b> Cause 1 de dano a um lacaio e conceda-lhe +2 de Ataque.,Minion,EX1_603,True,Neutral,,Phroilan Gardner,Common,2,2,2,,&bdquo;Vou precisar que você venha trabalhar no domingo.&bdquo; — Capataz Cruel,Warrior,,
Aura,Classic,Capitão dos Mares do Sul,Seus outros Piratas têm +1/+1.,Minion,NEW1_027,True,,,Ken Steacy,Epic,3,3,3,Pirate,Quando ele já tiver pilhado o suficiente ele vai mandar fazer um chapéu de capitão enorme. Rola uma certa invejinha de chapéus aí.,,,
Battlecry,Classic,Capitão Peleverde,<b>Grito de Guerra:</b> Conceda +1/+1 à sua arma.,Minion,NEW1_024,True,,True,Dan Scott,Legendary,5,5,4,Pirate,Ele estava <i>pertinho assim</i> de bater um Arrojo enorme contra o porto de Ventobravo. Ah se não fossem aqueles garotos intrometidos!!,,,
,Classic,Capturado,Ficará <b>Congelado</b> novamente no início do próximo turno.,Enchantment,EX1_611e,,,,,,,,,,,Hunter,,
Battlecry,Classic,Caranguejo Faminto,<b>Grito de Guerra:</b> Destrua um murloc e receba +2/+2.,Minion,NEW1_017,True,,,Jaemin Kim,Epic,1,1,2,Beast,Murloc. É isso que tem pra janta.,,,
,Classic,Carniçal Devora-carne,Sempre que um lacaio morrer receba +1 de Ataque.,Minion,tt_004,True,Neutral,,Alex Horley Orlandelli,Common,2,3,3,,Devora-carne é um nome injusto. Na verdade não tem muito mais coisas para ele comer.,,,
Taunt,Classic,Carrega-escudo,<b>Provocar</b>,Minion,EX1_405,True,Neutral,,Carl Critchlow,Common,0,1,4,,Você já reparou no tamanho dos escudos nesse jogo? Não é um trabalho fácil.,,,
Battlecry,Classic,Cavaleiro do Punho de Prata,<b>Grito de Guerra:</b> Evoque um Escudeiro 2/2.,Minion,CS2_151,True,Alliance,,Matt Starbuck,Common,4,5,4,,É bom ser um cavaleiro. Já ser escudeiro de um nem tanto.,,,
Battlecry,Classic,Cavaleiro Sangrento,<b>Grito de Guerra:</b> Todos os lacaios perdem <b>Escudo Divino</b>. Receba +3/+3 para cada Escudo perdido.,Minion,EX1_590,True,Neutral,,Trent Kaniuga,Epic,3,3,3,,Os Cavaleiros Sangrentos recebem seus poderes sagrados da Nascente do Sol que NÃO é um lugar para tomar banho.,,,
,Classic,Cenarius,<b>Escolha Um</b> - Conceda +2/+2 aos seus outros lacaios ou evoque dois Arvorosos 2/2 com <b>Provocar</b>.,Minion,EX1_573,True,Neutral,True,Alex Horley Orlandelli,Legendary,5,9,8,,Sim ele é um semideus. Não ele não precisa usar uma camisa.,Druid,,
,Classic,Chama de Alexstrasza,Vida definida para 15.,Enchantment,EX1_561e,,,,,,,,,,,,,
AffectedBySpellPower,Classic,Chama Sombria,Destrua um lacaio aliado e cause o dano de ataque dele a todos os lacaios inimigos.,Spell,EX1_303,True,Neutral,,Dave Kendall,Rare,,4,,,Comece jogando um lacaio poderoso e jogue uma Chama Sombria pra diversão começar!,Warlock,,
,Classic,Chamaré Murloc,Sempre que um Murloc for evocado receba +1 de Ataque.,Minion,EX1_509,True,Neutral,,Jaemin Kim,Rare,1,1,2,Murloc,Esse carinha fica insanamente forte nos encontros de família.,,,
,Classic,Chicoteado até Obedecer,+2 de Ataque,Enchantment,EX1_603e,,,,,,,,,,,Warrior,,
Silence,Classic,Choque Terreno,<b>Silencie</b> um lacaio e cause $1 de dano a ele.,Spell,EX1_245,True,Neutral,,Kevin Chin,Common,,1,,,Choque Terreno? Não deveria ser &bdquo;Choque Azerothiano&bdquo;?,Shaman,,
,Classic,Chuva Estelar,Cause $2 de dano a todos os lacaios inimigos.,Spell,NEW1_007a,,,,,,,,,,,Druid,,
,Classic,Chuva Estelar,<b>Escolha Um</b> - Cause $5 de dano a um lacaio ou $2 de dano a todos os lacaios inimigos.,Spell,NEW1_007,True,,,Richard Wright,Rare,,5,,,O céu está caindo? Sim está caindo sim.,Druid,,
,Classic,Chuva Estelar,Cause $5 de dano a um lacaio.,Spell,NEW1_007b,,,,,,,,,,,Druid,,
,Classic,Círculo de Cura,Restaure #4 de Vida de TODOS os lacaios.,Spell,EX1_621,True,,,Daarken,Common,,0,,,Não é um círculo na verdade.,Priest,,
Windfury,Classic,Clarividente de Thrallmar,<b>Fúria dos Ventos</b>,Minion,EX1_021,True,Horde,,Efrem Palacios,Common,2,3,3,,Ele está alocado na Península Fogo do Inferno mas tem esperanças de ser transferido para algum lugar mais perto de Orgrimmar... ou em qualquer lugar que o chão não esteja pegando fogo.,,,
Battlecry,Classic,Clarividente Telúrico,<b>Grito de Guerra:</b> Restaure 3 de Vida.,Minion,CS2_117,True,,,Alex Horley Orlandelli,Common,3,3,3,,Ele vê tudo claramente e nem precisa de óculos!,,,
,Classic,Cobra,,Minion,EX1_554t,,Neutral,,,Common,1,0,1,Beast,,Hunter,,
Charge|Divine Shield,Classic,Comandante Argênteo,<b>Investida</b> <b>Escudo Divino</b>,Minion,EX1_067,True,Neutral,,James Ryman,Rare,4,6,2,,A Aurora Argêntea continua sua vigília contra o Flagelo assim como contra pessoas que furam fila nos cafés.,,,
,Classic,Comando Negro,Este lacaio trocou de controlador neste turno.,Enchantment,EX1_334e,,,,,,,,,,,Priest,,
,Classic,Comando Peleverde,+1/+1.,Enchantment,NEW1_024o,,,,,,,,,,,,,
Freeze,Classic,Cone de Frio,<b>Congele</b> um lacaio e os lacaios vizinhos causando-lhes $1 de dano.,Spell,EX1_275,True,Neutral,,Leo Che,Common,,4,,,Os magos do Kirin Tor já lançavam Cubos de Frio muitos anos antes de os Cones entrarem na moda há uns 90 anos.,Mage,,
,Classic,Consumir,Atributos aumentados.,Enchantment,EX1_304e,,,,,,,,,,,Warlock,,
Secret,Classic,Contrafeitiço,<b>Segredo:</b> Quando seu oponente lançar um feitiço <b>Anule</b>-o.,Spell,EX1_287,True,Neutral,,Jason Chan,Rare,,3,,,Qual a diferença entre um mago que está usando Contrafeitiço e um mago que não está? O que não está vai levar um Ignimpacto na cara.,Mage,,
Secret,Classic,Contrição,<b>Segredo:</b> Quando seu oponente jogar um lacaio reduza a Vida dele para 1.,Spell,EX1_379,True,Neutral,,Gonzalo Ordonez,Common,,1,,,O arrependimento frequentemente antecede a aniquilação. Curioso.,Paladin,,
,Classic,Contrição,Vida reduzida a 1.,Enchantment,EX1_379e,,,,,,,,,,,Paladin,,
Summoned,Classic,Controlando a mente,,Enchantment,EX1_tk31,,Neutral,,,Common,,,,,,Priest,,
Battlecry,Classic,Corsário da Vela Sangrenta,<b>Grito de Guerra:</b> Remova 1 de Durabilidade da arma do seu oponente.,Minion,NEW1_025,True,,,Randy Gallegos,Rare,1,1,2,Pirate,Todo pirata usa os mesmos quatro dígitos para acessar Caixas Automáticos de Ouro. É o &bdquo;Código Pirata&bdquo;.,,,
Taunt,Classic,Corsário Terrível,<b>Provocar</b>. Custa (1) a menos por Ataque da sua arma.,Minion,NEW1_022,True,,,Trent Kaniuga,Common,3,4,3,Pirate,&bdquo;Iaarrrr&bdquo; é uma palavra pirata que quer dizer &bdquo;Olá milorde&bdquo;.,,,
Battlecry,Classic,Coruja Bico-de-ferro,<b>Grito de Guerra:</b> <b>Silencie</b> um lacaio.,Minion,CS2_203,True,Horde,,Trevor Jacobs,Common,2,2,1,Beast,Suas asas são silenciosas mas seu guinchado é... seja lá o que for o oposto de silencioso.,,,
,Classic,Crematória,,Weapon,EX1_383t,,,,,Legendary,5,5,,,,Paladin,,3
,Classic,Crescimento,Gruul está crescendo...,Enchantment,NEW1_038o,,,,,,,,,,,,,
,Classic,Cria da Luz,O Ataque deste lacaio é sempre igual à Vida dele.,Minion,EX1_335,True,Neutral,,Daarken,Common,0,4,5,,&bdquo;EU NÃO SEI POR QUE QUE A GENTE TÁ GRITANDO!!&bdquo;,Priest,,
Divine Shield,Classic,Cruzada Escarlate,<b>Escudo Divino</b>,Minion,EX1_020,True,Alliance,,Gonzalo Ordonez,Common,3,3,1,,Nunca lave suas roupas brancas com um Cruzado Escarlate.,,,
,Classic,Defensor,,Minion,EX1_130a,,Neutral,,,Common,2,1,1,,,Paladin,,
Battlecry,Classic,Defensor de Argus,<b>Grito de Guerra:</b> Conceda +1/+1 e <b>Provocar</b> aos lacaios adjacentes.,Minion,EX1_093,True,Alliance,,Alex Horley Orlandelli,Rare,2,4,3,,Ninguém iria imaginar que Argus precisa de tanta defesa. Mas precisa.,,,
,Classic,Deleitada em Mana,Ataque aumentado.,Enchantment,NEW1_012o,,,,,,,,,,,Mage,,
,Classic,Demolidor,No início do seu turno cause 2 de dano a um inimigo aleatório.,Minion,EX1_102,True,Neutral,,Raymond Swanland,Rare,1,3,4,Mech,Os cercos já não são mais tão divertidos. Eles nem têm mais tanto sentido agora que todo mundo tem montarias voadoras.,,,
Battlecry|Charge,Classic,Demonarca,<b>Investida</b>. <b>Grito de Guerra:</b> Descarte dois cards aleatórios.,Minion,EX1_310,True,Neutral,,Lucas Graciano,Rare,5,5,7,Demon,Evocar um Demonarca é perigoso. <i>Alguém</i> vai morrer.,Warlock,,
,Classic,Demossauro,,Minion,EX1_tk29,,Neutral,,,Common,5,5,5,Beast,,,,
,Classic,Desarraigado,+5 de Ataque.,Enchantment,EX1_178be,,,,,,,,,,,Druid,,
,Classic,Desarraigar,+5 de Ataque.,Spell,EX1_178b,,Neutral,,,,,,,,,Druid,,
,Classic,Despertar de Ysera,Cause $5 de dano a todos os personagens exceto Ysera.,Spell,DREAM_02,,,,,,,2,,,,Dream,,
,Classic,Detectar Demônios,Coloque 2 Demônios aleatórios do seu deck na sua mão.,Spell,EX1_317,True,Neutral,,Raven Mimura,Common,,3,,,Normalmente os demônios são bem óbvios e você não precisa de um feitiço para detectá-los.,Warlock,,
,Classic,Diabrete,,Minion,EX1_598,,Neutral,,,Rare,1,1,1,Demon,,,,
Battlecry,Classic,Diabrete das Chamas,<b>Grito de Guerra:</b> Cause 3 de dano ao seu herói.,Minion,EX1_319,True,Neutral,,Alex Horley Orlandelli,Common,3,1,2,Demon,Diabretes curtem ficar no fogo. Eles só curtem.,Warlock,,
Stealth,Classic,Diabrete de Sangue,<b>Furtividade</b>. No fim do seu turno conceda +1 de Vida a outro lacaio aliado aleatório.,Minion,CS2_059,True,Neutral,,Bernie Kang,Common,0,1,1,Demon,Os diabretes se contentam em se esconder e provocar todo mundo feito um grude.,Warlock,,
,Classic,Diabrete Inútil,<i>Demônios estão em falta! Pelo menos tem sempre uns diabretes...</i>,Minion,EX1_317t,,,,,Common,1,1,1,Demon,,Warlock,,
,Classic,Diabrete Mestre,No final do seu turno cause 1 de dano a este lacaio e evoque um Diabrete 1/1.,Minion,EX1_597,True,Neutral,,Mark Gibbons,Rare,1,3,5,,Ela gostaria mais do trabalho se conseguisse fazer com que os diabretes parem de mordê-la.,,,
,Classic,Disparo Mortal,Destrua um lacaio inimigo aleatório.,Spell,EX1_617,True,Neutral,,Steve Prescott,Common,,3,,,Precisão não é uma característica muito valorizada entre os mok&sbquo;nathal. Letalidade no entanto está perto do topo.,Hunter,,
Silence,Classic,Dissipação em Massa,<b>Silencie</b> todos os lacaios inimigos. Compre um card.,Spell,EX1_626,True,,,Sean O&sbquo;Daniels,Rare,,4,,,Ela dissipa bônus poderes esperanças e sonhos.,Priest,,
Silence,Classic,Dissipar,<b>Silencie</b> um lacaio.,Spell,EX1_166b,,Neutral,,,,,,,,,Druid,,
Secret,Classic,Dobradora de Feitiços,<b>Segredo:</b> Quando um inimigo lançar um feitiço em um lacaio evoque um 1/3 para servir de alvo.,Spell,tt_010,True,Neutral,,Gonzalo Ordonez,Epic,,3,,,Apesar de ser divertido interceptar raios inimigos um dobrador de feitiços prefere interceptar Marcas do Indomado. É que parece mais cruel. E os elfos sangrentos... bem eles são meio cruéis.,Mage,,
,Classic,Dobradora de Feitiços,,Minion,tt_010a,,,,,Epic,1,0,3,,,Mage,,
Battlecry,Classic,Draco do Crepúsculo,<b>Grito de Guerra:</b> Receba +1 de Vida para cada card na sua mão.,Minion,EX1_043,True,Neutral,,Jaemin Kim,Rare,4,4,1,Dragon,Dracos do Crepúsculo se alimentam de Energia Mística. E pizza.,,,
,Classic,Draco Esmeralda,,Minion,DREAM_03,,,,,,7,4,6,Dragon,,Dream,,
Battlecry|Spellpower,Classic,Draco Lazúli,<b>+1 de Dano Mágico</b>. <b>Grito de Guerra:</b> Compre um card.,Minion,EX1_284,True,Neutral,,Ben Zhang,Rare,4,5,4,Dragon,Eles na verdade planejavam ser Dracos de Berílio ou Cerúleo mas pareceu pretensioso demais.,,,
,Classic,Dragoleta,Não pode ser alvo de feitiços nem de Poderes Heroicos.,Minion,NEW1_023,True,,,Samwise,Common,3,2,2,Dragon,Adorável. Imune a magia. Não faz xixi no carpete. A mascote perfeita!,,,
,Classic,Dragonete,,Minion,ds1_whelptoken,,Neutral,,,,1,1,1,Dragon,,,,
,Classic,Dragonete,,Minion,EX1_116t,,,,,,1,1,1,Dragon,,,,
,Classic,Druida da Garra,<b>Escolha Um -</b> <b>Investida</b>; ou +2 de Vida e <b>Provocar</b>.,Minion,EX1_165,True,Neutral,,Luca Zontini,Common,4,5,4,,Felino ou Urso? Felino ou Urso?! Eu não consigo ESCOLHER!,Druid,,
Taunt,Classic,Druida da Garra,<b>Provocar</b>,Minion,EX1_165t2,,,,,Common,4,5,6,Beast,,Druid,,
Charge,Classic,Druida da Garra,<b>Investida</b>,Minion,EX1_165t1,,,,,Common,4,5,4,Beast,,Druid,,
Combo,Classic,Edwin VanCleef,<b>Combo:</b> Receba +2/+2 para cada um dos cards jogados antes neste turno.,Minion,EX1_613,True,Neutral,True,Efrem Palacios,Legendary,2,3,2,,Ele liderou os Alvanéis na reconstrução de Ventobravo. Quando os nobres se recusaram a pagar ele fundou a Irmandade Défias para... bem <i>desconstruir</i> Ventobravo.,Rogue,,
Taunt,Classic,Elemental da Terra,<b>Provocar</b>. <b>Sobrecarga:</b> (3),Minion,EX1_250,True,Neutral,,Dan Scott,Epic,7,5,8,,Nada vence pedra.,Shaman,,
Battlecry|Freeze,Classic,Elemental de Gelo,<b>Grito de Guerra:</b> <b>Congele</b> um personagem.,Minion,EX1_283,True,Neutral,,Dan Scott,Common,5,6,5,,Quando um elemental da Água e um elemental Congelante se amam MUITO...,,,
,Classic,Elemental Desvinculado,Sempre que você jogar um card com <b>Sobrecarga</b> receba +1/+1.,Minion,EX1_258,True,Neutral,,Matt Gaser,Common,2,3,4,,Diferente dos elementais vinculados os Desvinculados sempre aproveitam uma noitada na cidade.,Shaman,,
,Classic,Enraizado,+5 de Vida e <b>Provocar</b>.,Enchantment,EX1_178ae,,,,,,,,,,,Druid,,
,Classic,Enraizado,+5 de Vida e <b>Provocar</b>.,Spell,EX1_178a,,Neutral,,,,,,,,,Druid,,
,Classic,Ensinamentos Ancestrais,Compre 2 cards.,Spell,NEW1_008a,,,,,,,,,,,Druid,,
,Classic,Ensinamentos do Kirin Tor,<b>+1 de Dano Mágico</b>.,Enchantment,EX1_584e,,,,,,,,,,,,,
Secret,Classic,Entidade do Espelho,<b>Segredo:</b> Quando seu oponente jogar um lacaio evoque uma cópia dele.,Spell,EX1_294,True,Neutral,,Raven Mimura,Common,,3,,,&bdquo;Você primeiro.&bdquo; — Krush&sbquo;gor o Beemote para o javali de estimação.,Mage,,
,Classic,Equipado,Ataque aumentado.,Enchantment,NEW1_037e,False,,,,,,,,,,,,
AffectedBySpellPower,Classic,Escudada,Cause 1 de dano a um lacaio para cada ponto de Armadura que você tiver.,Spell,EX1_410,True,Neutral,,Raymond Swanland,Epic,,1,,,&bdquo;Qual é a melhor arma? A afiada que os inimigos esperam ou a cega que eles ignoram?&bdquo; — A Arte do Guerreiro capítulo 9,Warrior,,
Divine Shield,Classic,Escudeira Argêntea,<b>Escudo Divino</b>,Minion,EX1_008,True,Alliance,,Zoltan & Gabor,Common,1,1,1,,&bdquo;Juro solenemente defender a Luz livrar o mundo da escuridão e comer somente risole de camarão.&bdquo; — Juramento da Aurora Argêntea,,,
,Classic,Escudeiro,,Minion,CS2_152,,Alliance,,,Common,2,1,2,,,,,
,Classic,Espada da Justiça,Toda vez que você evocar um lacaio conceda-lhe +1/+1 e este item perderá 1 de Durabilidade.,Weapon,EX1_366,True,Neutral,,Efrem Palacios,Epic,1,3,,,Eu o proclamo Sir Tanejo Universitário!,Paladin,,5
,Classic,Espiral Etérea,Destrua todos os lacaios.,Spell,EX1_312,True,Neutral,,Dave Allsop,Epic,,8,,,A Espiral Etérea é um lugar sem forma de magia e ilusão e lacaios destruídos.,Warlock,,
,Classic,Espírito Ancestral,Conceda a um lacaio: &bdquo;<b>Último Suspiro:</b> Evoque este lacaio novamente.&bdquo;,Spell,CS2_038,True,Neutral,,Zoltan & Gabor,Rare,,2,,,Foi só um arranhão.,Shaman,,
,Classic,Espírito Ancestral,<b>Último Suspiro:</b> Evoque este lacaio novamente.,Enchantment,CS2_038e,,,,,,,,,,,Shaman,,
,Classic,Espírito Feral,Evoque dois Lobos Espirituais 2/3 com <b>Provocar</b>. <b>Sobrecarga:</b> (2),Spell,EX1_248,True,Neutral,,Clint Langley,Rare,,3,,,Lobos espirituais são como lobos normais mas com pompons.,Shaman,,
,Classic,Esquilo,,Minion,EX1_tk28,,Neutral,,,Common,1,1,1,Beast,,,,
,Classic,Estouro de Lava,Cause $5 de dano. <b>Sobrecarga:</b> (2),Spell,EX1_241,True,Neutral,,Dan Scott,Rare,,3,,,É como um oceano de magma líquido na sua boca!,Shaman,,
Combo,Classic,Eviscerar,Cause $2 de dano. <b>Combo:</b> Em vez de $2 cause $4 de dano.,Spell,EX1_124,True,Neutral,,Ariel Olivetti,Common,,2,,,Eviscerar seu oponente pode custar caro: Leva muito tempo para tirar as manchas de sangue de armaduras de couro.,Rogue,,
Aura,Classic,Evocadora Diminuta,O primeiro lacaio que você joga a cada turno custa (1) a menos.,Minion,EX1_076,True,Alliance,,Ron Spears,Rare,2,2,2,,Ela sente muita inveja do Evocador Descomunal.,,,
,Classic,Evoque uma Pantera,Evoque uma Pantera 3/2.,Spell,EX1_160a,,Neutral,,,,,,,,,Druid,,
,Classic,Experimentos!,Ataque e Vida foram trocados pelo Alquimista Enlouquecido.,Enchantment,EX1_059e,,,,,,,,,,,,,
Windfury,Classic,Falcodrago Jovem,<b>Fúria dos Ventos</b>,Minion,CS2_169,True,Horde,,Greg Hildebrandt,Common,1,1,1,Beast,Eles foram a inspiração para o time campeão de Taurenbol: Os Falcodracos.,,,
,Classic,Favorecimento Divino,Compre cards até sua mão ficar tão cheia quanto a do oponente.,Spell,EX1_349,True,Neutral,,Lucas Graciano,Rare,,3,,,Não é só um favor é um favor divino. Tipo ajudar alguém a transportar um sofá-cama!,Paladin,,
,Classic,Ferreira de Armaduras,Sempre que um lacaio aliado receber dano receba 1 de Armadura.,Minion,EX1_402,True,Neutral,,Greg Hildebrandt,Rare,1,2,4,,Ela aceita fundos da guilda para consertos!,Warrior,,
Enrage,Classic,Ferreira Rancorosa,<b>Enfurecer:</b> Sua arma tem +2 de Ataque.,Minion,CS2_221,True,Horde,,Justin Sweet,Common,4,5,6,,Ela vai forjar sua espada mas você precisa trazer 5 Lingotes de Aço 3 Particulas de Terra e o escalpo do último cliente dela.,,,
,Classic,Fogo Demoníaco,Cause $2 de dano a um lacaio. Se for um Demônio aliado em vez disso conceda-lhe +2/+2.,Spell,EX1_596,True,Neutral,,Ben Wootten,Common,,2,,,Fogo Demoníaco é como fogo comum só que NUNCA PARA DE QUEIMAR SOCORROOOO!!!,Warlock,,
,Classic,Fogo Demoníaco,Este Demônio tem +2/+2.,Enchantment,EX1_596e,,Neutral,,,Common,,0,,,,Warlock,,
,Classic,Fogo Interior,O Ataque deste lacaio é igual à Vida dele.,Enchantment,CS1_129e,,,,,,,,,,,Priest,,
,Classic,Fogo Interior,Mude o Ataque de um lacaio para ser igual à Vida dele.,Spell,CS1_129,True,Neutral,,Steve Prescott,Common,,1,,,Boa ideia: dar bônus aos seus lacaios. Má ideia: puxar conversa nos Sertões.,Priest,,
,Classic,Fogo Lunar,Cause 2 de dano.,Spell,EX1_166a,,Neutral,,,,,,,,,Druid,,
,Classic,Fogo Sagrado,Cause $5 de dano. Restaure #5 de Vida do seu herói.,Spell,EX1_624,True,,,Miguel Coimbra,Rare,,6,,,Logo depois vem a Fumaça Sagrada!,Priest,,
,Classic,Fogo-fátuo,,Minion,CS2_231,True,Neutral,,Malcolm Davis,Common,1,0,1,,Se você atingir um Lorde Eredar com Fogos-fátuos suficientes ele explode. Mas por quê?,,,
,Classic,Fonte de Luz,No início do seu turno restaure 3 de Vida de um personagem aliado ferido.,Minion,EX1_341,True,Neutral,,Blizzard Entertainment,Rare,0,2,5,,Ainda não está claro se as pessoas ignoram a Fonte de Luz ou se ela é invisível.,Priest,,
,Classic,Força da Matilha,Lobo Hediondo Alfa está concedendo +1 de Ataque a este lacaio.,Enchantment,EX1_162o,,,,,,,,,,,,,
,Classic,Força da Natureza,Evoque três Arvorosos 2/2 com <b>Investida</b> que morrerão no fim do turno.,Spell,EX1_571,True,Neutral,,Trevor Jacobs,Epic,,6,,,&bdquo;Acho que vou cochilar embaixo dessa árvore. Espera... AAAHHHH!&bdquo; — Piscaxispa o Gnomo Azarado,Druid,,
,Classic,Força Total,Este lacaio tem +2 de Ataque.,Enchantment,CS2_181e,,,,,,,,,,,,,
,Classic,Forma de Felino,<b>Investida</b>,Spell,EX1_165a,,Neutral,,,Common,,,,,,Druid,,
,Classic,Forma de Sombra,Seu Poder Heroico se torna &bdquo;Cause 2 de dano&bdquo;. Se você já estiver em Forma de Sombra: 3 de dano.,Spell,EX1_625,True,,,Alex Horley Orlandelli,Epic,,3,,,Se uma luz brilhante bater em um sacerdote na Forma de Sombra... ele projeta uma sombra?,Priest,,
,Classic,Forma de Urso,+2 de Vida e <b>Provocar</b>.,Spell,EX1_165b,,Neutral,,,Common,,,,,,Druid,,
,Classic,Fortalecido,Vida aumentada.,Enchantment,NEW1_025e,,,,,,,,,,,,,
Enrage,Classic,Frango Nervoso,<b>Enfurecer:</b> +5 de Ataque.,Minion,EX1_009,True,,,Mike Sass,Rare,1,1,1,Beast,Não existe criatura mais assustadora (ou ridícula) que uma galinha totalmente enfurecida.,,,
,Classic,Fúria Sangrenta,,Weapon,EX1_323w,,,,,,3,3,,,,Warlock,,8
,Classic,Fúria Sanguinária,Sem perda de durabilidade.,Enchantment,EX1_411e,,,,,,,,,,,Warrior,,
,Classic,Gigante da Montanha,Custa (1) a menos para cada um dos outros cards na sua mão.,Minion,EX1_105,True,Neutral,,Samwise,Epic,8,12,8,,A mãe dele dizia que ele só tinha ossos grandes.,,,
,Classic,Gigante Derretido,Custa (1) a menos para cada ponto de dano recebido pelo seu herói.,Minion,EX1_620,True,,,Glenn Rane,Epic,8,20,8,,Ele sempre tem uma queimação terrível depois que come... PORQUE ESTÁ CHEIO DE LAVA.,,,
,Classic,Gigante do Mar,Custa (1) a menos para cada um dos outros lacaios no campo de batalha.,Minion,EX1_586,True,Neutral,,Svetlin Velinov,Epic,8,10,8,,Viu? Gigante.,,,
Taunt,Classic,Gnoll,<b>Provocar</b>,Minion,NEW1_040t,,,,,,2,2,2,,,,,
Deathrattle,Classic,Gnomo Leproso,<b>Último Suspiro:</b> Cause 2 de dano ao herói inimigo.,Minion,EX1_029,True,Neutral,,Glenn Rane,Common,2,1,1,,Ele só quer ser seu amigo mas as rejeições constantes estão começando a deixar ele abalado.,,,
Battlecry|Charge,Classic,Golem Arcano,<b>Investida</b>. <b>Grito de Guerra:</b> Conceda um Cristal de Mana ao seu oponente.,Minion,EX1_089,True,Neutral,,Sedhayu Ardian,Rare,4,3,2,,Ter um Golem Arcano em casa deixa tudo mais chique e ainda é um ótimo tópico para conversas.,,,
Deathrattle,Classic,Golem Colheiteiro,<b>Último Suspiro:</b> Evoque um Golem Danificado 2/1.,Minion,EX1_556,True,Neutral,,Brian Despain,Common,2,3,3,Mech,&bdquo;Limite de superaquecimento excedido. Falha de sistema. Obstrução de trigo na porta 2. Desligando.&bdquo;,,,
,Classic,Golem Danificado,,Minion,skele21,,Neutral,,,Common,2,1,1,Mech,,,,
,Classic,Golpe Mortal,Cause $4 de dano. Se você tiver 12 pontos de vida ou menos cause $6 de dano em vez de $4.,Spell,EX1_408,True,Neutral,,Zoltan & Gabor,Rare,,4,,,&bdquo;Se você for usar só uma habilidade use Golpe Mortal.&bdquo; — Código do Guerreiro linha 6,Warrior,,
,Classic,Graça de Eluna,Vida aumentada.,Enchantment,EX1_004e,,,,,,,,,,,,,
Charge|Enrage,Classic,Grommash Grito Infernal,<b>Investida</b><b>Enfurecer:</b> +6 de Ataque.,Minion,EX1_414,True,Neutral,True,Glenn Rane,Legendary,4,8,9,,Grommash bebeu do sangue maculado de Mannoroth amaldiçoando todos os orcs com pele verde e olhos vermelhos! Acho que não foi uma boa decisão.,Warrior,,
,Classic,Gruul,Ao fim de cada turno receba +1/+1.,Minion,NEW1_038,True,,True,Kev Walker,Legendary,7,8,7,,Ele é Gruul o Matador de Dragões. Ele só queria abraçá-los... nunca quis que...,,,
Battlecry|Taunt,Classic,Guarda Vil,<b>Provocar</b>. <b>Grito de Guerra:</b> Destrua um de seus Cristais de Mana.,Minion,EX1_301,True,Neutral,,John Polidora,Rare,3,3,5,Demon,Sim ele lutará por você. MAS ELE NÃO VAI GOSTAR NADA DISSO.,Warlock,,
,Classic,Guardando Segredos,Atributos aumentados.,Enchantment,EX1_080o,,,,,,,,,,,,,
,Classic,Guardiã da Luz,Sempre que um personagem for curado receba +2 de Ataque.,Minion,EX1_001,True,,,Erik Ko,Rare,1,1,2,,Guardiã da Luz Guardiã da Luz. Não sei se tu me amas pra quê tu me seduz?,,,
,Classic,Guardiã de Segredos,Sempre que um <b>Segredo</b> for jogado receba +1/+1.,Minion,EX1_080,True,Alliance,,Gonzalo Ordonez,Rare,1,1,2,,Ela jurou que não ia contar pra ninguém aquilo que você fez ontem com aquela pessoa.,,,
Divine Shield,Classic,Guardião de Luaprata,<b>Escudo Divino</b>,Minion,EX1_023,True,Horde,,Phroilan Gardner,Common,3,4,3,,Da primeira vez que tentaram proteger Luaprata contra o Flagelo as coisas não acabaram muito bem...,,,
,Classic,Guardião do Bosque,<b>Escolha Um</b> - Cause 2 de dano; ou <b>Silencie</b> um lacaio.,Minion,EX1_166,True,Neutral,,Gabor Szikszai,Rare,2,4,4,,O cara aparece do nada e começa a guardar seu bosque sem nem perguntar nem nada.,Druid,,
Taunt,Classic,Guardião Mogu&sbquo;shan,<b>Provocar</b>,Minion,EX1_396,True,Neutral,,Cole Eastburn,Common,1,4,7,,Esses caras só sabem falar sobre o Rei Trovão. CHAAAATOOOO!,,,
Enrage|Taunt,Classic,Guerreiro Tauren,<b>Provocar</b>. <b>Enfurecer:</b> +3 de Ataque.,Minion,EX1_390,True,Neutral,,Paul Warzecha,Common,2,3,3,,Guerreiro Tauren: Campeão de Mulgore Matador de Javatuscos Passageiro dos Elevadores do Penhasco do Trovão.,,,
Windfury,Classic,Harpia Ventofúria,<b>Fúria dos Ventos</b>,Minion,EX1_033,True,Alliance,,Luke Mancini,Common,4,6,5,,Harpias não têm uma voz bonita. É o jeito mais educado de dizer.,,,
Battlecry,Classic,Harrison Jones,<b>Grito de Guerra:</b> Destrua a arma de seu oponente e compre o mesmo número de cards que a durabilidade da arma.,Minion,EX1_558,True,Neutral,True,Matt Dixon,Legendary,5,5,4,,&bdquo;Isso pertence ao Salão dos Exploradores!&bdquo;,,,
,Classic,Hiena,,Minion,EX1_534t,,,,Andrew Robinson,Rare,2,2,2,Beast,,Hunter,,
,Classic,Hiena Carniceira,Sempre que uma Fera aliada morrer receba +2/+1.,Minion,EX1_531,True,,,Jim Nelson,Common,2,2,2,Beast,Hienas preferem carne de kodo ou de serpentes aladas mas elas comem basicamente de tudo. Até jiló.,Hunter,,
,Classic,Hogger,No final do seu turno evoque um Gnoll 2/2 com <b>Provocar</b>.,Minion,NEW1_040,True,,True,Laurel D. Austin,Legendary,4,6,4,,Hogger é superpoderoso. Se conseguir matá-lo foi porque ele <i>deixou</i>.,,,
,Classic,Hora do Crepúsculo,Vida aumentada.,Enchantment,EX1_043e,,,,,,,,,,,,,
,Classic,Iaar!,Capitão dos Mares do Sul está concedendo +1/+1.,Enchantment,NEW1_027e,,,,,,,,,,,,,
,Classic,Ignimpacto,Cause $10 de dano.,Spell,EX1_279,True,Neutral,,Luca Zontini,Epic,,10,,,Prepare uma risada maligna para quando comprar este card.,Mage,,
,Classic,Igualdade,Vida mudada para 1.,Enchantment,EX1_619e,,,,,,,,,,,Paladin,,
,Classic,Igualdade,Mude a Vida de TODOS os lacaios para 1.,Spell,EX1_619,True,Neutral,,Michal Ivan,Rare,,2,,,Somos todos flocos de neve únicos... com 1 de Vida.,Paladin,,
,Classic,Illidan Tempesfúria,Sempre que você jogar um card evoque uma Labareda de Azzinoth 2/1.,Minion,EX1_614,True,Neutral,True,Alex Horley Orlandelli,Legendary,7,6,5,Demon,O irmão de Illidan Malfurion o aprisionou sob Hyjal por dez mil anos. Os Tempesfúria sabem guardar rancor.,,,
,Classic,Impor as Mãos,Restaure #8 de Vida. Compre 3 cards.,Spell,EX1_354,True,Neutral,,Raymond Swanland,Epic,,8,,,Um salva-vidas gramaticalmente inadequado.,Paladin,,
Battlecry,Classic,Impositor do Templo,<b>Grito de Guerra:</b> Conceda +3 de Vida a um lacaio aliado.,Minion,EX1_623,True,,,Daren Bader,Common,6,6,6,,Ele também trabalha como segurança nas noites de quinta na Taberna do Javatusco Saltitante.,Priest,,
,Classic,Infernal,,Minion,EX1_tk34,,Neutral,,,Common,6,6,6,Demon,,Warlock,,
,Classic,INFERNO!,<b>Poder Heroico</b>Evoque um Infernal 6/6.,Hero Power,EX1_tk33,,Neutral,,,,,2,,,,Warlock,,
Stealth,Classic,Infiltrador Worgen,<b>Furtividade</b>,Minion,EX1_010,True,Alliance,,Raymond Swanland,Common,2,1,1,,Se quiser impedir um worgen de se infiltrar é só gritar: &bdquo;Não! Cachorro feio!&bdquo;,,,
,Classic,Infusão,+3 de Vida.,Enchantment,EX1_623e,,,,,,,,,,,Priest,,
,Classic,Insanidade Sombria,Assuma o controle de um lacaio inimigo com 3 ou menos de Ataque até o final do turno.,Spell,EX1_334,True,Neutral,,Mark Gibbons,Rare,,4,,,Pode tentar racionalizar o quanto quiser você é malvado por fazer isso.,Priest,,
,Classic,Ira,Cause $3 de dano a um lacaio.,Spell,EX1_154a,,Neutral,,,,,,,,,Druid,,
,Classic,Ira,Cause $1 de dano a um lacaio. Compre um card.,Spell,EX1_154b,,Neutral,,,,,,,,,Druid,,
,Classic,Ira,<b>Escolha Um</b> - Cause $3 de dano a um lacaio; ou cause $1 de dano e compre um card.,Spell,EX1_154,True,Neutral,,Raymond Swanland,Common,,2,,,O boato na Estalagem da Vila Catraca é de que esse card é bom demais e deveria ser lendário.,Druid,,
,Classic,Ira Bestial,Conceda +2 de Ataque e <b>Imunidade</b> a uma Fera aliada neste turno.,Spell,EX1_549,True,Neutral,,Alex Horley Orlandelli,Epic,,1,,,A ira fervilhante está logo abaixo da superfície. Abaixo dela fica o abandono selvagem seguido por uma ligeira irritação.,Hunter,,
OneTurnEffect,Classic,Ira Bestial,+2 de Ataque e <b>Imunidade</b> neste turno.,Enchantment,EX1_549o,,,,,,,,,,,Hunter,,
,Classic,Ira de Batalha,Compre um card para cada personagem aliado ferido.,Spell,EX1_392,True,Neutral,,Alex Horley Orlandelli,Common,,2,,,&bdquo;Você não vai gostar se eu me zangar.&bdquo;,Warrior,,
,Classic,Ira Sagrada,Compre um card e cause dano equivalente ao custo dele.,Spell,EX1_365,True,Neutral,,Justin Sweet,Rare,,5,,,Vamos lá Gigante Derretido!,Paladin,,
ImmuneToSpellpower,Classic,Ira Vingativa,Cause $8 de dano dividido aleatoriamente entre os personagens inimigos.,Spell,EX1_384,True,Neutral,,Alex Garner,Epic,,6,,,Bam! Bam! Bam! Bam! Bam! Bam! Bam! Bam! Bam!,Paladin,,
,Classic,Irmã Risonha,Não pode ser alvo de feitiços nem de Poderes Heroicos.,Minion,DREAM_01,,,,,,3,3,5,,,Dream,,
,Classic,Jogos Mentais,Coloque uma cópia de um lacaio aleatório do deck do oponente no campo de batalha.,Spell,EX1_345,True,Neutral,,Zoltan & Gabor,Epic,,4,,,Às vezes parece que tudo isso é um jogo.,Priest,,
,Classic,Jonas Tiragosto,,Minion,EX1_finkle,,Neutral,True,,Legendary,3,2,3,,,,,
Deathrattle,Classic,Jubalta da Savana,<b>Último Suspiro:</b> Evoque duas Hienas 2/2.,Minion,EX1_534,True,,,Milivoj Ceran,Rare,6,6,5,Beast,Hoje à noite aqui na selva as hienas comem o leããããão.,Hunter,,
,Classic,Justiça Feita,Tem +1/+1.,Enchantment,EX1_366e,,,,,,,,,,,Paladin,,
Battlecry,Classic,Kodo em Disparada,<b>Grito de Guerra:</b> Destrua um lacaio inimigo aleatório com 2 ou menos de Ataque.,Minion,NEW1_041,True,,,Daren Bader,Rare,3,5,5,Beast,Esse Kodo é tão imenso que consegue atropelar a <i>si mesmo</i>.,,,
,Classic,Labareda de Azzinoth,,Minion,EX1_614t,,,,,,2,1,1,,,,,
Battlecry|Combo,Classic,Lâmina da Perdição,<b>Grito de Guerra:</b> Cause 1 de dano. <b>Combo:</b> Em vez de 1 cause 2 de dano.,Weapon,EX1_133,True,Neutral,,Daren Bader,Rare,2,3,,,A Lâmina da Perdição é a arma reserva de Ragnaros enquanto Sulfuras está na loja.,Rogue,,2
Freeze,Classic,Lança de Gelo,<b>Congele</b> um personagem. Se ele já estiver <b>Congelado</b> cause $4 de dano.,Spell,CS2_031,True,Neutral,,Alex Horley Orlandelli,Common,,1,,,O truque é não quebrar a lança. Senão você vai ter &bdquo;Pedaços de Gelo&bdquo;. Pedaços de gelo não são tão eficazes.,Mage,,
Battlecry|Charge,Classic,Leeroy Jenkins,<b>Investida</b>. <b>Grito de Guerra:</b> Evoque dois Dragonetes 1/1 para o seu oponente.,Minion,EX1_116,True,Alliance,True,Gabe from Penny Arcade,Legendary,6,5,2,,Pelo menos ele tem um Frango Nervoso.,,,
,Classic,Leiloeiro de Geringontzan,Ao lançar um feitiço compre um card.,Minion,EX1_095,True,Neutral,,Matt Dixon,Rare,4,6,4,,Ele costumava gerenciar a casa de leilões do mercado negro mas a violência foi aumentando e ele teve que mudar de negócio.,,,
,Classic,Lição de Shan&sbquo;do,Evoque dois Arvorosos 2/2 com <b>Provocar</b>.,Spell,EX1_573b,,Neutral,,,,,,,,,Druid,,
Combo,Classic,Líder Défias,<b>Combo:</b> Evoque um Bandido Défias 2/1.,Minion,EX1_131,True,Neutral,,Dany Orizio,Common,2,2,2,,Ele roubou a escritura da cidade há muitos anos então tecnicamente a cidade <i>é</i> dele. Ele só chama o pessoal de verme pra ser malvado mesmo.,Rogue,,
,Classic,Líder do Bando,+1/+1,Enchantment,EX1_160be,,,,,,,,,,,Druid,,
,Classic,Líder do Bando,Conceda +1/+1 aos seus lacaios.,Spell,EX1_160b,,Neutral,,,,,,,,,Druid,,
Aura,Classic,Líder Guerreiro Murloc,TODOS os outros Murlocs têm +2/+1.,Minion,EX1_507,True,Neutral,,Tim McBurnie,Epic,3,3,3,Murloc,Os murlocs não enjoam de ficar fazendo sempre o mesmo som? Não! Mrglglrglglglglglglgl!,,,
Taunt,Classic,Lobo Espiritual,<b>Provocar</b>,Minion,EX1_tk11,,Neutral,,,Rare,2,2,3,,,Shaman,,
AdjacentBuff|Aura,Classic,Lobo Hediondo Alfa,Lacaios adjacentes têm +1 de Ataque.,Minion,EX1_162,True,Neutral,,John Dickenson,Common,2,2,2,Beast,Estamos bem animados com o lançamento do Lobo Hediondo Beta. É só compartilhar esta mensagem para concorrer a uma chave.,,,
Battlecry,Classic,Lorde Abissal,<b>Grito de Guerra:</b> Cause 5 de dano ao seu herói.,Minion,EX1_313,True,Neutral,,Glenn Rane,Epic,5,4,6,Demon,Mannoroth Magtheridon e Brutallus podem estar mortos mas parece que existem MUITOS lordes abissais.,Warlock,,
Battlecry,Classic,Lorde Jaraxxus,<b>Grito de Guerra:</b> Destrua seu herói e substitua-o por Lorde Jaraxxus.,Minion,EX1_323,True,,True,Alex Horley Orlandelli,Legendary,3,9,15,Demon,&bdquo;GNOMO INSIGNIFICANTE! TANTA ARROGÂNCIA SERÁ SUA RUÍNA!&bdquo;,Warlock,,
,Classic,Lorde Jaraxxus,,Hero,EX1_323h,,Neutral,,,Legendary,0,0,15,Demon,,Warlock,,
,Classic,Louco por Tesouro,Ataque aumentado.,Enchantment,NEW1_018e,,,,,,,,,,,,,
,Classic,Machado de Batalha,,Weapon,EX1_398t,,,,,,2,1,,,,Warrior,,2
,Classic,Machado Pesado,,Weapon,EX1_409t,,,,,,1,1,,,,Warrior,,3
,Classic,Machado Tempestuoso,<b>Sobrecarga:</b> (1),Weapon,EX1_247,True,Neutral,,Nate Bowden,Common,2,2,,,Que machado legal cara.,Shaman,,3
Battlecry,Classic,Maga do Kirin Tor,<b>Grito de Guerra:</b> O próximo <b>Segredo</b> que você lançar neste turno custará (0).,Minion,EX1_612,True,Neutral,,Popo Wei,Rare,4,3,3,,A sede do Kirin Tor fica na cidade flutuante de Dalaran. Como é que ela flutua? Será que usam balões? Balões nunca são uma boa ideia.,Mage,,
Battlecry,Classic,Mago Ancião,<b>Grito de Guerra:</b> Conceda <b>+1 de Dano Mágico</b> aos lacaios adjacentes.,Minion,EX1_584,True,Neutral,,Howard Lyon,Rare,2,4,5,,Às vezes ele esquece e simplesmente vai para o jogo dos outros.,,,
Deathrattle|Spellpower,Classic,Mago Sangrento Thalnos,<b>+1 de Dano Mágico</b>. <b>Último Suspiro:</b> Compre um card.,Minion,EX1_012,True,Neutral,True,Alex Horley Orlandelli,Legendary,1,2,1,,Ele é o responsável pela campanha de doação de sangue anual do Monastério Escarlate!,,,
,Classic,Malabarista de Facas,Depois de evocar um lacaio cause 1 de dano a um inimigo aleatório.,Minion,NEW1_019,True,,,Matt Cavotta,Rare,3,2,2,,Malabaristas de Facas ambiciosos às vezes são promovidos a Malabaristas de Bombas. Mas eles nunca sobrevivem o suficiente para colocar isso num cartão de visitas.,,,
Spellpower,Classic,Malygos,<b>+5 de Dano Mágico</b>,Minion,EX1_563,True,Neutral,True,Michael Komarck,Legendary,4,9,12,Dragon,Malygos odeia quando mortais usam magia. Odeia!,,,
Battlecry,Classic,Manipulador Sem-rosto,<b>Grito de Guerra:</b> Escolha um lacaio e torne-se uma cópia dele.,Minion,EX1_564,True,Neutral,,Raymond Swanland,Epic,3,5,3,,Os Sem-rosto são servos de Yogg-Saron e eles se alimentam de medo. Neste momento eles estão se alimentando do seu medo de desencantar acidentalmente todos os cards bons.,,,
,Classic,Mão de Argus,+1/+1 e <b>Provocar</b>.,Enchantment,EX1_093e,,,,,,,,,,,,,
,Classic,Marca da Natureza,+4 de Vida e <b>Provocar</b>.,Spell,EX1_155b,,Neutral,,,,,,,,,Druid,,
,Classic,Marca da Natureza,+4 de Ataque,Spell,EX1_155a,,Neutral,,,,,,,,,Druid,,
,Classic,Marca da Natureza,Este lacaio tem +4 de Ataque.,Enchantment,EX1_155ae,,,,,,,,,,,Druid,,
,Classic,Marca da Natureza,<b>Escolha Um</b> - Conceda +4 de Ataque a um lacaio; ou +4 de Vida e <b>Provocar</b>.,Spell,EX1_155,True,Neutral,,Clint Langley,Common,,3,,,Os druidas chamam de &bdquo;Marca da Natureza&bdquo;. Todos os outros chamam de &bdquo;precisa de um banho&bdquo;.,Druid,,
,Classic,Marca da Natureza,Este lacaio tem +4 de Vida e <b>Provocar</b>.,Enchantment,EX1_155be,,,,,,,,,,,Druid,,
Windfury,Classic,Martelo da Perdição,<b>Fúria dos Ventos Sobrecarga:</b> (2),Weapon,EX1_567,True,Neutral,,John Polidora,Epic,2,5,,,Orgrim Martelo da Perdição deu sua arma lendária para Thrall. O nome dele é só uma coincidência.,Shaman,,8
,Classic,Marujo dos Mares do Sul,Tem <b>Investida</b> enquanto você tiver uma arma equipada.,Minion,CS2_146,True,Alliance,,Dan Brereton,Common,2,1,1,Pirate,A nova moda dos piratas é uma música que fala &bdquo;Olha a onda!&bdquo;,,,
,Classic,Mate o Millhouse!,Feitiços custam (0) neste turno!,Enchantment,NEW1_029t,,,,,Legendary,,,,,,,,
Aura,Classic,Mercenário da Emp. S.A.,Seus lacaios custam (3) a mais.,Minion,CS2_227,True,Horde,,John Polidora,Common,7,5,6,,Nenhum trabalho é grande demais. Nenhum preço é alto demais.,,,
,Classic,Mestra do Culto,Quando um de seus outros lacaios morrer compre um card.,Minion,EX1_595,True,Neutral,,Raymond Swanland,Common,4,4,2,,Ela pode ser uma mestra do culto maligna mas liga para os pais uma vez por semana.,,,
,Classic,Mestre Armeiro,No fim do seu turno conceda +1 de Ataque a outro lacaio aliado aleatório.,Minion,NEW1_037,True,,,E.M. Gist,Rare,1,2,3,,Ele está tentando forjar um machado-mangual atualmente mas todos os outros armeiros dizem que é impossível.,,,
Battlecry,Classic,Mestre Cervejeiro Ancião,<b>Grito de Guerra:</b> Devolva um lacaio aliado do campo de batalha à sua mão.,Minion,EX1_057,True,Alliance,,Bernie Kang,Common,5,4,4,,Muitos pandarens dizem que esta bebida tem gosto de iaque. Mas aparentemente isso é um elogio.,,,
Battlecry,Classic,Mestre Cervejeiro Jovem,<b>Grito de Guerra:</b> Devolva um lacaio aliado do campo de batalha à sua mão.,Minion,EX1_049,True,Alliance,,Wei Wang,Common,3,2,2,,Sua alegria juvenil nem sempre equivale a cervejas boas. Não beba a Stout Mogu!,,,
Battlecry,Classic,Mestre de Espadas Ferido,<b>Grito de Guerra:</b> Cause 4 de dano a ELE MESMO.,Minion,CS2_181,True,Horde,,Samwise,Rare,4,3,7,,Ele diz que é um ferimento de guerra antigo mas nós achamos que ele só se cortou fazendo a barba.,,,
Battlecry,Classic,Mestre dos Disfarces,<b>Grito de Guerra:</b> Conceda <b>Furtividade</b> a um lacaio aliado.,Minion,NEW1_014,True,,,Ron Spencer,Rare,4,4,4,,Na verdade ela é um tauren. O pessoal não chama ele de &bdquo;Mestre dos Disfarces&bdquo; à toa.,Rogue,,
Battlecry,Classic,Mestre-faz-tudo Superchispa,<b>Grito de Guerra:</b> Transforme outro lacaio aleatório em um Demossauro 5/5 ou em um Esquilo 1/1.,Minion,EX1_083,True,Alliance,True,Tom Baxa,Legendary,3,3,3,,O Mestre-faz-tudo Superchispa quase perdeu sua licença de Mestre-faz-tudo depois da Grande Debandada de Esquilos de Altaforja do ano 9.,,,
Battlecry,Classic,Millhouse Manavento,<b>Grito de Guerra:</b> Feitiços inimigos custam (0) no próximo turno.,Minion,NEW1_029,True,,True,Jim Nelson,Legendary,4,2,4,,Vou te deixar em brasa coisa fofa!,,,
OneTurnEffect,Classic,Morder,+4 de Ataque neste turno.,Enchantment,EX1_570e,,,,,,,,,,,,,
,Classic,Morder,Conceda +4 de Ataque ao seu herói neste turno e 4 de Armadura.,Spell,EX1_570,True,Neutral,,Tom Baxa,Rare,,4,,,Mastigue sua comida!,Druid,,
,Classic,Moreia de Mana,Sempre que você lançar um feitiço receba +1 de Ataque.,Minion,NEW1_012,True,,,Blizzard Cinematics,Common,1,1,3,,Essas moreias se alimentam de energias arcanas. Apesar de serem geralmente consideradas antes um incômodo que uma ameaça real é melhor não deixá-las sozinhas perto de um balde de mana.,Mage,,
,Classic,Mrgglaargl!,Líder Guerreiro Murloc está concedendo +2/+1.,Enchantment,EX1_507e,,,,,,,,,,,,,
,Classic,Mrghlglhal,+2 de Vida.,Enchantment,EX1_103e,,,,,,,,,,,,,
Poisonous,Classic,Naja Imperatriz,Destrua qualquer lacaio atingido por este lacaio.,Minion,EX1_170,True,Neutral,,Lars Grant-West,Rare,2,3,3,Beast,A Bacia Sholazar é o lar de várias coisas terríveis. Se você pretende fazer uma visita não esqueça o repelente. E a armadura de placas.,,,
,Classic,Nat Pagle,No início do seu turno você tem 50% de chance de comprar um card extra.,Minion,EX1_557,True,Neutral,True,Steve Prescott,Legendary,0,2,4,,Nat Pagle o melhor pescador de Azeroth! Ele inventou a Auto-vara de Pescar 3000 a Vara Estendida 3000 e a Roboísca 2099 (ainda na fase de testes).,,,
,Classic,Naturalizar,Destrua um lacaio. Seu oponente compra dois cards.,Spell,EX1_161,True,Neutral,,Leo Che,Common,,1,,,Mais um beija a lona.,Druid,,
Freeze,Classic,Nevasca,Cause $2 de dano a todos os lacaios inimigos e <b>Congele</b>-os.,Spell,CS2_028,True,Neutral,,Chris Seaman,Rare,,6,,,Este feitiço pode ser bastente Divertido.,Mage,,
,Classic,Nozdormu,Os jogadores só tem 15 segundos para terminarem seus turnos.,Minion,EX1_560,True,Neutral,True,James Ryman,Legendary,8,9,8,Dragon,Hora de escrever uma descrição.,,,
,Classic,Nutrir,<b>Escolha Um</b> - Receba 2 Cristais de Mana; ou Compre 3 cards.,Spell,EX1_164,True,Neutral,,Terese Nielsen,Rare,,5,,,Os druidas podem se nutrir de várias maneiras: com o poder da natureza com o cantarolar das aves com um bolo de chocolate.,Druid,,
,Classic,Nutrir,Compre 3 cards.,Spell,EX1_164b,,Neutral,,,,,,,,,Druid,,
,Classic,Nutrir,Receba 2 Cristais de Mana.,Spell,EX1_164a,,Neutral,,,,,,,,,Druid,,
Battlecry,Classic,O Cavaleiro Negro,<b>Grito de Guerra:</b> Destrua um lacaio inimigo com <b>Provocar</b>.,Minion,EX1_002,True,,True,Alex Horley Orlandelli,Legendary,4,6,5,,Ele foi enviado pelo Lich Rei para atrapalhar o Torneio Argênteo. Podemos dizer que ele falhou miseravelmente.,,,
,Classic,Ocultar,Conceda <b>Furtividade</b> aos seus lacaios até o próximo turno.,Spell,EX1_128,True,Neutral,,Steve Hui,Common,,1,,,Os Ladinos escondem tudo menos suas emoções. Eles não sabem calar a boca quando começam a falar dos sentimentos.,Rogue,,
,Classic,Oculto,Furtivo até seu próximo turno.,Enchantment,EX1_128e,,,,,,,,,,,Rogue,,
Secret,Classic,Olho por Olho,<b>Segredo:</b> Quando o seu herói receber dano cause a mesma quantidade de dano ao herói inimigo.,Spell,EX1_132,True,Neutral,,James Ryman,Common,,1,,,A justiça às vezes toma a forma de um punho fechado numa fuça delicada.,Paladin,,
Battlecry,Classic,Onyxia,<b>Grito de Guerra:</b> Evoque Dragonetes 1/1 até seu lado do campo de batalha estar cheio.,Minion,EX1_562,True,Neutral,True,Dany Orizio,Legendary,8,9,8,Dragon,Onyxia manipulou por muito tempo a Corte de Ventobravo disfarçada de Lady Katrana Prestor. Era de se imaginar que as asas e escamas gigantescas seriam notadas não?,,,
Battlecry,Classic,Oráculo da Luz Fria,<b>Grito de Guerra:</b> Cada jogador compra 2 cards.,Minion,EX1_050,True,Neutral,,Steve Prescott,Rare,2,3,2,Murloc,Eles conseguem prever o futuro. No futuro os dois jogadores comprarão mais cards. Sinistro!,,,
Battlecry,Classic,Pacificador Aldor,<b>Grito de Guerra:</b> Mude o Ataque de um lacaio inimigo para 1.,Minion,EX1_382,True,Neutral,,Dany Orizio,Rare,3,3,3,,Os Aldor odeiam duas coisas: os Áugures e smooth jazz.,Paladin,,
,Classic,Pacto de Sangue,Vida aumentada.,Enchantment,CS2_059o,,,,,,,,,,,Warlock,,
,Classic,Pantera,,Minion,EX1_160t,,,,,Common,3,2,2,Beast,,Druid,,
Stealth,Classic,Pantera da Selva,<b>Furtividade</b>,Minion,EX1_017,True,Horde,,Jaemin Kim,Common,4,3,2,Beast,A Selva do Espinhaço é um lugar lindo para se visitar mas você não gostaria de morar lá.,,,
,Classic,Passo Furtivo,Devolva um lacaio aliado à sua mão. Ele custa (2) a menos.,Spell,EX1_144,True,Neutral,,Graven Tung,Common,,0,,,Trupes de dançarinos ladinos às vezes dão um Passo Furtivo no fim se sua dança. O público adora.,Rogue,,
,Classic,Pesadelo,Conceda +5/+5 a um lacaio. No início do próximo turno destrua-o.,Spell,DREAM_05,,,,,,,0,,,,Dream,,
,Classic,Pesadelo,Este lacaio tem +5/+5 mas será destruído em breve.,Enchantment,DREAM_05e,,,,,,,,,,,,,
,Classic,Piromante Selvagem,Depois de lançar um feitiço cause 1 de dano a TODOS os lacaios.,Minion,NEW1_020,True,,,Alex Horley Orlandelli,Rare,3,2,2,,BUM! HAHAHA BUUUUM!!! MAU É BOM!!! ANARQUIAAAAA!,,,
,Classic,Poder Bruto!,Atributos aumentados.,Enchantment,EX1_274e,,,,,,,,,,,Mage,,
,Classic,Poder da Selva,<b>Escolha Um</b> - Conceda +1/+1 aos seus lacaios ou evoque uma Pantera 3/2.,Spell,EX1_160,True,Neutral,,Steve Tappin,Common,,2,,,Nunca olhe uma pantera nos olhos. Ou é &bdquo;Sempre olhe uma pantera nos olhos&bdquo;? Bom é um desses dois.,Druid,,
OneTurnEffect,Classic,Poder do Kirin Tor,Seu próximo Segredo custará (0).,Enchantment,EX1_612o,,,,,,,,,,,Mage,,
,Classic,Poder Esmagador,Este lacaio tem +4/+4 mas morrerá de forma horrível no fim do turno.,Enchantment,EX1_316e,,Neutral,,,,,,,,,Warlock,,
,Classic,Poder Esmagador,Conceda +4/+4 a um lacaio aliado até o fim do turno. Depois ele morre. Uma morte horrível.,Spell,EX1_316,True,Neutral,,Tom Baxa,Common,,1,,,Não conseguimos nem descrever a morte dele de tão horrível. É BIZARRO de ruim! Talvez ainda pior. Não faça isso.,Warlock,,
Aura,Classic,Portal de Evocação,Seus lacaios custam (2) a menos mas nunca menos de (1).,Minion,EX1_315,True,Neutral,,Tyler Walpole,Common,0,4,4,,NÃO MENOS QUE 1! Não seja espertinho!,Warlock,,
OneTurnEffect,Classic,Potencializado,Viciada em Mana tem o Ataque aumentado.,Enchantment,EX1_055o,,,,,,,,,,,,,
,Classic,Precisa ser afiado,Ataque diminuído.,Enchantment,EX1_411e2,,,,,,,,,,,Warrior,,
OneTurnEffect,Classic,Preparação,O próximo feitiço que você lançar neste turno custará (3) a menos.,Enchantment,EX1_145o,,,,,,,,,,,Rogue,,
,Classic,Preparação,O próximo feitiço que você lançar neste turno custará (3) a menos.,Spell,EX1_145,True,Neutral,,Clint Langley,Epic,,0,,,&bdquo;Esteja preparado.&bdquo; — Lema Ladino,Rogue,,
,Classic,Presente de Semideus,Conceda aos seus outros lacaios +2/+2.,Spell,EX1_573a,,Neutral,,,,,,,,,Druid,,
,Classic,Presente de Semideus,+2/+2.,Enchantment,EX1_573ae,,Neutral,,,,,,,,,Druid,,
,Classic,Professora Violeta,Sempre que lançar um feitiço evoque um Aprendiz Violeta 1/1.,Minion,NEW1_026,True,,,James Ryman,Rare,3,4,5,,Se você não prestar atenção pode acabar sendo transformado em um porco. E depois ter seu nome escrito no quadro negro.,,,
,Classic,Profeta Velen,Dobre o dano e a cura dos seus feitiços e Poder Heroico.,Minion,EX1_350,True,Neutral,True,Wei Wang,Legendary,7,7,7,,Ele foi exilado de casa e todos os seus irmãos ficaram maus mas fora isso ele não tem do que reclamar.,Priest,,
,Classic,Protegido,Ataque aumentado.,Enchantment,EX1_001e,,,,,,,,,,,,,
Battlecry,Classic,Protetor Argênteo,<b>Grito de Guerra:</b> Conceda <b>Escudo Divino</b> a um lacaio aliado.,Minion,EX1_362,True,Neutral,,Doug Alexander,Common,2,2,2,,&bdquo;Não estou dizendo que você pode desviar de bolas de fogo. Mas com este escudo você não vai precisar.&bdquo;,Paladin,,
Battlecry,Classic,Protetora Solfúria,<b>Grito de Guerra:</b> Conceda <b>Provocar</b> aos lacaios adjacentes.,Minion,EX1_058,True,Alliance,,James Ryman,Rare,2,2,3,,Ela carrega um escudo mas só pra poder entregar pra outra pessoa e ficar atrás dela.,,,
Combo,Classic,Quebra-crânio,Cause $2 de dano ao herói inimigo. <b>Combo:</b> Devolva este card à sua mão no próximo turno.,Spell,EX1_137,True,Neutral,,James Zhang,Rare,,3,,,Quando tudo o mais falha nada supera uma pancada rápida na cabeça.,Rogue,,
Battlecry,Classic,Quebra-feitiço,<b>Grito de Guerra:</b> <b>Silencie</b> um lacaio.,Minion,EX1_048,True,Horde,,Matt Cavotta,Common,4,4,3,,Quebra-feitiços podem eliminar encantamentos de manipuladores de magia. Não há dor no processo e pode ser executado em um ambulatório.,,,
,Classic,Ragnaros o Senhor do Fogo,Não pode atacar. No final do seu turno cause 8 de dano a um inimigo aleatório.,Minion,EX1_298,True,Neutral,True,Greg Staples,Legendary,8,8,8,,Ragnaros foi evocado pelos anões Ferro Negro que acabaram sendo escravizados pelo Senhor do Fogo. Evocar Ragnaros raramente funciona como você gostaria.,,,
,Classic,Raio,Cause $3 de dano. <b>Sobrecarga:</b> (1),Spell,EX1_238,True,Neutral,,Daarken,Common,,1,,,Raio! Raio! Raios!,Shaman,,
,Classic,Raio Bifurcado,Cause $2 de dano a 2 lacaios inimigos aleatórios. <b>Sobrecarga:</b> (2),Spell,EX1_251,True,Neutral,,Ralph Horsley,Common,,1,,,É praticamente dois por um né?,Shaman,,
,Classic,Raiva Interior,Cause $1 de dano a um lacaio e conceda-lhe +2 de Ataque.,Spell,EX1_607,True,Neutral,,Slawomir Maniak,Common,,0,,,Eles só aparentam estar sorrindo.,Warrior,,
,Classic,Raiva Interior,+2 de Ataque.,Enchantment,EX1_607e,,,,,,,,,,,Warrior,,
AffectedBySpellPower,Classic,Rajada de Lâminas,Destrua sua arma e cause o dano dela a todos os inimigos.,Spell,CS2_233,True,Neutral,,Hideaki Takamura,Rare,,2,,,&bdquo;Olha não é só ficar balançando adagas de um lado pro outro bem rápido. É bem mais complicado que isso.&bdquo; - Shan Instrutor de Ladinos,Rogue,,
Taunt,Classic,Rastejante do Pântano,<b>Provocar</b>,Minion,CS1_069,True,Alliance,,Monica Langlois,Common,3,5,6,,Ele costumava ser chamado de Fera do Brejo mas isso confundia as pessoas porque não era uma fera de verdade. Bum! Novo nome!,,,
Windfury,Classic,Redemoinho de Poeira,<b>Fúria dos Ventos</b>. <b>Sobrecarga:</b> (2),Minion,EX1_243,True,Neutral,,Raymond Swanland,Common,3,1,1,,O Cerro Oeste é cheio de redemoinhos de poeira. E urubus. E golens enlouquecidos. E piratas. Por que ainda tem gente morando lá?,Shaman,,
Secret,Classic,Redenção,<b>Segredo:</b> Quando um de seus lacaios morrer reviva-o com 1 de Vida.,Spell,EX1_136,True,Neutral,,Ittoku,Common,,1,,,Essa história de &bdquo;redenção&bdquo; é ok mas &bdquo;denção&bdquo; é o quê mesmo?,Paladin,,
Secret,Classic,Redirecionar,<b>Segredo:</b> Quando um personagem tentar atacar o seu herói ele atacará outro personagem aleatório.,Spell,EX1_533,True,Neutral,,Daren Bader,Rare,,2,,,Às vezes é tão fácil que basta um bigode falso e o dedo em riste na direção de alguém.,Hunter,,
Charge,Classic,Rei Mó,<b>Investida</b>,Minion,EX1_543,True,Neutral,True,Alex Horley Orlandelli,Legendary,8,9,8,Beast,A melhor defesa contra o Rei Mó é botar alguém de quem você não gosta na sua frente.,Hunter,,
Battlecry,Classic,Rei Mukla,<b>Grito de Guerra:</b> Conceda 2 Bananas ao seu oponente.,Minion,EX1_014,True,,True,Sunny Gho,Legendary,5,3,5,Beast,O Rei Mukla vaga pela Ilha Jaguara em busca do amor.,,,
,Classic,Roubo de Pensamentos,Copie 2 cards do deck do oponente e ponha-os na sua mão.,Spell,EX1_339,True,Neutral,,Alex Garner,Common,,3,,,&bdquo;O que acontece quando você lança Roubo de Pensamentos em um orc? Nada!&bdquo; — Piada tauren.,Priest,,
OneTurnEffect,Classic,Rugido Desmoralizante,Este lacaio tem -3 de Ataque neste turno.,Enchantment,EX1_161o,,,,,,,,,,,Druid,,
,Classic,Ruína do Destino,Cause $2 de dano a um personagem. Se ele morrer evoque um Demônio aleatório.,Spell,EX1_320,True,Neutral,,Raymond Swanland,Epic,,5,,,Meu conselho é evitar a Ruína se possível.,Warlock,,
,Classic,Ruptura Mental,<b>Poder Heroico</b>Cause 3 de dano.,Hero Power,EX1_625t2,,,,,,,2,,,,Priest,,
Aura,Classic,Sacerdalma Auchenai,Seus cards e poderes que restauram Vida agora deixam de restaurar e causam dano.,Minion,EX1_591,True,Neutral,,Doug Alexander,Rare,3,4,5,,Os Auchenai sabem que o fim está chegando mas não sabem exatamente quando.,Priest,,
Battlecry,Classic,Sacerdotisa de Eluna,<b>Grito de Guerra:</b> Restaure 4 de Vida do seu herói.,Minion,EX1_583,True,Neutral,,Dan Scott,Common,5,6,4,,&bdquo;Lua vaaaaaai iluminar os pensamentos dela...&bdquo;,,,
Battlecry,Classic,Sacerdotisa do Conluio,<b>Grito de Guerra:</b> Assuma o controle de um lacaio inimigo que tenha 2 ou menos de Ataque.,Minion,EX1_091,True,Neutral,,Chippy,Epic,4,6,5,,Você nunca sabe quem pode estar trabalhando secretamente para o Conluio...,Priest,,
,Classic,Sacerdotisa Jovem,No fim do seu turno conceda +1 de Vida a outro lacaio aliado aleatório.,Minion,EX1_004,True,,,Vance Kovacs,Rare,2,1,1,,Ela mal pode esperar para aprender Palavra de Poder: Fortitude Grau 2,,,
Secret,Classic,Sacrifício Nobre,<b>Segredo:</b> Quando um inimigo atacar evoque um Defensor 2/1 para ser o novo alvo.,Spell,EX1_130,True,Neutral,,Zoltan & Gabor,Common,,1,,,Sempre nos lembraremos de você &bdquo;Defensor&bdquo;!,Paladin,,
Combo,Classic,Sangue Frio,Conceda +2 de Ataque a um lacaio. <b>Combo:</b> +4 de Ataque em vez de +2.,Spell,CS2_073,True,Neutral,,Alex Horley Orlandelli,Common,,1,,,&bdquo;Meu sangue é frio vem ver!&bdquo;,Rogue,,
,Classic,Sangue Frio,+4 de Ataque.,Enchantment,CS2_073e2,,,,,,,,,,,Rogue,,
,Classic,Sangue Frio,+2 de Ataque.,Enchantment,CS2_073e,,,,,,,,,,,Rogue,,
Battlecry,Classic,Saqueadora da Vela Sangrenta,<b>Grito de Guerra:</b> Ela recebe Ataque equivalente ao Ataque da sua arma.,Minion,NEW1_018,True,,,Jim Nelson,Common,2,2,3,Pirate,&bdquo;Eu só saqueio nos dias que terminam com -feira. Ah e fins de semana.&bdquo;,,,
Battlecry,Classic,Sargento Abusivo,<b>Grito de Guerra:</b> Conceda +2 de Ataque a um lacaio neste turno.,Minion,CS2_188,True,Alliance,,Luca Zontini,Common,2,1,1,,ME ADICIONE AO SEU DECK VERME!,,,
,Classic,Segredos Ancestrais,Restaure 5 de Vida.,Spell,NEW1_008b,,,,,,,,,,,Druid,,
AffectedBySpellPower,Classic,Selvageria,Cause dano equivalente ao Ataque do seu herói a um lacaio.,Spell,EX1_578,True,Neutral,,Dave Rapoza,Rare,,1,,,É verdade que alguns druidas são selvagens mas outros ainda apreciam um momento de paz e um bom chá.,Druid,,
Combo,Classic,Sequestrador,<b>Combo:</b> Devolva um lacaio à mão do dono.,Minion,NEW1_005,True,,,Dave Allsop,Epic,5,6,3,,Ele só quer que as pessoas vejam as fotos que tirou na viagem.,Rogue,,
,Classic,Sifão da Alma,Destrua um lacaio. Restaure #3 de Vida do seu herói.,Spell,EX1_309,True,Neutral,,Tyler Walpole,Rare,,6,,,Você deve evitar sifonar a sua própria alma. Pode acabar criando algum loop infinito bizarro.,Warlock,,
Silence,Classic,Silêncio,<b>Silencie</b> um lacaio.,Spell,EX1_332,True,Neutral,,Zoltan & Gabor,Common,,0,,,Reservado para lançadores inimigos liches do além-túmulo e noites de caraoquê no Glutão Implacável.,Priest,,
,Classic,Sinalizador,Todos os lacaios perdem <b>Furtividade</b>. Destrua todos os <b>Segredos</b> do inimigo. Compre um card.,Spell,EX1_544,True,Neutral,,Tyler Walpole,Rare,,2,,,Não só revela os inimigos como também é ótimo para festas!,Hunter,,
,Classic,Sobrecarregando,Atributos aumentados.,Enchantment,EX1_258e,,,,,,,,,,,Shaman,,
,Classic,Soltem os Cães,Para cada lacaio inimigo evoque um Cão 1/1 com <b>Investida</b>.,Spell,EX1_538,True,,,Linggar Bramanty,Common,,3,,,Você precisa dizer o nome deste card em alto e bom som cada vez que você jogá-lo.,Hunter,,
,Classic,Sombra do Nada,Jogos Mentais não deu em nada! Seu oponente não tinha lacaios!,Minion,EX1_345t,,,,,Epic,0,0,1,,,Priest,,
,Classic,Sombras de M&sbquo;uru,Este lacaio consumiu Escudos Divinos e tem Vida e o Ataque aumentados.,Enchantment,EX1_590e,,,,,Common,,,,,,,,
,Classic,Sonho,Devolva um lacaio à mão do dono.,Spell,DREAM_04,,,,,,,0,,,,Dream,,
,Classic,Subiu de Nível!,Ataque e Vida aumentados.,Enchantment,EX1_044e,,,,,,,,,,,,,
Deathrattle,Classic,Sylvana Correventos,<b>Último Suspiro:</b> Assuma o controle de um lacaio inimigo aleatório.,Minion,EX1_016,True,,True,Glenn Rane,Legendary,5,6,5,,Sylvana foi transformada na Rainha Banshee por Arthas. Ele devia tê-la matado porque isso só deixou ela irritada.,,,
Battlecry,Classic,Técnico de Controle Mental,<b>Grito de Guerra:</b> Se seu oponente tem 4 ou mais lacaios assuma o controle de um aleatoriamente.,Minion,EX1_085,True,Alliance,,Leo Che,Rare,3,3,3,,A tecnologia de controle da mente está ficando cada vez melhor mas isso não quer dizer muita coisa.,,,
OneTurnEffect,Classic,Temperado,+2 de Ataque neste turno.,Enchantment,EX1_046e,,,,,,,,,,,,,
,Classic,Tempestade de Raios,Cause $2-$3 de dano a todos os lacaios inimigos. <b>Sobrecarga:</b> (2),Spell,EX1_259,True,Neutral,,Christopher Moeller,Rare,,3,,,Um guarda-chuva não será nem um pouco eficiente.,Shaman,,
Battlecry,Classic,Terror do Caos,<b>Grito de Guerra:</b> Destrua os lacaios dos dois lados deste e receba o Ataque e a Vida deles.,Minion,EX1_304,True,,,Alexander Alexandrov,Rare,3,3,3,Demon,Se você colocar isso no seu deck você VAI perder a confiança dos seus outros lacaios.,Warlock,,
Stealth,Classic,Tigre-do-espinhaço,<b>Furtividade</b>,Minion,EX1_028,True,Alliance,,Alex Horley Orlandelli,Common,5,5,5,Beast,O mais legal dos tigres é que os tigres são muito legais!,,,
Deathrattle|Divine Shield|Taunt,Classic,Tirion Fordring,<b>Escudo Divino</b>. <b>Provocar</b>. <b>Último Suspiro:</b> Equipe uma Crematória 5/3.,Minion,EX1_383,True,Neutral,True,Brom,Legendary,6,8,6,,Se você ainda não ouviu a música tema do Tirion Fordring é porque ela não existe.,Paladin,,
Secret,Classic,Tiro de Tocaia,<b>Segredo:</b> Quando seu oponente jogar um lacaio cause $4 de dano ao lacaio.,Spell,EX1_609,True,Neutral,,Lorenzo Minaca,Common,,2,,,Um bom atirador atinge o alvo. Como um delicioso flanco de javali. Mmmmm.,Hunter,,
,Classic,Tiro Explosivo,Cause $5 de dano a um lacaio e $2 aos adjacentes.,Spell,EX1_537,True,Neutral,,Tom Baxa,Rare,,5,,,Puxe o pino conte até 5 e arremesse. Depois abaixe-se.,Hunter,,
,Classic,Totem de Vagalhão de Mana,No final do seu turno compre um card.,Minion,EX1_575,True,Neutral,,Scott Altmann,Rare,0,3,3,Totem,Dizem que alguns xamãs conseguem dizer &bdquo;Totem Flutuante&bdquo; dez vezes bem rápido.,Shaman,,
,Classic,Traição,Force um lacaio inimigo a causar dano aos lacaios perto dele.,Spell,EX1_126,True,Neutral,,Lucas Graciano,Common,,2,,,Todos têm um preço. Gnomos por exemplos podem ser persuadidos com bichos de pelúcia e pequenas quantidades de chocolate.,Rogue,,
,Classic,Uivo Sangrento,Atacar um lacaio custa 1 de Ataque em vez de 1 de Durabilidade.,Weapon,EX1_411,True,Neutral,,Zoltan & Gabor,Epic,7,7,,,O famoso machado de Grommash Grito Infernal. De alguma forma ele foi parar na mão do Príncipe Malquezaar. É um mistério!,Warrior,,1
Secret,Classic,Vaporizar,<b>Segredo:</b> Quando um lacaio atacar seu herói destrua-o.,Spell,EX1_594,True,Neutral,,Raymond Swanland,Rare,,3,,,Ouvi dizer que Asa da Morte causou o Cataclismo depois de perder um jogo para esse card. Nunca saberemos ao certo.,Mage,,
,Classic,Viciada em Mana,Sempre que você lançar um feitiço receba +2 de Ataque no mesmo turno.,Minion,EX1_055,True,Alliance,,Hideaki Takamura,Rare,1,2,3,,Ela está tentando parar mas ainda precisa de um pouco de mana para encarar um dia estressante.,,,
Battlecry,Classic,Vidente da Luz Fria,<b>Grito de Guerra:</b> Conceda +2 de Vida a TODOS os outros Murlocs.,Minion,EX1_103,True,Neutral,,Arthur Gimaldinov,Rare,2,3,3,Murloc,Os murlocs da Luz Fria residem nos abismos mais escuros das Profundezas Abissais. Então não. Não há mesmo como escapar dos murlocs.,,,
,Classic,Vigia Anciente,Não pode atacar.,Minion,EX1_045,True,Alliance,,Richard Wright,Rare,4,2,5,,Por que parece que os olhos dele te seguem quando você passa?,,,
,Classic,Vingança de VanCleef,Este lacaio tem a Vida e o Ataque aumentados.,Enchantment,EX1_613e,,,,,,,,,,,Rogue,,
,Classic,Visão Distante,Compre um card. Este card custa (3) a menos.,Spell,CS2_053,True,Neutral,,Lars Grant-West,Epic,,3,,,Drek&sbquo;thar não pode ver mas ele pode <i>ver</i>. Entendeu? Tudo bem se não entendeu.,Shaman,,
,Classic,Visão Distante,Um de seus cards custa (3) a menos.,Enchantment,CS2_053e,,,,Lars Grant-West,,,,,,,Shaman,,
Enrage,Classic,Worgen Enfurecido,<b>Enfurecer:</b> <b>Fúria dos Ventos</b> e +1 de Ataque,Minion,EX1_412,True,Neutral,,Alex Horley Orlandelli,Common,3,3,3,,Se ele já está enfurecido agora nem quero ver quando ele for nerfado.,,,
,Classic,Ysera,No final do seu turno compre um Card de Sonho.,Minion,EX1_572,True,Neutral,True,Gabor Szikszai,Legendary,4,9,12,Dragon,Ysera governa o Sonho Esmeralda. Que é tipo uma versão espelhada e esverdeada do mundo real. É isso mesmo?,,,
