COLLECTIBLE,SET,NAME,FACTION,RARITY,HEALTH,TYPE,ID,PLAYERCLASS,MECHANICS,TEXT,ARTIST,ATTACK,COST,HOWTOGETGOLD,FLAVOR,RACE,HOWTOGET,INPLAYTEXT,DURABILITY
True,Basic,가로쉬 헬스크림,Neutral,Free,30,Hero,HERO_01,Warrior,,,,,,,,,,,
True,Basic,가시덩굴 사냥꾼,Horde,Common,3,Minion,CS2_196,,Battlecry,<b>전투의 함성:</b> 1/1 멧돼지 1마리를 소환합니다.,Clint Langley,2,3,사냥꾼 55 레벨에 잠금 해제,뿔엄니에게 정말 까분 사람이 한 명 있었습니다. 딱 한 명요.,,,,
,Basic,개구리,Neutral,Common,1,Minion,hexfrog,,Taunt,<b>도발</b>,,0,0,,,Beast,,,
,Basic,겸손,Neutral,,,Enchantment,EX1_360e,Paladin,,공격력 1이 됨,,,,,,,,,
True,Basic,겸손,Neutral,Common,,Spell,EX1_360,Paladin,,하수인 하나의 공격력을 1로 만듭니다.,Daren Bader,,1,28 레벨에 잠금 해제,이래서 겸손이 힘든 겁니다.,,6 레벨에 잠금 해제,,
,Basic,고양,,,,Enchantment,CS2_122e,,,공격대장이 공격력 +1 부여,,,,,,,,,
,Basic,고정 사격,Neutral,Free,,Hero Power,DS1h_292,Hunter,,<b>영웅 능력</b>
적 영웅에게 피해를 2 줍니다.,,,2,,,,,,
True,Basic,공격대장,,Free,2,Minion,CS2_122,,Aura,내 다른 하수인들이 공격력을 +1 얻습니다.,Phill Gonzales,2,3,전사 57 레벨에 잠금 해제,"바닥! 바닥! 바닥 좀 피하라고!",,,,
True,Basic,공포의 지옥불정령,Neutral,Common,6,Minion,CS2_064,Warlock,Battlecry,<b>전투의 함성:</b> 다른 <b>모든</b> 캐릭터에게 피해를 1 줍니다.,Zoltan & Gabor,6,6,23 레벨에 잠금 해제,"지옥풀을 받아라!" - 불타는 군단의 에레다르 군주 자락서스,Demon,10 레벨에 잠금 해제,,
True,Basic,공허방랑자,Neutral,Free,3,Minion,CS2_065,Warlock,Taunt,<b>도발</b>,Alex Horley Orlandelli,1,1,36 레벨에 잠금 해제,내 이름은 보이드. 별명은... 몸빵.,Demon,1 레벨에 잠금 해제,,
,Basic,광폭화,,,,Enchantment,EX1_399e,,,공격력 증가,,,,,,,,,
True,Basic,구루바시 광전사,Neutral,Common,7,Minion,EX1_399,,,이 하수인은 피해를 입을 때마다 공격력을 +3 얻습니다.,Alex Horley Orlandelli,2,5,흑마법사 57 레벨에 잠금 해제,아픈 만큼 성숙하는 법입니다.,,,,
True,Basic,굴단,Neutral,Free,30,Hero,HERO_07,Warlock,,,,,,,,,,,
True,Basic,굶주린 대머리수리,,Common,2,Minion,CS2_237,Hunter,,내가 야수 1마리를 소환할 때마다 카드를 1장 뽑습니다.,Bernie Kang,3,5,47 레벨에 잠금 해제,먹을 걸 주면 <i>정체성</i>에 혼란을 겪습니다.,Beast,4 레벨에 잠금 해제,,
True,Basic,급속 성장,Neutral,Free,,Spell,CS2_013,Druid,,빈 마나 수정을 1개 획득합니다.,James Ryman,,2,23 레벨에 잠금 해제,마나 수정 재배기로 자신만의 마나 수정을 키우세요! 믿을 수 없는 가격! 39900 골드!,,1 레벨에 잠금 해제,,
True,Basic,기계용 정비사,Alliance,Common,4,Minion,EX1_025,,Battlecry,<b>전투의 함성:</b> 2/1 소형 기계용을 1마리 소환합니다.,Warren Mahy,2,4,마법사 53 레벨에 잠금 해제,앙앙이에게 로켓 발사기를 장착하려고 요즘 고민 중입니다.,,,,
True,Basic,기습,Neutral,Free,,Spell,CS2_072,Rogue,,피해를 입지 않은 하수인 하나에게 피해를 $2 줍니다.,Michael Sutfin,,0,36 레벨에 잠금 해제,사실 이 기술은 "저게 뭐지?!" 라는 말을 듣고 등을 보인 적에게 사용하는 기술입니다.,,1 레벨에 잠금 해제,,
True,Basic,냉기 충격,Neutral,Free,,Spell,CS2_037,Shaman,Freeze,적 캐릭터 하나에게 피해를 $1 주고 <b>빙결</b> 상태로 만듭니다.,Alex Horley Orlandelli,,1,32 레벨에 잠금 해제,냉기 충격!,,1 레벨에 잠금 해제,,
,Basic,넘치는 마나,,,,Spell,CS2_013t,Druid,,카드를 1장 뽑습니다. <i>(마나 수정은 10개까지만 보유 가능)</i>,,,0,,,,,,
True,Basic,노움 발명가,Alliance,Common,4,Minion,CS2_147,,Battlecry,<b>전투의 함성:</b> 카드를 1장 뽑습니다.,Court Jones,2,4,사제 57 레벨에 잠금 해제,사실 본인도 뭘 만들고 있는지 잘 모릅니다. 그게 끝내주는 물건이라는 점만 빼고요.,,,,
True,Basic,늑대기수,Horde,Free,1,Minion,CS2_124,,Charge,<b>돌진</b>,Dany Orizio,3,3,전사 59 레벨에 잠금 해제,늑대는 정말 최고의 탈것입니다. 척박한 환경에도 적응하고 승차감도 좋고 무엇보다 복실복실하고 귀여우니까요.,,,,
,Basic,단검의 대가,Neutral,Free,,Hero Power,CS2_083b,Rogue,,<b>영웅 능력</b>
1/2 단검을 장착합니다.,,,2,,,,,,
True,Basic,달라란 마법사,Neutral,Common,4,Minion,EX1_582,,Spellpower,<b>주문 공격력 +1</b>,Jim Nelson,1,3,마법사 59 레벨에 잠금 해제,달라란 전사는 찾아보기 힘들 겁니다.,,,,
True,Basic,달빛섬광,Neutral,Common,,Spell,CS2_008,Druid,,피해를 $1 줍니다.,Richard Wright,,0,40 레벨에 잠금 해제,"달빛섬광을 쓰세요. 계속 쓰세요." - 조화 드루이드가 되는 법 제 5장 3절,,6 레벨에 잠금 해제,,
True,Basic,대마법사,Alliance,Common,7,Minion,CS2_155,,Spellpower,<b>주문 공격력 +1</b>,Steve Ellis,4,6,마법사 57 레벨에 잠금 해제,대마법사 칭호를 어떻게 얻냐고요? 마법으로 대마법사를 쓰러뜨리면 됩니다.,,,,
True,Basic,대지의 무기,Neutral,Free,,Spell,CS2_045,Shaman,,이번 턴에 아군 캐릭터 하나에게 공격력을 +3 부여합니다.,Alex Horley Orlandelli,,1,36 레벨에 잠금 해제,아아... 크고 아름답네요.,,1 레벨에 잠금 해제,,
,Basic,대지의 무기,,,,Enchantment,CS2_045e,Shaman,OneTurnEffect,이번 턴에 공격력 +3,,,,,,,,,
True,Basic,독칼,Neutral,Common,,Spell,EX1_278,Rogue,,피해를 $1 줍니다. 카드를 1장 뽑습니다.,Alex Garner,,2,45 레벨에 잠금 해제,알라깔라<b>독칼</b>라미<b>독칼</b>라미띠!,,6 레벨에 잠금 해제,,
,Basic,돌발톱 토템,Neutral,Free,2,Minion,CS2_051,Shaman,Taunt,<b>도발</b>,,0,1,,,Totem,,,
True,Basic,돌엄니멧돼지,Neutral,Free,1,Minion,CS2_171,,Charge,<b>돌진</b>,Howard Lyon,1,1,사냥꾼 53 레벨에 잠금 해제,손에서 나와 상대에게 달려가려고 안달입니다.,Beast,,,
True,Basic,돌주먹 오우거,,Free,7,Minion,CS2_200,,,,Brian Despain,6,6,흑마법사 51 레벨에 잠금 해제,"나 비용에 비해 능력치 좋다!",,,,
,Basic,돌진,,,,Enchantment,EX1_084e,Warrior,,<b>돌진</b>,,,,,,,,,
True,Basic,돌진,Neutral,Free,,Spell,CS2_103,Warrior,,아군 하수인 하나에게 공격력 +2와 <b>돌진</b>을 부여합니다.,Alex Horley Orlandelli,,3,23 레벨에 잠금 해제,다음 턴까지 안전하리라는 상대의 믿음을 박살냅니다.,,1 레벨에 잠금 해제,,
,Basic,돌진,,,,Enchantment,CS2_103e2,Warrior,,공격력 +2 <b>돌진</b>,,,,,,,,,
,Basic,돌진,,,,Enchantment,DS1_178e,Hunter,,툰드라 코뿔소가 <b>돌진</b> 부여,,,,,,,,,
,Basic,동전 한 닢,,,,Spell,GAME_005,,,이번 턴에만 마나 수정을 1개 획득합니다.,,,,,,,,,
,Basic,동전 한 닢,,,,Enchantment,GAME_005e,,,,,,,,,,,,
,Basic,동전의 복수,,,,Enchantment,GAME_003e,,,후공으로 시작하면 첫 하수인이 강해짐,,,,,,,,,
,Basic,동전의 복수,,,,Enchantment,GAME_003,,,후공으로 시작하면 첫 하수인이 강해집니다.,,,,,,,,,
,Basic,동전의 행운,,,,Enchantment,GAME_001,,,후공으로 시작하면 추가 생명력을 얻습니다.,,,,,,,,,
,Basic,동전의 화신,,Free,1,Minion,GAME_002,,,<i>동전 뒤집기는 졌지만 친구를 얻었습니다.</i>,,1,0,,,,,,
,Basic,레오크,,Common,4,Minion,NEW1_033,Hunter,,다른 아군 하수인들이 공격력을 +1 얻습니다.,,2,3,,,Beast,,,
True,Basic,렉사르,Neutral,Free,30,Hero,HERO_05,Hunter,,,,,,,,,,,
True,Basic,마무리 일격,Neutral,Free,,Spell,CS2_108,Warrior,,피해를 입은 적 하수인을 하나 처치합니다.,Dany Orizio,,1,47 레벨에 잠금 해제,마무리 일격이 가능해지면 전사들은 눈에 핏발을 세운다죠.,,1 레벨에 잠금 해제,,
True,Basic,마음의 눈,Neutral,Common,,Spell,CS2_003,Priest,,상대편 손에 있는 카드 1장을 무작위로 복사하여 내 손으로 가져옵니다.,Michael Komarck,,1,32 레벨에 잠금 해제,손이 눈보다 빠를 필요가 없습니다. 이 카드만 있으면요.,,4 레벨에 잠금 해제,,
True,Basic,말퓨리온 스톰레이지,Neutral,Free,30,Hero,HERO_06,Druid,,,,,,,,,,,
,Basic,맹독,,,,Enchantment,CS2_074e,,,공격력 +2,,,,,,,,,
True,Basic,맹독,Neutral,Free,,Spell,CS2_074,Rogue,,내 무기에 공격력을 +2 부여합니다.,Trevor Jacobs,,1,43 레벨에 잠금 해제,도적들의 독 제조술은 극비 사항입니다. 마법사들이 주문에 사용 못 하게 하기 위해서죠. 맹독 화살? 맹독의 비? 맹독 정령? 생각만 해도 끔찍하군요.,,1 레벨에 잠금 해제,,
True,Basic,멀록 바다사냥꾼,Neutral,Common,1,Minion,EX1_506,,Battlecry,<b>전투의 함성:</b> 1/1 멀록 정찰병을 1마리 소환합니다.,Dan Scott,2,2,도적 53 레벨에 잠금 해제,"파도를 헤치고 죽음이 나타나리니!",Murloc,,,
True,Basic,멀록 약탈꾼,Alliance,Free,1,Minion,CS2_168,,,,Dan Scott,2,1,사제 51 레벨에 잠금 해제,아옳옳옳옳옳옳옳 아옳옳옳 옳옳옳옳옳 옳옳옳옳옳 아옳옳옳옳옳옳옳! 아옳옳옳 아옳옳옳옳!,Murloc,,,
,Basic,멀록 정찰병,Neutral,Common,1,Minion,EX1_506a,,,,,1,0,,,Murloc,,,
,Basic,멧돼지,Neutral,Common,1,Minion,CS2_boar,,,,,1,1,,,Beast,,,
True,Basic,못 말리는 로켓병,Horde,Free,2,Minion,CS2_213,,Charge,<b>돌진</b>,John Polidora,5,6,주술사 59 레벨에 잠금 해제,폭발물로 가득한 로켓으로 무장한 미치광이 로켓병이라니! 와! 신난다!,,,,
,Basic,무기 연마,,,,Enchantment,CS2_083e,Rogue,OneTurnEffect,이번 턴에 공격력 +1,,,,,,,,,
True,Basic,무너진 태양 성직자,Neutral,Common,2,Minion,EX1_019,,Battlecry,<b>전투의 함성:</b> 아군 하수인 하나에게 +1/+1을 부여합니다.,Doug Alexander,3,3,사제 53 레벨에 잠금 해제,비결이 뭐냐고요? 태양샘 에너지 드링크라고 하네요.,,,,
True,Basic,무법항 경호원,Horde,Common,4,Minion,CS2_187,,Taunt,<b>도발</b>,Matt Cavotta,5,5,주술사 55 레벨에 잠금 해제,골드만 있다면 당신 곁에 있어줄 겁니다. 물론 상대보다 많아야겠죠.,,,,
True,Basic,무쇠가죽 불곰,Neutral,Common,3,Minion,CS2_125,,Taunt,<b>도발</b>,Lars Grant-West,3,3,사냥꾼 59 레벨에 잠금 해제,"불곰 가죽 1/10",Beast,,,
True,Basic,무쇠껍질 수호정령,Neutral,Common,8,Minion,CS2_232,Druid,Taunt,<b>도발</b>,Dave Allsop,8,8,49 레벨에 잠금 해제,그 누가 <i>감히</i> 다르나서스를 공격할쏘냐!,,10 레벨에 잠금 해제,,
True,Basic,물의 정령,Neutral,Common,6,Minion,CS2_033,Mage,Freeze,이 하수인에게 피해를 입은 캐릭터는 <b>빙결</b> 상태가 됩니다.,John Avon,3,4,49 레벨에 잠금 해제,물의 정령을 파티에 초대하면... 찬물 같은 걸 끼얹나?,,8 레벨에 잠금 해제,,
,Basic,미샤,,Common,4,Minion,NEW1_032,Hunter,Taunt,<b>도발</b>,,4,3,,,Beast,,,
True,Basic,민물악어,,Free,3,Minion,CS2_120,,,,Daren Bader,2,2,드루이드 55 레벨에 잠금 해제,"왼손잡이" 에드워드 스미스에 의해 명품 가방이 될 뻔한 적이 있다는군요.,Beast,,,
True,Basic,바람예언자,Neutral,Common,3,Minion,EX1_587,Shaman,Battlecry,<b>전투의 함성:</b> 아군 하수인 하나에게 <b>질풍</b>을 부여합니다.,Vance Kovacs,3,4,45 레벨에 잠금 해제,입 냄새 심한 바람예언자보다 끔찍한 게 있을까요?,,8 레벨에 잠금 해제,,
True,Basic,발리라 생귀나르,Neutral,Free,30,Hero,HERO_03,Rogue,,,,,,,,,,,
,Basic,발톱,,,,Enchantment,CS2_017o,Druid,OneTurnEffect,이번 턴에 공격력 +1,,,,,,,,,
,Basic,방어도 증가!,Neutral,Free,,Hero Power,CS2_102,Warrior,,<b>영웅 능력</b>
방어도를 +2 얻습니다.,,,2,,,,,,
True,Basic,방패 막기,Neutral,Common,,Spell,EX1_606,Warrior,,방어도를 +5 얻습니다.
카드를 1장 뽑습니다.,Michael Komarck,,3,28 레벨에 잠금 해제,얼굴 막기는 도무지 쓸모가 없어서 방패 막기가 탄생했습니다.,,8 레벨에 잠금 해제,,
,Basic,변신,Neutral,Free,,Hero Power,CS2_017,Druid,,<b>영웅 능력</b>
 방어도 +1.
이번 턴에만 공격력 +1.,,,2,,,,,,
,Basic,변이,Neutral,Common,,Enchantment,CS2_022e,Mage,Morph,1/1 양으로 변이됨,,,,,,,,,
True,Basic,변이,Neutral,Free,,Spell,CS2_022,Mage,,하수인 하나를 1/1 양으로 변신시킵니다.,Vance Kovacs,,4,47 레벨에 잠금 해제,이 카드로 말장난을 만들어 보려고 했는데... 양장난이 되었네요. 길어져서 죄송합니다. 재미가 없으면 양으로라도 승부해야죠.,,1 레벨에 잠금 해제,,
True,Basic,별빛섬광,Neutral,Common,,Spell,EX1_173,Druid,,피해를 $5 줍니다.
카드를 1장 뽑습니다.,Alex Horley Orlandelli,,6,45 레벨에 잠금 해제,단언컨대 별빛섬광은 가장 조화로운 드루이드 카드입니다.,,2 레벨에 잠금 해제,,
,Basic,병력 충원,Neutral,Free,,Hero Power,CS2_101,Paladin,,<b>영웅 능력</b>
1/1 은빛 성기사단 신병을 1명 소환합니다.,,,2,,,,,,
True,Basic,보호의 손길,Neutral,Free,,Spell,EX1_371,Paladin,,하수인 하나에게 <b>천상의 보호막</b>을 부여합니다.,Clint Langley,,1,23 레벨에 잠금 해제,이 주문은 이름이 하도 많이 바뀌어서 성기사들도 이걸 뭐라고 불러야 하는지 잘 모를 때가 많습니다.,,1 레벨에 잠금 해제,,
True,Basic,부두교 의술사,Horde,Free,1,Minion,EX1_011,,Battlecry,<b>전투의 함성:</b> 생명력을 2 회복시킵니다.,Karl Richardson,2,1,도적 55 레벨에 잠금 해제,한동안 이 카드의 이름은 "더러운 트롤 의술사"였습니다.,,,,
True,Basic,부패,Neutral,Common,,Spell,CS2_063,Warlock,,적 하수인을 하나 선택합니다. 내 턴이 시작될 때 그 하수인을 처치합니다.,Wayne Reynolds,,1,32 레벨에 잠금 해제,이 주문이 무서운 진짜 이유는 냄새 때문이라는 말이 있습니다.,,2 레벨에 잠금 해제,,
,Basic,부패,,,,Enchantment,CS2_063e,Warlock,,타락시킨 플레이어의 턴이 시작될 때 죽음,,,,,,,,,
True,Basic,북녘골 성직자,,Free,3,Minion,CS2_235,Priest,HealTarget,하수인이 하나 치유될 때마다 카드를 1장 뽑습니다.,Terese Nielsen,1,1,40 레벨에 잠금 해제,탄압받고 괴로워하는 자들을 돕습니다. 쿠키도 팝니다.,,1 레벨에 잠금 해제,,
True,Basic,불기둥,Neutral,Common,,Spell,CS2_032,Mage,,모든 적 하수인에게 피해를 $4 줍니다.,Romain De Santi,,7,51 레벨에 잠금 해제,바닥에 불이 붙었을 땐 멈춰서서 엎드리고 굴러서는 <i>절대</i> 안 됩니다.,,10 레벨에 잠금 해제,,
,Basic,불꽃,,,,Enchantment,EX1_565o,Shaman,,불꽃의 토템이 공격력 +2 부여,,,,,,,,,
True,Basic,불꽃의 토템,Neutral,Common,3,Minion,EX1_565,Shaman,AdjacentBuff|Aura,양옆의 하수인들이 공격력을 +2 얻습니다.,Jonathan Ryder,0,2,43 레벨에 잠금 해제,토템 장인들은 본인의 토템에는 가장 희귀한 나무를 사용하곤 합니다. 심지어 무쇠껍질 수호정령으로 만든 토템도 있다는군요.,Totem,4 레벨에 잠금 해제,,
True,Basic,불의 정령,Neutral,Common,5,Minion,CS2_042,Shaman,Battlecry,<b>전투의 함성:</b> 피해를 3 줍니다.,Ralph Horsley,6,6,49 레벨에 잠금 해제,영영 못 씻는 정령입니다. 으 더러워라...,,10 레벨에 잠금 해제,,
,Basic,불타는 토템,Neutral,Free,1,Minion,CS2_050,Shaman,,,,1,1,,,Totem,,,
True,Basic,붉은늪지랩터,Horde,Free,2,Minion,CS2_172,,,,Dan Brereton,3,2,사냥꾼 57 레벨에 잠금 해제,"랩터 30마리를 처치하세요." - 헤멧 네싱워리,Beast,,,
True,Basic,빛의 수호자 우서,Neutral,Free,30,Hero,HERO_04,Paladin,,,,,,,,,,,
True,Basic,빛의 정의,Neutral,Free,,Weapon,CS2_091,Paladin,,,Glenn Rane,1,1,36 레벨에 잠금 해제,공작 말체자르는 희귀한 무기를 모으는 수집가였습니다. 무기를 살아 움직이게 하고는 자신 앞에서 춤추게 했죠.,,1 레벨에 잠금 해제,,4
,Basic,사나운 울음소리,,,,Enchantment,DS1_175o,Hunter,,회갈색 늑대가 공격력 +1 부여,,,,,,,,,
True,Basic,사냥개조련사,Neutral,Free,3,Minion,DS1_070,Hunter,Battlecry,<b>전투의 함성:</b> 아군 야수 1마리에게 +2/+2와 <b>도발</b>을 부여합니다.,Dan Brereton,4,4,28 레벨에 잠금 해제,"누가 개들을 풀었어?"라고 묻네요. 몰라서 물으십니까?,,1 레벨에 잠금 해제,,
,Basic,사냥꾼의 징표,,,,Enchantment,CS2_084e,Hunter,,생명력 1,,,,,,,,,
True,Basic,사냥꾼의 징표,Neutral,Common,,Spell,CS2_084,Hunter,,하수인 하나의 생명력을 1로 바꿉니다.,Jimmy Lo,,0,40 레벨에 잠금 해제,절대 사냥꾼과 숨바꼭질하지 마십시오.,,6 레벨에 잠금 해제,,
True,Basic,사술,Neutral,Free,,Spell,EX1_246,Shaman,,하수인 하나를 <b>도발</b> 능력이 있는 0/1 개구리로 변신시킵니다.,Steve Hui,,3,47 레벨에 잠금 해제,멀록에게 사술을 써보셨나요? 네 외관 상 큰 변화는 없을 겁니다.,,1 레벨에 잠금 해제,,
,Basic,사술에 걸림,,,,Enchantment,EX1_246e,Shaman,Morph,변신!,,,,,,,,,
True,Basic,사악한 일격,Neutral,Free,,Spell,CS2_075,Rogue,,적 영웅에게 피해를 $3 줍니다.,Frank Cho,,1,15 레벨에 잠금 해제,그렇게나 기력이 많이 들던 기술이 마나는 고작 이것밖에 안 드는군요.,,1 레벨에 잠금 해제,,
True,Basic,산성 늪수액괴물,Alliance,Common,2,Minion,EX1_066,,Battlecry,<b>전투의 함성:</b> 상대편의 무기를 파괴합니다.,Chris Rahn,3,2,도적 57 레벨에 잠금 해제,늪수액괴물은 플라멩코 모자를 매우 좋아합니다. 이유는 묻지 마십시오.,,,,
True,Basic,살상 명령,Neutral,Common,,Spell,EX1_539,Hunter,,피해를 $3 줍니다. 전장에 내 야수가 있다면 피해를 $5 줍니다.,Gabe from Penny Arcade,,3,49 레벨에 잠금 해제,야수 없이 명령만으로도 피해를 줄 수 있다니!,,10 레벨에 잠금 해제,,
,Basic,생명력 전환,Neutral,Free,,Hero Power,CS2_056,Warlock,,<b>영웅 능력</b>
피해를 2 입는 대신 카드를 1장 뽑습니다.,,,2,,,,,,
True,Basic,생명력 흡수,Neutral,Free,,Spell,CS2_061,Warlock,,피해를 $2 줍니다. 내 영웅이 생명력을 #2 회복합니다.,Alex Horley Orlandelli,,3,45 레벨에 잠금 해제,"제가 동안을 유지하는 비결이죠.",,1 레벨에 잠금 해제,,
True,Basic,서리늑대 그런트,Neutral,Common,2,Minion,CS2_121,,Taunt,<b>도발</b>,Richie Marella,2,2,주술사 57 레벨에 잠금 해제,대대로 그런트 직책을 물려받으며 기술을 전수하고 있다고 합니다. 도대체 무슨 말로 상대를 열받게 하는지 궁금하네요.,,,,
,Basic,서리늑대 깃발,,,,Enchantment,CS2_226e,,,능력치 증가,,,,,,,,,
True,Basic,서리늑대 전쟁군주,Horde,Common,4,Minion,CS2_226,,Battlecry,<b>전투의 함성:</b> 전장의 다른 아군 하수인 하나당 +1/+1을 얻습니다.,James Ryman,4,5,주술사 53 레벨에 잠금 해제,서리늑대 부족은 알터랙 계곡에서 스톰파이크 원정대와 수많은 전투를 치렀습니다. 평화 협정을 체결하러 올 때마다 부대장 갈반가르가 사절을 죽였다는군요.,,,,
True,Basic,서리바람 설인,Neutral,Common,5,Minion,CS2_182,,,,Mauro Cascioli,4,4,전사 55 레벨에 잠금 해제,사실 산에서 내려와 국수 가게를 여는 게 꿈이지만 차마 그럴 용기가 없다네요.,,,,
True,Basic,서큐버스,Neutral,Free,3,Minion,EX1_306,Warlock,Battlecry,<b>전투의 함성:</b> 무작위로 카드를 1장 버립니다.,Matt Dixon,4,2,40 레벨에 잠금 해제,흑마법사야말로 진정한 승리자죠.,Demon,1 레벨에 잠금 해제,,
,Basic,선인의 주입,,,,Enchantment,CS2_041e,Shaman,Taunt,도발,,,,,,,,,
True,Basic,선인의 치유력,Neutral,Free,,Spell,CS2_041,Shaman,,하수인 하나의 생명력을 모두 회복시키고 <b>도발</b>을 부여합니다.,Dan Scott,,0,15 레벨에 잠금 해제,이래서 조상을 잘 만나야 합니다.,,1 레벨에 잠금 해제,,
True,Basic,성난비늘 수련사,Neutral,Common,1,Minion,EX1_508,,Aura,다른 <b>모든</b> 멀록이 공격력을 +1 얻습니다.,Phil Saunders,1,1,흑마법사 53 레벨에 잠금 해제,아주 똑똑한 멀록입니다. 그래도 다른 멀록들과 크게 다르지는 않습니다.,Murloc,,,
True,Basic,성스러운 빛,Neutral,Free,,Spell,CS2_089,Paladin,,생명력을 #6 회복시킵니다.,Zoltan & Gabor,,2,15 레벨에 잠금 해제,종종 성스러운 빛에 노출되신다면 자외선 차단제를 바르세요.,,1 레벨에 잠금 해제,,
True,Basic,성스러운 일격,Neutral,Free,,Spell,CS1_130,Priest,,피해를 $2 줍니다.,Steve Ellis,,1,23 레벨에 잠금 해제,생각은 성스럽게 주먹은 상스럽게.,,1 레벨에 잠금 해제,,
,Basic,성직자의 축복,,,,Enchantment,EX1_019e,Priest,,+1/+1,,,,,,,,,
True,Basic,센진 방패대가,Horde,Free,5,Minion,CS2_179,,Taunt,<b>도발</b>,Brian Despain,3,4,도적 59 레벨에 잠금 해제,센진 마을은 쾌적합니다. 트롤과 먼지만 감당할 수 있으면요.,,,,
True,Basic,소멸,,Common,,Spell,NEW1_004,Rogue,,모든 하수인을 주인의 손으로 돌려보냅니다.,Sean O’Daniels,,6,23 레벨에 잠금 해제,,,8 레벨에 잠금 해제,,
True,Basic,소용돌이,Neutral,Common,,Spell,EX1_400,Warrior,,<b>모든</b> 하수인에게 피해를 $1 줍니다.,Jonboy Meyers,,1,32 레벨에 잠금 해제,노련한 전사와 풋내기 전사의 차이점은 간단합니다. 풋내기들은 소용돌이를 쓰면서 "이얏호!"라고 외치죠.,,6 레벨에 잠금 해제,,
,Basic,소형 기계용,Neutral,Common,1,Minion,EX1_025t,,,,,2,1,,,Mech,,,
True,Basic,스랄,Neutral,Free,30,Hero,HERO_02,Shaman,,,,,,,,,,,
True,Basic,스톰윈드 기사,Alliance,Common,5,Minion,CS2_131,,Charge,<b>돌진</b>,Ladronn,2,4,성기사 55 레벨에 잠금 해제,이렇게 된 이상 오그리마로 간다!,,,,
True,Basic,스톰윈드 용사,Alliance,Common,6,Minion,CS2_222,,Aura,내 다른 하수인들이 +1/+1을 얻습니다.,Doug Alexander,6,7,성기사 59 레벨에 잠금 해제,데스윙이 스톰윈드를 쑥대밭으로 만들었을 때 분대에서 유일하게 살아남은 병사입니다. 그는 지금 답답함에 속이 부글부글 끓습니다.,,,,
,Basic,스톰윈드의 힘,,,,Enchantment,CS2_222o,,,+1/+1,,,,,,,,,
True,Basic,스톰파이크 특공대,Alliance,Common,2,Minion,CS2_150,,Battlecry,<b>전투의 함성:</b> 피해를 2 줍니다.,Kev Walker,4,5,성기사 51 레벨에 잠금 해제,스톰파이크 특공대는 파괴 전문가들입니다. 그렇다고 컵케잌까지 그런 방식으로 만들 필요는 없었잖아요.,,,,
True,Basic,신비한 사격,Neutral,Free,,Spell,DS1_185,Hunter,,피해를 $2 줍니다.,Luca Zontini,,1,32 레벨에 잠금 해제,예전엔 마법사들이 신비한 화살을 만들어 사냥꾼들에게 팔았습니다. 그러다 사냥꾼들이 아예 마법을 직접 배워 신비한 화살을 만들기 시작하면서 스톰윈드는 작은 경기 침체에 시달렸다죠.,,1 레벨에 잠금 해제,,
True,Basic,신비한 지능,Neutral,Free,,Spell,CS2_023,Mage,,카드를 2장 뽑습니다.,Dave Berggren,,3,15 레벨에 잠금 해제,이 카드를 내면 똑똑해집니다. 솔직히 말해서 좀 똑똑해졌다고 우겨도 괜찮습니다.,,1 레벨에 잠금 해제,,
True,Basic,신비한 폭발,Neutral,Free,,Spell,CS2_025,Mage,,모든 적 하수인에게 피해를 $1 줍니다.,Howard Lyon,,2,28 레벨에 잠금 해제,위력에 비해 비용이 신비한 주문입니다.,,1 레벨에 잠금 해제,,
True,Basic,신비한 화살,Neutral,Free,,Spell,EX1_277,Mage,ImmuneToSpellpower,적 캐릭터들에게 $3의 피해를 무작위로 나누어 입힙니다.,Warren Mahy,,1,32 레벨에 잠금 해제,솔직히 당신은 엄청나게 강한 마법사니까 신비한 화살 정도는 잘 조준할 수 있을 거라 생각하셨죠?,,1 레벨에 잠금 해제,,
True,Basic,신성한 폭발,Neutral,Common,,Spell,CS1_112,Priest,,모든 적에게 피해를 $2 줍니다. 모든 아군 캐릭터의 생명력을 #2 회복시킵니다.,Luca Zontini,,5,45 레벨에 잠금 해제,이 주문을 썼는데 당신이 피해를 입었다면 신앙심이 부족하거나 나쁜 놈이란 뜻입니다.,,6 레벨에 잠금 해제,,
True,Basic,신성화,Neutral,Common,,Spell,CS2_093,Paladin,,모든 적에게 피해를 $2 줍니다.,Vance Kovacs,,4,43 레벨에 잠금 해제,신성화된 땅은 신성한 에너지의 빛을 뿜습니다. 하지만 냄새도 좀 풍깁니다.,,4 레벨에 잠금 해제,,
,Basic,신의 권능: 보호막,,,,Enchantment,CS2_004e,Priest,,생명력 +2,,,,,,,,,
True,Basic,신의 권능: 보호막,Neutral,Free,,Spell,CS2_004,Priest,,하수인 하나에게 생명력을 +2 부여합니다.
카드를 1장 뽑습니다.,Jessica Jung,,1,47 레벨에 잠금 해제,생명력이 조금 올라가는 건 좋지만 하수인이 흐릿해지는 건 좀 아쉽네요.,,1 레벨에 잠금 해제,,
True,Basic,심장부 사냥개,,Common,5,Minion,CS2_201,,,,E.M. Gist,9,7,사냥꾼 51 레벨에 잠금 해제,심장부 사냥개를 길들이는 것은 불가능합니다. 당신을 잡아먹기 전에 다른 사람을 먹도록 훈련시킬 뿐이죠.,Beast,,,
,Basic,아옳옳옳옳옳옳옳!,,,,Enchantment,EX1_508o,,,공격력 +1,,,,,,,,,
True,Basic,아이언포지 소총병,Alliance,Common,2,Minion,CS2_141,,Battlecry,<b>전투의 함성:</b> 피해를 1 줍니다.,Tooth,2,3,마법사 55 레벨에 잠금 해제,"준비! 조준! 마셔!",,,,
True,Basic,아케이나이트 도끼,Neutral,Common,,Weapon,CS2_112,Warrior,,,Stefan Kopinski,5,5,51 레벨에 잠금 해제,세월이 지나도 명품은 명품입니다.,,10 레벨에 잠금 해제,,2
,Basic,악의의 손칼,Neutral,Free,,Weapon,CS2_082,Rogue,,,,1,1,,,,,,2
,Basic,안 돼애애애애애,,,,Spell,GAME_006,,,어쩐 일인지 당신이 갖고 있던 카드가 삭제되었습니다. 여기요 이거라도 받으세요!,,,2,,맙소사 심지어 카드 설명까지 삭제되었네요.,,,,
True,Basic,안두인 린,Neutral,Free,30,Hero,HERO_09,Priest,,,,,,,,,,,
True,Basic,암살,Neutral,Free,,Spell,CS2_076,Rogue,,적 하수인 하나를 처치합니다.,Glenn Rane,,5,47 레벨에 잠금 해제,암살당하기 싫다고요? 이름을 바꾸고 불모의 땅으로 가세요. 행운을 빕니다!,,1 레벨에 잠금 해제,,
True,Basic,암살자의 검,Neutral,Common,,Weapon,CS2_080,Rogue,,,Brian Huang,3,5,32 레벨에 잠금 해제,진짜 암살자가 품질을 보증하는 제품입니다. 자세히 보면 날에 장미 문양이 새겨져 있다고 합니다.,,2 레벨에 잠금 해제,,4
True,Basic,암흑칼날,Neutral,Free,4,Minion,EX1_593,,Battlecry,<b>전투의 함성: </b>적 영웅에게 피해를 3 줍니다.,Raymond Swanland,4,5,드루이드 53 레벨에 잠금 해제,단검을 가장 피하고 싶은 부분은 당신의 얼굴일 겁니다. 그러니 도적이 그곳을 노릴 겁니다.,,,,
True,Basic,야생의 벗,,Common,,Spell,NEW1_031,Hunter,,무작위 동료 야수를 1마리 소환합니다.,Wei Wang,,3,45 레벨에 잠금 해제,미샤나 레오크 혹은 킁킁이를 소환할 수 있습니다! 근데 킁킁이는 좀 말썽꾸러기라는 거.,,2 레벨에 잠금 해제,,
True,Basic,야생의 징표,Neutral,Free,,Spell,CS2_009,Druid,,하수인 하나에게 <b>도발</b>과 +2/+2를 부여합니다.,Brad Vancata,,2,28 레벨에 잠금 해제,드루이드가 아닌 사람들은 그냥 다 발바닥이라고 부르더군요.,,1 레벨에 잠금 해제,,
,Basic,야생의 징표,,,,Enchantment,CS2_009e,Druid,,+2/+2 <b>도발</b>,,,,,,,,,
True,Basic,야생의 포효,Neutral,Common,,Spell,CS2_011,Druid,,이번 턴에 내 캐릭터들에게 공격력을 +2 부여합니다.,Grace Liu,,3,43 레벨에 잠금 해제,뭐라고 포효하는 걸까요? 아무도 자신 있게 말할 순 없지만 얼핏 들리기로는 "이이!"라고 외치는 것 같습니다. 이게 대체 무슨 뜻일까요?,,4 레벨에 잠금 해제,,
,Basic,야생의 포효,,,,Enchantment,CS2_011o,Druid,OneTurnEffect,이번 턴에 공격력 +2,,,,,,,,,
,Basic,양,Neutral,Common,1,Minion,CS2_tk1,,,,,1,0,,,Beast,,,
True,Basic,어둠비늘 치유사,Neutral,Common,5,Minion,DS1_055,,Battlecry,<b>전투의 함성:</b> 모든 아군 캐릭터의 생명력을 2 회복시킵니다.,Jesper Ejsing,4,5,사제 55 레벨에 잠금 해제,차가워 보이지만 사실은 따스하게 회복해주는 여자입니다.,,,,
True,Basic,어둠의 권능: 고통,,Free,,Spell,CS2_234,Priest,,공격력 3 이하인 하수인을 하나 처치합니다.,Raymond Swanland,,2,36 레벨에 잠금 해제,초급 수행사제들이 배우는 "어둠의 권능: 성가심"보다 한 단계 높은 등급의 주문입니다.,,1 레벨에 잠금 해제,,
True,Basic,어둠의 권능: 죽음,,Common,,Spell,EX1_622,Priest,,공격력 5 이상인 하수인을 하나 처치합니다.,Raymond Swanland,,3,43 레벨에 잠금 해제,빗맞히면 대상의 이마에 번개 모양의 흉터를 남깁니다.,,8 레벨에 잠금 해제,,
True,Basic,어둠의 화살,Neutral,Free,,Spell,CS2_057,Warlock,,하수인 하나에게 피해를 $4 줍니다.,Dave Allsop,,3,47 레벨에 잠금 해제,화살인데 어둠의 힘으로 만들어졌답니다. 설명이 더 필요한가요?,,1 레벨에 잠금 해제,,
True,Basic,얼음 화살,Neutral,Common,,Spell,CS2_024,Mage,Freeze,캐릭터 하나에게 피해를 $3 주고 <b>빙결</b> 상태로 만듭니다.,Steve Ellis,,2,40 레벨에 잠금 해제,이 카드를 낼 때는 "열 좀 식히세요!" "얼음!" 또는 "손이 시려워 꽁!"라고 외치는 게 관례입니다.,,2 레벨에 잠금 해제,,
True,Basic,얼음 회오리,Neutral,Common,,Spell,CS2_026,Mage,Freeze,모든 적 하수인을 <b>빙결</b> 상태로 만듭니다.,Josh Tallman,,3,23 레벨에 잠금 해제,주의: 연속으로 쓰면 따귀를 맞을지도 모름,,6 레벨에 잠금 해제,,
True,Basic,엘프 궁수,Horde,Common,1,Minion,CS2_189,,Battlecry,<b>전투의 함성:</b> 피해를 1 줍니다.,Steve Prescott,1,1,드루이드 57 레벨에 잠금 해제,그녀에게 작업 걸 생각 마세요. 머리에 화살 맞습니다.,,,,
,Basic,영웅의 일격,,,,Enchantment,CS2_105e,Warrior,OneTurnEffect,이번 턴에 공격력 +4,,,,,,,,,
True,Basic,영웅의 일격,Neutral,Free,,Spell,CS2_105,Warrior,,이번 턴에 내 영웅에게 공격력을 +4 부여합니다.,Jonboy Meyers,,2,15 레벨에 잠금 해제,마치 영웅이 된 것 같습니다. 한 턴뿐이지만요.,,1 레벨에 잠금 해제,,
True,Basic,영혼의 불꽃,Neutral,Common,,Spell,EX1_308,Warlock,,피해를 $4 줍니다. 무작위로 카드를 1장 버립니다.,Raymond Swanland,,1,28 레벨에 잠금 해제,상대의 영혼에 불을 지르는 걸까요? 아니면 자신의 영혼으로 상대에게 불을 지르는 걸까요? 비슷해 보이지만 정말 중요한 차이입니다.,,6 레벨에 잠금 해제,,
True,Basic,오아시스 무쇠턱거북,,Free,7,Minion,CS2_119,,,,Ittoku,2,4,드루이드 51 레벨에 잠금 해제,장래희망이 오아시스 용거북이라네요. 그런다고 날아다니거나 불을 뿜지도 못할 텐데 말이죠.,Beast,,,
True,Basic,오우거 마법사,Neutral,Common,4,Minion,CS2_197,,Spellpower,<b>주문 공격력 +1</b>,James Ryman,4,4,흑마법사 55 레벨에 잠금 해제,오우거에게 마법을 가르치다니 차라리 드워프에게 금주를 권하겠어요! 어우 끔찍해라.,,,,
True,Basic,왕의 수호자,Neutral,Common,6,Minion,CS2_088,Paladin,Battlecry,<b>전투의 함성:</b> 내 영웅이 생명력을 6 회복합니다.,E.M. Gist,5,7,47 레벨에 잠금 해제,신성한 존재들이 너무 많아서 이제는 좀 식상하군요.,,8 레벨에 잠금 해제,,
,Basic,왕의 축복,,,,Enchantment,CS2_092e,Paladin,,+4/+4,,,,,,,,,
True,Basic,왕의 축복,Neutral,Common,,Spell,CS2_092,Paladin,,하수인 하나에게 +4/+4를 부여합니다.,Lucas Graciano,,4,49 레벨에 잠금 해제,여태까지 암살당한 왕이 몇 명인데 정말 그들의 축복을 받고 싶으세요?,,10 레벨에 잠금 해제,,
True,Basic,용사의 진은검,Neutral,Common,,Weapon,CS2_097,Paladin,,내 영웅이 공격할 때마다 생명력을 2 회복합니다.,Ryan Sook,4,4,40 레벨에 잠금 해제,베고 찌르는 것 이외에 통조림을 따는 용도로도 쓸 수 있지만... 권하지는 않습니다.,,2 레벨에 잠금 해제,,2
True,Basic,용암 광전사,,Free,1,Minion,CS2_118,,,,Matt Gaser,5,3,주술사 51 레벨에 잠금 해제,자신이 강하다고 생각하고 생각하지만 이제 모두 화산 심장부 정도는 혼자 돌 수 있잖아요?,,,,
,Basic,은빛 성기사단 신병,,Free,1,Minion,CS2_101t,Paladin,,,,1,1,,,,,,
True,Basic,은빛털고릴라 우두머리,Horde,Common,4,Minion,CS2_127,,Taunt,<b>도발</b>,Daren Bader,1,3,전사 53 레벨에 잠금 해제,대장인 것처럼 행동하지만 진짜 실세는 그의 부인입니다.,Beast,,,
True,Basic,이글거리는 전쟁 도끼,Neutral,Free,,Weapon,CS2_106,Warrior,,,Lucas Graciano,3,2,49 레벨에 잠금 해제,한창 평화롭던 시절에는 사람들이 이 도끼를 다르게 불렀습니다. 싸늘한 평화 도끼라고 말이죠... 이 싸늘한 분위기는 뭘까요?,,1 레벨에 잠금 해제,,2
True,Basic,일제 사격,Neutral,Free,,Spell,DS1_183,Hunter,,무작위 적 하수인 둘에게 피해를 $3 줍니다.,Benjamin Zhang,,4,36 레벨에 잠금 해제,나올 때가 되면 항상 나오는 카드 중 하나죠.,,1 레벨에 잠금 해제,,
,Basic,자리 비움,,,,Enchantment,GAME_004,,,내 턴이 짧아집니다.,,,,,,,,,
True,Basic,전력 질주,Neutral,Common,,Spell,CS2_077,Rogue,,카드를 4장 뽑습니다.,James Zhang,,7,49 레벨에 잠금 해제,카드가 모자라면 몸이 고생이군요.,,10 레벨에 잠금 해제,,
True,Basic,전쟁 골렘,Neutral,Common,7,Minion,CS2_186,,,,Dave Kendall,7,7,도적 51 레벨에 잠금 해제,골렘은 두려움을 느끼지 못합니다. 그래도 공포를 시전하면 도망가더군요. 본능일까요? 아니면 따돌림받기 싫어서?,,,,
True,Basic,전쟁노래 사령관,Neutral,Free,3,Minion,EX1_084,Warrior,,공격력이 3 이하인 하수인을 소환할 때마다 그 하수인에게 <b>돌진</b>을 부여합니다.,Wei Wang,2,3,36 레벨에 잠금 해제,그롬 헬스크림이 족장이었던 부족의 사령관입니다. 말이 더 필요한가요?,,1 레벨에 잠금 해제,,
True,Basic,정신 분열,Neutral,Free,,Spell,DS1_233,Priest,,적 영웅에게 피해를 $5 줍니다.,Dave Allsop,,2,15 레벨에 잠금 해제,멘붕이 아닙니다. 정붕입니다.,,1 레벨에 잠금 해제,,
True,Basic,정신 자극,Neutral,Free,,Spell,EX1_169,Druid,,이번 턴에만 마나 수정을 2개 획득합니다.,Doug Alexander,,0,36 레벨에 잠금 해제,드루이드라면 누구나 한 번쯤 "자극 주세요!!" 소리를 들어보셨을 겁니다.,,1 레벨에 잠금 해제,,
True,Basic,정신 지배,Neutral,Common,,Spell,CS1_113,Priest,,적 하수인 하나를 우리편으로 만듭니다.,Sean O’Daniels,,10,49 레벨에 잠금 해제,"당하면 멘탈이 붕괴되는 기술" 1위 후보에 오른 영광스러운 주문입니다.,,10 레벨에 잠금 해제,,
,Basic,정신 지배,Neutral,Common,,Enchantment,CS1_113e,Priest,,상대편의 명을 따름,,,,,,,,,
True,Basic,제이나 프라우드무어,Neutral,Free,30,Hero,HERO_08,Mage,,,,,,,,,,,
,Basic,주인의 존재,,,,Enchantment,DS1_070o,Hunter,,+2/+2 <b>도발</b>,,,,,,,,,
True,Basic,죽음의 고리,Neutral,Common,,Spell,EX1_302,Warlock,,하수인 하나에게 피해를 $1 줍니다. 이때 그 하수인이 죽으면 카드를 1장 뽑습니다.,Matt Gaser,,1,43 레벨에 잠금 해제,굳이 마나를 해골 모양으로 변형시킨 노력이 가상하지 않습니까? 상으로 카드 1장은 줍시다.,,4 레벨에 잠금 해제,,
True,Basic,지옥의 불길,Neutral,Free,,Spell,CS2_062,Warlock,,<b>모든</b> 캐릭터에게 피해를 $3 줍니다.,Chippy,,4,49 레벨에 잠금 해제,흑마법사를 신뢰할 수 없는 대표적인 이유로 이 주문을 꼽을 수 있습니다.,,1 레벨에 잠금 해제,,
True,Basic,질풍,Neutral,Free,,Spell,CS2_039,Shaman,,하수인 하나에게 <b>질풍</b>을 부여합니다.,Justin Sweet,,2,23 레벨에 잠금 해제,질풍노도의 시기가 옵니다. 두 번 옵니다.,,1 레벨에 잠금 해제,,
,Basic,창공의 눈,,,,Enchantment,NEW1_033o,Hunter,,레오크가 공격력 +1 부여,,,,,,,,,
True,Basic,천벌의 망치,Neutral,Free,,Spell,CS2_094,Paladin,,피해를 $3 줍니다.
카드를 1장 뽑습니다.,Efrem Palacios,,4,32 레벨에 잠금 해제,훌륭한 성기사는 다양한 도구를 소지하고 다닙니다. 천벌의 망치 복수의 집게 정의의 쇠톱 등등...,,1 레벨에 잠금 해제,,
,Basic,천벌의 토템,Neutral,Free,2,Minion,CS2_052,Shaman,Spellpower,<b>주문 공격력 +1</b>,,0,1,,,Totem,,,
True,Basic,천상의 정신,,Common,,Spell,CS2_236,Priest,,하수인 하나의 생명력을 2배 증가시킵니다.,Jim Pavelec,,2,28 레벨에 잠금 해제,골칫거리 2배 재미도 2배!,,2 레벨에 잠금 해제,,
,Basic,천상의 정신,,,,Enchantment,CS2_236e,Priest,,생명력 2배 증가,,,,,,,,,
True,Basic,추적,Neutral,Free,,Spell,DS1_184,Hunter,,내가 다음에 뽑을 카드 3장을 미리 봅니다. 1장을 선택해 갖고 나머지는 버립니다.,Mauro Cascioli,,1,15 레벨에 잠금 해제,어떤 카드를 덱에 넣어야 할지 결정 못 하는 소심한 분들을 위해!,,1 레벨에 잠금 해제,,
,Basic,치유 토템,,Free,2,Minion,NEW1_009,Shaman,,내 턴이 끝날 때 모든 아군 하수인의 생명력을 1 회복시킵니다.,,0,1,,,Totem,,,
True,Basic,치유의 손길,Neutral,Free,,Spell,CS2_007,Druid,,생명력을 #8 회복시킵니다.,Cyril Van Der Haegen,,3,15 레벨에 잠금 해제,생명력 8... 더 망설일 거 있나요?,,1 레벨에 잠금 해제,,
True,Basic,칼날 부채,Neutral,Common,,Spell,EX1_129,Rogue,,모든 적 하수인에게 피해를 $1 줍니다. 카드를 1장 뽑습니다.,Andrew Robinson,,3,29 레벨에 잠금 해제,시전할 때 생기는 바람이 시원해서 지어진 이름이란 소문이 있습니다.,,4 레벨에 잠금 해제,,
True,Basic,코르크론 정예병,,Common,3,Minion,NEW1_011,Warrior,Charge,<b>돌진</b>,Alex Horley Orlandelli,4,4,44 레벨에 잠금 해제,코르크론은 가로쉬 헬스크림의 정예 부대입니다. 파란색 휘장을 차고 있을 땐 이들과 마주치지 않길 기도하십시오.,,4 레벨에 잠금 해제,,
True,Basic,코볼트 흙점쟁이,Horde,Common,2,Minion,CS2_142,,Spellpower,<b>주문 공격력 +1</b>,Gabor Szikszai,2,2,흑마법사 59 레벨에 잠금 해제,오래 전 코볼트는 누가 뭐래도 가장 질 좋은 초를 판매하는 상인들이었습니다만 지금은...,,,,
,Basic,킁킁이,,Common,2,Minion,NEW1_034,Hunter,Charge,<b>돌진</b>,,4,3,,,Beast,,,
,Basic,토템 소환,Neutral,Free,,Hero Power,CS2_049,Shaman,,<b>영웅 능력</b>
무작위 토템을 1개 소환합니다.,,,2,,,,,,
True,Basic,토템의 힘,Neutral,Common,,Spell,EX1_244,Shaman,,내 토템들에게 생명력을 +2 부여합니다.,Trent Kaniuga,,0,28 레벨에 잠금 해제,자 이제 제 토템 한 번 밟아 보시죠. (사악한 미소),,6 레벨에 잠금 해제,,
,Basic,토템의 힘,,,,Enchantment,EX1_244e,Shaman,,생명력 +2,,,,,,,,,
True,Basic,투기장의 제왕,Alliance,Common,5,Minion,CS2_162,,Taunt,<b>도발</b>,E.M. Gist,6,6,사제 59 레벨에 잠금 해제,2100+ 평점제 투기장 선수였지만 벌써 몇 년 전 이야기이고 아직까지 그 이야기로 주위 사람들을 피곤하게 한다고 합니다.,,,,
True,Basic,툰드라 코뿔소,Neutral,Common,5,Minion,DS1_178,Hunter,,나의 야수들이 <b>돌진</b>을 얻습니다.,Lars Grant-West,2,5,43 레벨에 잠금 해제,툰드라 코뿔소들은 종종 코도로 오해받곤 합니다. 아니면 그냥 제 착각일지도?,Beast,8 레벨에 잠금 해제,,
True,Basic,푸른아가미 전사,Neutral,Common,1,Minion,CS2_173,,Charge,<b>돌진</b>,Jakub Kasper,2,2,성기사 53 레벨에 잠금 해제,안아달라고 달려오는군요. 일단 젖을 각오는 해야겠습니다.,Murloc,,,
True,Basic,풋내기 기술자,Alliance,Free,1,Minion,EX1_015,,Battlecry,<b>전투의 함성:</b> 카드를 1장 뽑습니다.,Karl Richardson,1,2,드루이드 59 레벨에 잠금 해제,"수강생들의 반은 재수강도 하지 못할 걸요? 닭으로 변해 있을 테니까요." - 수석땜장이 오버스파크 기계공학개론 101장 강의 중에서.,,,,
,Basic,피의 욕망,,,,Enchantment,CS2_046e,Shaman,OneTurnEffect,이번 턴에 공격력 +3,,,,,,,,,
True,Basic,피의 욕망,Neutral,Common,,Spell,CS2_046,Shaman,,이번 턴에 내 하수인들에게 공격력을 +3 부여합니다.,Luca Zontini,,5,40 레벨에 잠금 해제,우워오우아오어오우오우아우어오얽!,,2 레벨에 잠금 해제,,
,Basic,하급 치유,Neutral,Free,,Hero Power,CS1h_001,Priest,,<b>영웅 능력</b>
생명력을 2 회복시킵니다.,,,2,,,,,,
True,Basic,할퀴기,Neutral,Free,,Spell,CS2_005,Druid,,내 영웅에게 방어도를 +2 부여하고 이번 턴에만 공격력을 +2 부여합니다.,Dany Orizio,,1,32 레벨에 잠금 해제,남자 캐릭터에겐 민망함을 무릅쓰고 상대를 할퀼 용기를 주는 카드입니다.,,1 레벨에 잠금 해제,,
,Basic,할퀴기,,,,Enchantment,CS2_005o,Druid,OneTurnEffect,이번 턴에 공격력 +2,,,,,,,,,
,Basic,해골,Neutral,Common,1,Minion,skele11,,,<b></b>,,1,1,,,,,,
True,Basic,혼절시키기,Neutral,Free,,Spell,EX1_581,Rogue,,적 하수인 하나를 상대편의 손으로 돌려보냅니다.,Scott Altmann,,2,40 레벨에 잠금 해제,주사가 심한 친구를 집에 데려다 줄 때 유용합니다.,,1 레벨에 잠금 해제,,
,Basic,화염 작렬,Neutral,Free,,Hero Power,CS2_034,Mage,,<b>영웅 능력</b>
피해를 1 줍니다.,,,2,,,,,,
True,Basic,화염구,Neutral,Free,,Spell,CS2_029,Mage,,피해를 $6 줍니다.,Ralph Horsley,,4,44 레벨에 잠금 해제,이 주문은 뭐든 불태울 때 좋습니다. 혹시 뭔가 살짝 굽거나 따뜻하게 만드는 주문을 찾으셨다면 죄송합니다.,,1 레벨에 잠금 해제,,
,Basic,환영 복제,Neutral,Common,2,Minion,CS2_mirror,Mage,Taunt,<b>도발</b>,,0,0,,,,,,
True,Basic,환영 복제,Neutral,Common,,Spell,CS2_027,Mage,,<b>도발</b> 능력이 있는 0/2 하수인을 둘 소환합니다.,Jim Nelson,,1,36 레벨에 잠금 해제,와 환영 복제다! !다제복 영환 와,,4 레벨에 잠금 해제,,
True,Basic,황금골 보병,Alliance,Common,2,Minion,CS1_042,,Taunt,<b>도발</b>,Donato Giancola,1,1,성기사 57 레벨에 잠금 해제,만약 황금골을 수비하는 모든 하수인이 1/2이었다면 이미 몇 년 전에 초토화됐을 겁니다.,,,,
True,Basic,회갈색 늑대,Neutral,Free,1,Minion,DS1_175,Hunter,Aura,나의 다른 야수들이 공격력을 +1 얻습니다.,Malcolm Davis,1,1,23 레벨에 잠금 해제,다른 야수들의 사랑을 독차지한답니다.,Beast,1 레벨에 잠금 해제,,
True,Basic,회전베기,Neutral,Common,,Spell,CS2_114,Warrior,,무작위 적 하수인 둘에게 피해를 $2 줍니다.,Phroilan Gardner,,2,40 레벨에 잠금 해제,거기 둘... 잠깐만 가까이 붙어 줄래?,,2 레벨에 잠금 해제,,
True,Basic,휘둘러치기,Neutral,Common,,Spell,CS2_012,Druid,,선택한 적 하나에게 피해를 $4 주고 다른 모든 적에게 피해를 $1 줍니다.,Sean O’Daniels,,4,47 레벨에 잠금 해제,곰이 팔을 뒤로 젖히면 당신을 확 휘둘러치거나! ...꼭 안아주려는 겁니다.,,8 레벨에 잠금 해제,,
True,Basic,희생의 서약,,Common,,Spell,NEW1_003,Warlock,,악마를 하나 처치합니다. 내 영웅이 생명력을 #5 회복합니다.,Jim Nelson,,0,15 레벨에 잠금 해제,악마와 흑마법사 사이의 미묘한 긴장감은 이 주문에서 비롯됐다고 봐도 과언이 아닙니다.,,8 레벨에 잠금 해제,,
,Basic,힘의 축복,Neutral,,,Enchantment,CS2_087e,Paladin,,공격력 +3,,,,,,,,,
True,Basic,힘의 축복,Neutral,Free,,Spell,CS2_087,Paladin,,하수인 하나에게 공격력을 +3 부여합니다.,Zoltan Boros,,1,45 레벨에 잠금 해제,"이런 내가 힘까지 세지면 어떨 것 같아?" - 토드 매클 최근에 상향된 징벌 성기사,,1 레벨에 잠금 해제,,
