MECHANICS,SET,NAME,ARTIST,ELITE,TEXT,RARITY,ATTACK,COST,HEALTH,RACE,TYPE,ID,COLLECTIBLE,FLAVOR,PLAYERCLASS,DURABILITY
Charge,Goblins vs Gnomes,V-07-TR-0N,Chris Seaman,True,<b>돌진</b>
<b>광풍</b> <i>(한 턴에 4번 공격 가능)</i>,Legendary,4,8,8,Mech,Minion,GVG_111t,,,,
,Goblins vs Gnomes,가루바위 트로그,Peet Cooper,,상대편이 주문을 시전할 때마다 공격력을 +1 얻습니다.,Common,2,2,3,,Minion,GVG_067,True,트로그 냄새가 그렇게 고약하다지만 트로그 시 낭송 듣기보다는 낫답니다.,,
,Goblins vs Gnomes,가즈로,Luke Mancini,True,1 마나 주문을 시전할 때마다 무작위 기계 하수인 하나를 내 손으로 가져옵니다.,Legendary,3,6,6,,Minion,GVG_117,True,가즈로는 고등학교 때 "뭐든 가장 잘 폭발시키는 친구" 1위로 선정되었습니다.,,
,Goblins vs Gnomes,가즈릴라,Raymond Swanland,True,이 하수인은 피해를 입을 때마다 공격력이 2배가 됩니다.,Legendary,6,7,9,Beast,Minion,GVG_049,True,가즈릴라 사냥의 마무리는 항상 무두질이죠.,Hunter,
,Goblins vs Gnomes,강철 사부,Brian Despain,,내 턴이 끝날 때 다른 아군 기계 하수인 하나에게 +2/+2를 부여합니다.,Rare,2,3,2,Mech,Minion,GVG_027,True,보통 사람이 우리 사부님께 배우기는 참으로 어려운 것 같습니다. 

01000111101001001이 무슨 뜻일까요?,Rogue,
,Goblins vs Gnomes,강철 이빨,,,공격력 +2,,,,,,Enchantment,GVG_048e,,,Hunter,
Battlecry,Goblins vs Gnomes,강철니 표범로봇,Hideaki Takamura,,<b>전투의 함성</b>: 내 다른 기계 하수인들에게 공격력을 +2 부여합니다.,Rare,3,3,3,Mech,Minion,GVG_048,True,비를 맞히지 마세요. 녹슨니 표범로봇이 될 수도 있습니다.,Hunter,
Battlecry,Goblins vs Gnomes,강철의 거대괴수,Raymond Swanland,True,<b>전투의 함성:</b> 상대편의 덱에 지뢰 카드를 섞어 넣습니다. 상대편이 지뢰를 뽑으면 폭발하며 피해를 10 줍니다.,Legendary,6,6,5,Mech,Minion,GVG_056,True,강철의 거대괴수는 오그리마를 지킵니다. "이달의 직원" 상도 받았다네요!,Warrior,
,Goblins vs Gnomes,강철의 힘,,,능력치 상승,,,,,,Enchantment,GVG_027e,,,Rogue,
,Goblins vs Gnomes,강화 갑옷,,,생명력 +1,,,,,,Enchantment,PART_001e,,,,
,Goblins vs Gnomes,강화 갑옷,Nutchapol Thitinunthakorn,,하수인 하나에게 생명력을 +1 부여합니다.,,,1,,,Spell,PART_001,,,,
Deathrattle,Goblins vs Gnomes,강화 철퇴,Zoltan and Gabor,,<b>죽음의 메아리</b>: 무작위 아군 기계 하수인 하나에게 +2/+2를 부여합니다.,Rare,3,3,,,Weapon,GVG_036,True,과연 주술사들이 정령을 부리는 걸까요? 사실 주술사들은 정령에게 손이 발이 되도록 빌고 정령들은 "뭐 까짓것 도와줄까?"하는 입장이랍니다.,Shaman,2
,Goblins vs Gnomes,강화됨,,,+2/+2,,,,,,Enchantment,GVG_036e,,,Shaman,
Battlecry,Goblins vs Gnomes,강화로봇,Zoltan Boros,,<b>전투의 함성:</b> 내 다른 하수인들에게 무작위로 <b>질풍</b> <b>도발</b> <b>천상의 보호막</b> 중 하나를 부여합니다.,Epic,3,4,2,Mech,Minion,GVG_107,True,전 왜 질풍만 걸리는 걸까요?,,
,Goblins vs Gnomes,갤리웍스의 동전,,,이번 턴에만 마나 수정을 1개 획득합니다.
<i>(갤리윅스의 효과를 발동시키지 않습니다.)</i>,,,0,,,Spell,GVG_028t,,,,
,Goblins vs Gnomes,거대 화염전차,Aleksi Briclot,True,이 카드를 뽑을 때 <b>모든</b> 캐릭터에게 피해를 2 줍니다.,Legendary,7,7,7,Mech,Minion,GVG_007,True,미미론은 가끔씩 거대 화염전차에 올라 폭주 드라이빙을 즐기곤 한답니다.,Mage,
,Goblins vs Gnomes,거미 전차,Dany Orizio,,,Common,3,3,4,Mech,Minion,GVG_044,True,"여기 총을 달아보면 어떨까?" - 피즈블리츠 거미 자동차를 바라보며.,,
,Goblins vs Gnomes,거인 태엽돌이,Dan Scott,,상대편의 손에 있는 카드 1장당 비용이 (1)씩 감소합니다.,Epic,8,12,8,Mech,Minion,GVG_121,True,산악 거인과는 숙명의 라이벌입니다.,,
,Goblins vs Gnomes,검은폭탄,Jeff Haynie,,피해를 $3 줍니다.,Common,,2,,,Spell,GVG_015,True,"이모티콘" 덱에는 필수로 들어가는 카드입니다!,Warlock,
Aura,Goblins vs Gnomes,고블린 공병,Jesper Esjing,,상대편의 손에 카드가 6장 이상 있으면 공격력을 +4 갖습니다.,Rare,2,3,4,,Minion,GVG_095,True,전직하기 전에는 정신 나간 폭격수였답니다.,,
Battlecry,Goblins vs Gnomes,고블린 자동 이발기,Zolton Boros,,<b>전투의 함성:</b> 내 무기에 공격력을 +1 부여합니다.,Common,3,2,2,Mech,Minion,GVG_023,True,고블린이 아니라면 고블린과 키가 똑같아질 수도 있습니다.,Rogue,
Battlecry,Goblins vs Gnomes,고블린 폭발법사,Glenn Rane,,<b>전투의 함성:</b> 전장에 내 기계 하수인이 있으면 모든 적에게 4의 피해를 무작위로 나누어 입힙니다.,Rare,5,4,4,,Minion,GVG_004,True,만약 주위에 폭탄이 없다면 아무 고블린 발명품이나 집어서 던지세요!,Mage,
,Goblins vs Gnomes,고철 획득,,,능력치 증가,,,,,,Enchantment,GVG_106e,,,,
,Goblins vs Gnomes,고철로봇,Zoltan Boros,,아군 기계 하수인이 죽을 때마다 +2/+2를 얻습니다.,Epic,1,5,5,Mech,Minion,GVG_106,True,어떤 로봇의 고철은 다른 로봇을 멋지게 업그레이드하는데 쓰입니다!,,
,Goblins vs Gnomes,고통의 여제,Carl Critchlow,,이 하수인이 피해를 줄 때마다 내 영웅이 그만큼의 생명력을 회복합니다.,Rare,1,2,4,Demon,Minion,GVG_018,True,네 고통이 곧 내 기쁨일지어다!,Warlock,
,Goblins vs Gnomes,공격 모드,,,공격력 +1,,,,,,Enchantment,GVG_030ae,,,Druid,
,Goblins vs Gnomes,공격 모드,,,공격력을 +1 얻습니다.,,,,,,Spell,GVG_030a,,,Druid,
,Goblins vs Gnomes,공성 전차,Zero Yue,,내가 방어도를 얻을 때마다 이 하수인이 공격력을 +1 얻습니다.,Rare,5,5,5,Mech,Minion,GVG_086,True,겨울손아귀 요새의 유일한 약점입니다!,Warrior,
,Goblins vs Gnomes,광휘의 노움,Jim Nelson,,내 턴이 끝날 때 내 영웅에게 <b>비밀</b>이 걸려 있으면 내 영웅의 생명력을 4 회복시킵니다.,Rare,2,3,4,,Minion,GVG_089,True,"루모스!"라고 외치진 않습니다. 여기가 뭐 호그와트도 아니고...,,
,Goblins vs Gnomes,권투로봇,Dan Scott,,캐릭터가 치유될 때마다 무작위 적 하나에게 피해를 1 줍니다.,Rare,2,2,3,Mech,Minion,GVG_072,True,주 기능은 주먹질입니다. 보조 기능도 주먹질입니다.,Priest,
,Goblins vs Gnomes,그림자 숨기,,,생명력 바뀜,,,,,,Enchantment,GVG_014a,,,Priest,
Battlecry,Goblins vs Gnomes,그림자 폭격수,Matt Dixon,,<b>전투의 함성:</b> 각 영웅에게 피해를 3씩 줍니다.,Epic,2,1,1,,Minion,GVG_009,True,아프냐? 나도 아프다.,Priest,
Spellpower,Goblins vs Gnomes,그을음 생성로봇,Phil Saunders,,<b>주문 공격력 +1</b>,Rare,3,3,3,Mech,Minion,GVG_123,True,그을음 생성로봇의 창시자와 고블린 벌목기의 창시자는 개와 고양이처럼 사이가 안 좋다고 합니다.,Mage,
,Goblins vs Gnomes,기계박사 텔마플러그,Trent Kaniuga,True,적 하수인이 죽을 때마다 오염된 노움을 하나 소환합니다.,Legendary,9,9,7,Mech,Minion,GVG_116,True,진심으로 상대편을 안아주고 싶어 하는 것 같습니다.,,
Deathrattle,Goblins vs Gnomes,기계설인,Chris Seaman,,<b>죽음의 메아리:</b> 각 플레이어에게 <b>예비 부품</b>을 하나 줍니다.,Common,4,4,5,Mech,Minion,GVG_078,True,서리바람 설인의 야만성과 범용성을 그대로 가져온 친구입니다.,,
Aura,Goblins vs Gnomes,기계소환로봇,Phil Saunders,,내 기계 하수인의 비용이 (1) 감소합니다.,Common,2,2,3,Mech,Minion,GVG_006,True,기계를 소환하는 기계라니? 다음은 뭘까요? 도넛을 소환하는 도넛? 흐음...,,
,Goblins vs Gnomes,기계표범곰,Trent Kaniuga,,이 하수인이 피해를 입을 때마다 <b>예비 부품</b> 카드를 내 손으로 1장 가져옵니다.,Rare,7,6,6,Mech,Minion,GVG_034,True,딜도 되고 탱도 됩니다.,Druid,
,Goblins vs Gnomes,길 잃은 타조,Benjamin Zhang,,,Common,5,4,4,Beast,Minion,GVG_071,True,엉덩이에 이런 낙인이 찍혀 있네요. "찾으시면 멀고어로 데려와 주세요. 사례하겠습니다.",,
Stealth,Goblins vs Gnomes,길블린 추적자,Seamus Gallagher,,<b>은신</b>,Common,2,2,3,,Minion,GVG_081,True,"쉿 무슨 소리 들리지 않아?"

"아 잘못 들었을 겁니다." - 모든 비극의 시작,,
Battlecry,Goblins vs Gnomes,깡통나사 고물로봇,Jesper Esjing,,<b>전투의 함성</b>: 아군 기계 하수인 하나에게 +2/+2를 부여합니다.,Rare,2,4,5,Mech,Minion,GVG_055,True,동작을 멈추면 이렇게 외치면서 발로 몇 번 차주세요. "이 고물 같으니라고!",Warrior,
Battlecry|Taunt,Goblins vs Gnomes,꼬마 퇴마사,Jim Nelson,,<b>도발</b>
<b>전투의 함성:</b> 상대편의 <b>죽음의 메아리</b> 하수인 하나당 +1/+1을 얻습니다.,Rare,2,3,3,,Minion,GVG_097,True,아제로스에는 흑마법사가 엉뚱한 악마를 소환했을 때를 대비하여 마을마다 긴급 출동하는 5분 대기조 퇴마사들이 있답니다.,,
Freeze,Goblins vs Gnomes,꽁꽁로봇,Gabor Szikszai,,이 하수인에게 피해를 입은 캐릭터는 <b>빙결</b> 상태가 됩니다.,Common,2,2,3,Mech,Minion,GVG_002,True,천천히 뒤뚱거리며 이런 소리를 냅니다. "칙칙폭폭! 칙칙폭폭!",Mage,
,Goblins vs Gnomes,나루의 빛,Jesper Ejsing,,생명력을 #3 회복시킵니다. 그래도 대상이 피해를 입은 상태라면 빛의 감시자를 소환합니다.,Rare,,1,,,Spell,GVG_012,True,주의: 대상의 눈과 입에서 하루 종일 빛이 발사될 수 있음,Priest,
,Goblins vs Gnomes,나사 풀린 깡통,,,+2/+2,,,,,,Enchantment,GVG_055e,,,Warrior,
,Goblins vs Gnomes,날뛰는 톱날,Andrew Hou,,무작위 하수인 하나에게 피해를 $1 줍니다. 하수인 하나가 죽을 때까지 반복됩니다.,Epic,,3,,,Spell,GVG_050,True,고블린들만큼은 이게 꽤 괜찮은 무기라고 생각하고 있었는데 이제는 좀 생각이 바뀌고 있답니다.,Warrior,
,Goblins vs Gnomes,날카로워짐,,,공격력 +1,,,,,,Enchantment,GVG_023a,,,,
Battlecry,Goblins vs Gnomes,낡은 치유로봇,Jesper Esjing,,<b>전투의 함성:</b> 내 영웅이 생명력을 8 회복합니다.,Common,3,5,3,Mech,Minion,GVG_069,True,낡고 녹슬었지만 결정적인 순간마다 날 지켜주던 소중한 녀석입니다. (가끔 폭발하긴 하지만요.),,
Battlecry,Goblins vs Gnomes,넵튤론,Ruan Jia,True,<b>전투의 함성:</b> 무작위 멀록 4마리를 내 손으로 가져옵니다. <b>과부하: (3)</b>,Legendary,7,7,7,,Minion,GVG_042,True,넵튤론과 라그나로스를 구분 못 하시면 물불 못 가리시는 겁니다.,Shaman,
,Goblins vs Gnomes,노련한 뱃사람,Alex Horley Orlandelli,,,Common,7,5,4,Pirate,Minion,GVG_070,True,난 해적왕이 될 남자다!,,
Battlecry,Goblins vs Gnomes,노움 실험가,Jesper Esjing,,<b>전투의 함성:</b> 카드를 1장 뽑습니다. 뽑은 카드가 하수인이면 닭으로 변신시킵니다.,Rare,3,3,2,,Minion,GVG_092,True,닭으로 변신시킬 때마다 의외로 엄청나게 놀란다고 합니다.,,
Deathrattle,Goblins vs Gnomes,노움 태엽돌이,Matt Dixon,,<b>죽음의 메아리:</b> <b>예비 부품</b> 카드를 내 손으로 1장 가져옵니다.,Common,2,1,1,Mech,Minion,GVG_082,True,이동식 은행 겸 상점 로봇입니다.,,
,Goblins vs Gnomes,녹슨 호른,Peerasak Senalai,,하수인 하나에게 <b>도발</b>을 부여합니다.,,,1,,,Spell,PART_003,,,,
Charge|Taunt,Goblins vs Gnomes,놈리건 보병,Zoltan & Gabor,,<b>돌진</b>
<b>도발</b>,Common,1,3,4,,Minion,GVG_098,True,아무리 놈리건이 방사능 오염과 공기 오염에 노출되었대도 꿋꿋이 탈환을 희망하는 굳센 녀석입니다.,,
Deathrattle,Goblins vs Gnomes,누군가 조종하는 벌목기,Dan Scott,,<b>죽음의 메아리:</b> 비용이 2인 무작위 하수인을 하나 소환합니다.,Common,4,4,3,Mech,Minion,GVG_096,True,한때 벌목기는 고블린들만 타는 로봇이었습니다만 요즘엔 파멸의 예언자부터 전승지기 초까지 한 대씩 타고 다니더라고요.,,
Deathrattle,Goblins vs Gnomes,누군가 조종하는 하늘 골렘,Michael Phillippi,,<b>죽음의 메아리:</b> 비용이 4인 무작위 하수인을 하나 소환합니다.,Epic,6,6,4,Mech,Minion,GVG_105,True,고블린 기계공학의 꽃이라 할 수 있습니다. 에스프레소 머신과 발 마사지 기계도 탑재되어 있습니다.,,
,Goblins vs Gnomes,닭,,,,,1,1,1,Beast,Minion,GVG_092t,,,,
,Goblins vs Gnomes,대지종결자 트로그조르,Mike Sass,True,상대편이 주문을 시전할 때마다 힘센 바위턱트로그를 하나 소환합니다.,Legendary,6,7,6,,Minion,GVG_118,True,어떻게 대지를 종결하냐고요? 글쎄요.,,
,Goblins vs Gnomes,도금됨,,,공격력 증가,,,,,,Enchantment,GVG_086e,,,Warrior,
,Goblins vs Gnomes,뒤바뀜,,,전환 스위치에 의해 공격력과 생명력이 뒤바뀜,,,,,,Enchantment,PART_006a,,,,
Battlecry,Goblins vs Gnomes,땜장이 마을 기술자,Gabor Szikszai,,<b>전투의 함성:</b> 내 전장에 기계 하수인이 있다면 +1/+1을 얻고 <b>예비 부품</b> 카드를 내 손으로 1장 가져옵니다.,Common,3,3,3,,Minion,GVG_102,True,땜장이 마을에서 잘 나가는 기술자입니다.,,
,Goblins vs Gnomes,땜장이 마을의 힘,,,+1/+1,,,,,,Enchantment,GVG_102e,,,,
Combo,Goblins vs Gnomes,땜장이의 뾰족칼 기름,Den,,내 무기에 공격력을 +3 부여합니다. <b>연계:</b> 무작위 아군 하수인 하나에게 공격력을 +3 부여합니다.,Common,,4,,,Spell,GVG_022,True,주의: 불똥이 튀면 칼에 불이 붙을 수 있음,Rogue,
,Goblins vs Gnomes,땜장이의 뾰족칼 기름,,,공격력 +3,,,,,,Enchantment,GVG_022a,,,,
,Goblins vs Gnomes,땜장이의 뾰족칼 기름,,,공격력 +3,,,,,,Enchantment,GVG_022b,,,,
,Goblins vs Gnomes,떠 다니는 감시자,Todd Lockwood,,내 턴에 내 영웅이 피해를 입을 때마다 +2/+2를 얻습니다.,Common,4,5,4,Demon,Minion,GVG_100,True,본래 이름은 사악한 눈깔 감시자였지만 좀 과하게 무시무시한 것 같아서 순화했습니다.,Warlock,
,Goblins vs Gnomes,령 골렘,Josh Harris,,각 턴이 끝날 때마다 내 전장에 다른 하수인이 없다면 이 하수인을 처치합니다.,Epic,9,6,9,Mech,Minion,GVG_077,True,암흑 원령은 사악하고 신비롭고 거대하며 문장 하나도 제대로 완성하지 못하는 최악의 문법 실력을 갖고 있습니다.,Warlock,
,Goblins vs Gnomes,마나의 선물,,,각 플레이어가 마나 수정을 1개 획득합니다.,,,,,,Spell,GVG_032a,,,Druid,
Aura,Goblins vs Gnomes,마법 흡수함,,,공격력 증가,,,,,,Enchantment,GVG_067a,,,,
Aura,Goblins vs Gnomes,마법 흡수함,,,공격력 증가,,,,,,Enchantment,GVG_068a,,,,
Divine Shield,Goblins vs Gnomes,막강 에너지 전차,Nutchapol Thitinunthakorn,,<b>천상의 보호막</b>,Common,7,8,7,Mech,Minion,GVG_079,True,이 에너지 전차를 만드는 공장은 타나리스에 있습니다. 하지만 딱 2대밖에 못 만들었답니다. 예산이 초과돼서요.,,
Aura,Goblins vs Gnomes,말가니스,Wayne Reynolds,True,내 다른 악마들이 +2/+2를 얻습니다.
내 영웅이 <b>피해 면역</b> 상태가 됩니다.,Legendary,9,9,7,Demon,Minion,GVG_021,True,배신을 무척이나 싫어하는 녀석이니 이 카드를 버렸다면 뒤통수 조심하세요.,Warlock,
,Goblins vs Gnomes,말가니스의 손아귀,,,말가니스가 +2/+2 부여,,,,,,Enchantment,GVG_021e,,,Warlock,
Deathrattle,Goblins vs Gnomes,말로른,Oliver Chipping,True,<b>죽음의 메아리:</b> 이 하수인을 내 덱에 다시 섞어 넣습니다.,Legendary,9,7,7,Beast,Minion,GVG_035,True,거대한 사슴은 순백색으로 흡사 달빛과 같은 부드러운 빛을 발산합니다. 그는 당신을 깊은 은빛 여울 같은 태고의 지혜가 느껴지는 눈으로 응시하고 있으며 존재하는 것만으로도 차분해지는 오라를 내뿜고 있습니다.,Druid,
,Goblins vs Gnomes,메디브의 메아리,Alex Garner,,전장의 아군 하수인들을 복사하여 손으로 가져옵니다.,Epic,,4,,,Spell,GVG_005,True,"나는 그저 과거의 전설로 남으려 한다아아아아아...",Mage,
,Goblins vs Gnomes,모고르,Michal Ivan,True,<b>모든</b> 하수인들이 50%의 확률로 엉뚱한 적을 공격합니다.,Legendary,7,6,6,,Minion,GVG_112,True,옛날 모고르의 도움으로 어둠의 문을 다시 열었던 적이 있었습니다. 이제 오우거에게 의지하면 어떻게 되는지 잘 아시겠죠?,,
Windfury,Goblins vs Gnomes,모래망치 주술사,José Ladrönn,,<b>질풍 과부하: (1)</b>
50%의 확률로 엉뚱한 적을 공격합니다.,Rare,5,4,4,,Minion,GVG_066,True,방금 공격하는 거 보셨어요? 눈 감고 때리는 거?,Shaman,
,Goblins vs Gnomes,무역왕 갤리윅스,Wei Wang,True,상대편이 주문을 시전할 때마다 동일한 주문을 내 손으로 가져오고 상대편에게 동전을 줍니다.,Legendary,5,6,8,,Minion,GVG_028,True,"내 사례는 넉넉히 하지!",Rogue,
,Goblins vs Gnomes,미미론의 머리,Trent Kaniuga,True,내 턴이 시작될 때 내게 기계 하수인이 3대 이상 있으면 모두 파괴하고 V-07-TR-0N을 소환합니다.,Legendary,4,5,5,Mech,Minion,GVG_111,True,빨간색 버튼을 누르지 마십시오!,,
Battlecry,Goblins vs Gnomes,박사 붐,Alex Garner,True,<b>전투의 함성</b>: 1/1 폭탄로봇을 2대 소환합니다. <i>경고: 로봇이 폭발할 수 있음.</i>,Legendary,7,7,7,,Minion,GVG_110,True,붐바스틱!,,
,Goblins vs Gnomes,밥통고블린,Laurel D. Austin,,내가 공격력이 1인 하수인을 낼 때마다 그 하수인에게 +2/+2를 부여합니다.,Epic,2,3,3,,Minion,GVG_104,True,야 이 밥통아!,,
,Goblins vs Gnomes,방어 모드,,,생명력을 +1 얻습니다.,,,,,,Spell,GVG_030b,,,Druid,
,Goblins vs Gnomes,방어 모드,,,생명력 +1,,,,,,Enchantment,GVG_030be,,,Druid,
Battlecry,Goblins vs Gnomes,방패 여전사,Alex Horley Orlandelli,,<b>전투의 함성:</b> 방어도를 +5 얻습니다.,Rare,5,6,5,,Minion,GVG_053,True,철벽녀?,Warrior,
Battlecry|Taunt,Goblins vs Gnomes,백수의 왕,Seamus Gallagher,,<b>도발</b>. <b>전투의 함성:</b> 전장의 다른 아군 야수 하나당 공격력을 +1 얻습니다.,Rare,2,5,6,Beast,Minion,GVG_046,True,당연하지만 10년째 집에서 놀고 계신 우리 삼촌을 말하는 게 아닙니다.,Hunter,
,Goblins vs Gnomes,벨렌의 선택,Alex Horley Orlandelli,,하수인 하나에게 +2/+4와 <b>주문 공격력 +1</b>을 부여합니다.,Common,,3,,,Spell,GVG_010,True,벨렌이 누군가를 선택할 때마다 이렇게 외친다고 합니다. "그래 너로 정했다!",Priest,
,Goblins vs Gnomes,벨렌의 선택,,,+2/+4 <b>주문 공격력 +1</b>,,,,,,Enchantment,GVG_010b,,,,
,Goblins vs Gnomes,병력 소집,Mike Hayes,,1/1 은빛 성기사단 신병을 3명 소환합니다. 1/4 무기를 장착합니다.,Rare,,3,,,Spell,GVG_061,True,"말 잘 들으시면 조기 퇴소시켜 드립니다!",Paladin,
Battlecry,Goblins vs Gnomes,병참장교,Phroilan Gardner,,<b>전투의 함성:</b> 내 은빛 성기사단 신병들에게 +2/+2를 부여합니다.,Epic,2,5,5,,Minion,GVG_060,True,군인입니다. 상인이 아니라고요.,Paladin,
Divine Shield,Goblins vs Gnomes,보호막을 쓴 꼬마로봇,Raymond Swanland,,<b>천상의 보호막</b>,Common,2,2,2,Mech,Minion,GVG_058,True,신에 대한 믿음조차 프로그래밍된 녀석입니다!,Paladin,
,Goblins vs Gnomes,볼바르 폴드라곤,Tooth,True,내 손에 있을 때 전장의 내 하수인이 죽을 때마다 공격력을 +1 얻습니다.,Legendary,1,5,7,,Minion,GVG_063,True,스포일러 경고: 볼바르는 용암 인간이 되어 얼어붙은 왕좌에 앉고 모두 그를 잊어버립니다.,Paladin,
Battlecry,Goblins vs Gnomes,볼진,Raymond Swanland,True,<b>전투의 함성:</b> 다른 하수인 하나와 생명력을 바꿉니다.,Legendary,6,5,2,,Minion,GVG_014,True,왜 볼진이 사제 카드냐고요? 볼진은 어둠사냥꾼입니다. 그리고 어둠사냥꾼은 뭐랄까... 좀 부두교에 심취한 암흑 사제 느낌이랄까요?,Priest,
,Goblins vs Gnomes,불안정한 차원문,Sean O'Daniels,,무작위 하수인 카드 1장을 내 손으로 가져옵니다. 그 카드의 비용이 (3) 감소합니다.,Rare,,2,,,Spell,GVG_003,True,아제로스의 거주민들은 차원문 안정화에 얼마나 많은 비용이 들어가는지 알지 못합니다. GDP의 30%는 차원문 유지에 들어갈걸요?,Mage,
Battlecry,Goblins vs Gnomes,붉은십자군 정화전사,Anton Zemskov,,<b>전투의 함성</b>: <b>죽음의 메아리</b> 능력을 가진 <b>모든</b> 하수인에게 피해를 2 줍니다.,Rare,4,3,3,,Minion,GVG_101,True,붉은십자군은 시장 조사를 통해 사람들이 "연보라십자군"을 더 호의적으로 느끼는 지에 대해 알아보고 있습니다.,Paladin,
Battlecry,Goblins vs Gnomes,블링트론 3000,Jomaro Kindred,True,<b>전투의 함성:</b> <b>모든</b> 플레이어가 무작위 무기를 하나씩 장착합니다.,Legendary,3,5,4,Mech,Minion,GVG_119,True,간단히 "블링"이라고 불리기를 좋아하는 이 로봇은 자신에게 말을 거는 이에게 무작위 선물을 줍니다. 10분 동안 지속되며 선물은 하루에 한 번만 받을 수 있습니다.,,
Freeze,Goblins vs Gnomes,비상용 냉각제,Peerasak Senalai,,하수인 하나를 <b>빙결</b> 상태로 만듭니다.,,,1,,,Spell,PART_005,,,,
Windfury,Goblins vs Gnomes,비행기,Matt Dixon,,<b>질풍</b>,Common,1,3,4,Mech,Minion,GVG_084,True,철없을 적 내 기억 속에 비행기 타고 가요.,,
ImmuneToSpellpower,Goblins vs Gnomes,빛의 문장,Jason Chan,,내 영웅의 생명력을 #4 회복시키고 이번 턴에 공격력을 +2 얻습니다.,Common,,2,,,Spell,GVG_057,True,빛의 도장은 생명력을 8 회복시킵니다.,Paladin,
OneTurnEffect,Goblins vs Gnomes,빛의 문장,,,이번 턴에 공격력 +2,,,,,,Enchantment,GVG_057a,,,,
AffectedBySpellPower,Goblins vs Gnomes,빛폭탄,Luca Zontini,,<b>모든</b> 하수인들이 자신의 공격력만큼 피해를 입습니다.,Epic,,6,,,Spell,GVG_008,True,고블린이 사제가 되게 놔두면 이렇게 되는 겁니다.,Priest,
,Goblins vs Gnomes,생명의 나무,Steve Prescott,,<b>모든</b> 캐릭터를 최대 생명력으로 회복시킵니다.,Epic,,9,,,Spell,GVG_033,True,식목일 덱의 완성,Druid,
,Goblins vs Gnomes,선조의 부름,Dan Scott,,각 플레이어의 손에 있는 무작위 하수인 하나를 전장에 놓습니다.,Epic,,4,,,Spell,GVG_029,True,"어이! 후손!" - 선조의 부름,Shaman,
,Goblins vs Gnomes,소용돌이 칼날,Nutchapol Thitinunthakorn,,하수인 하나에게 공격력을 +1 부여합니다.,,,1,,,Spell,PART_007,,,,
,Goblins vs Gnomes,소용돌이 칼날,,,공격력 +1,,,,,,Enchantment,PART_007e,,,,
,Goblins vs Gnomes,송곳니의 드루이드,Massive Black,,,,7,5,7,Beast,Minion,GVG_080t,,,Druid,
Battlecry,Goblins vs Gnomes,송곳니의 드루이드,Brandon Kitkouski,,<b>전투의 함성:</b> 내 전장에 야수가 있다면 7/7로 변신합니다.,Common,4,5,4,,Minion,GVG_080,True,송곳니의 드루이드는 통곡의 동굴에 삽니다. 그들은 화려한 뱀 셔츠를 입고 뱀이 소재인 농담을 하고 "BAAM"이란 랩을 합니다.,Druid,
,Goblins vs Gnomes,수리검포,,,공격력 +1,,,,,,Enchantment,GVG_043e,,,Hunter,
Battlecry,Goblins vs Gnomes,수리검포,Gino Whitehall,,<b>전투의 함성:</b> 무작위 아군 하수인 하나에게 공격력을 +1 부여합니다.,Common,2,2,,,Weapon,GVG_043,True,보통 바주카포로는 부족할 때 사용합니다.,Hunter,2
,Goblins vs Gnomes,수리함!,,,생명력 +4,,,,,,Enchantment,GVG_069a,,,Priest,
,Goblins vs Gnomes,순수,,,능력치 증가,,,,,,Enchantment,GVG_101e,,,Paladin,
,Goblins vs Gnomes,숲 뜰지기,Chris Rahn,,<b>선택 -</b> 각 플레이어가 마나 수정을 1개 획득합니다. 또는 각 플레이어가 카드를 1장 뽑습니다.,Rare,2,3,4,,Minion,GVG_032,True,"아 광활한 자연이여!",Druid,
Deathrattle,Goblins vs Gnomes,스니드의 낡은 벌목기,Christopher Moeller,True,<b>죽음의 메아리:</b> 무작위 전설 하수인을 하나 소환합니다.,Legendary,5,8,7,Mech,Minion,GVG_114,True,스니드가 죽음의 폐광에서 쓰러졌을 때 그의 벌목기는 경매장에 올라가 익명의 구매자에게 넘어갔습니다. (아마 들창코),,
,Goblins vs Gnomes,스팀휘들 저격수,Jun Kang,,내 영웅 능력의 대상으로 하수인을 지정할 수 있습니다.,Epic,2,2,3,,Minion,GVG_087,True,저격을 할 만큼 참을성을 지닌 고블린은 매우 드뭅니다. 대부분은 그냥 폭탄을 던져버리죠.,Hunter,
,Goblins vs Gnomes,시간 되감개,Nutthapon Petthai,,아군 하수인 하나를 내 손으로 가져옵니다.,,,1,,,Spell,PART_002,,,,
,Goblins vs Gnomes,악마의 심장,,,+5/+5,,,,,,Enchantment,GVG_019e,,,Warlock,
,Goblins vs Gnomes,악마의 심장,Kerem Beyit,,하수인에게 피해를 $5 줍니다. 대상이 아군 악마면 +5/+5를 부여합니다.,Epic,,5,,,Spell,GVG_019,True,친악마 단체에 소속된 사람들은 모두 흑마법사라는 사실 아셨나요? 놀랍네요.,Warlock,
Divine Shield|Taunt,Goblins vs Gnomes,안녕로봇,Matt Dixon,,<b>도발</b>
<b>천상의 보호막</b>,Common,1,2,2,Mech,Minion,GVG_085,True,안녕로봇의 발명가는 즉시 땜장이 학교와 땜장이 마을에서 쫓겨났으며 결국에는 동부 왕국에서 영원히 추방되었습니다.,,
,Goblins vs Gnomes,야수 부르기,E.M. Gist,,카드를 1장 뽑습니다.
야수 카드면 비용이 (4) 감소합니다.,Rare,,2,,,Spell,GVG_017,True,굶주린 게야말로 진정한 남자의 야수죠.,Hunter,
Deathrattle,Goblins vs Gnomes,양 폭탄,Ralph Horsley,,<b>죽음의 메아리:</b> <b>모든</b> 하수인에게 피해를 2 줍니다.,Common,1,2,1,Mech,Minion,GVG_076,True,무슨 생각으로 만들었을까요? 적들이 "우와 귀엽다!" 하고 만질 때 폭발시키려고?,,
Taunt,Goblins vs Gnomes,양극 처리 로봇 새끼곰,Eva Widermann,False,<b>도발</b>. <b>선택 -</b>
공격력 +1 또는 생명력 +1을 얻습니다.,Common,2,2,2,Mech,Minion,GVG_030,True,어머 정말 귀엽다! 그런데 이거 내 얼굴 깨물고 있는 거 맞지?,Druid,
,Goblins vs Gnomes,어둠의 속삭임,Trent Kaniuga,,<b>선택 -</b> 위습 5마리를 소환합니다. 또는 하수인 하나에게 +5/+5와 <b>도발</b>을 부여합니다.,Epic,,6,,,Spell,GVG_041,True,"하일 하이드라." (소근),Druid,
,Goblins vs Gnomes,어둠의 속삭임,,,+5/+5 그리고 <b>도발</b>을 부여합니다.,,,,,,Spell,GVG_041a,,,Druid,
,Goblins vs Gnomes,어둠의 속삭임,,,+5/+5 <b>도발</b>,,,,,,Enchantment,GVG_041c,,,Druid,
,Goblins vs Gnomes,어둠의 속삭임,,,위습 5마리를 소환합니다.,,,,,,Spell,GVG_041b,,,Druid,
Battlecry,Goblins vs Gnomes,업그레이드된 수리 로봇,Nutchapol Thitinunthakorn,,<b>전투의 함성:</b> 아군 기계 하수인 하나에게 생명력을 +4 부여합니다.,Rare,5,5,5,Mech,Minion,GVG_083,True,사실 기존 수리 로봇과 별 다를 거 없지만 "업그레이드된"을 붙여 2배 값을 받고 파는 겁니다.,Priest,
,Goblins vs Gnomes,여기 버프 받아.,,,+2/+2,,,,,,Enchantment,GVG_104a,,,,
Spellpower,Goblins vs Gnomes,오버클록됨,,,주문 공격력 +2,,,,,,Enchantment,GVG_123e,,,Mage,
Stealth,Goblins vs Gnomes,오우거 닌자,Samwise,,<b>은신</b>
50%의 확률로 엉뚱한 적을 공격합니다.,Rare,6,5,6,,Minion,GVG_088,True,한글이 엄청 눈에 띄네요. 닌자는 눈에 띄면 안 되는데...,Rogue,
,Goblins vs Gnomes,오우거 전쟁망치,Richard Wright,,50%의 확률로 엉뚱한 적을 공격합니다.,Common,4,3,,,Weapon,GVG_054,True,오우거 관련된 것들이 다 그렇듯이 단순무식하고 예측불허에 극도로 위험한 무기입니다.,Warrior,2
,Goblins vs Gnomes,오우거 투사,Vinod Rams,,50%의 확률로 엉뚱한 적을 공격합니다.,Common,4,3,4,,Minion,GVG_065,True,실은 엉뚱한 대상이 아닙니다. 그냥 처음 눈에 띄는 대상입니다.,,
Battlecry,Goblins vs Gnomes,완전히 정신 나간 폭격수,Alex Horley Orlandelli,,<b>전투의 함성:</b> 다른 모든 캐릭터에게 6의 피해를 무작위로 나누어 입힙니다.,Rare,5,5,4,,Minion,GVG_090,True,이 친구는 완전히 정신이 나갔습니다. 정신 나간 폭격수와는 비교도 하지 마세요.,,
,Goblins vs Gnomes,왕,,,공격력 증가,,,,,,Enchantment,GVG_046e,,,Hunter,
,Goblins vs Gnomes,외눈박이 사기꾼,Danny Beck,,해적을 소환할 때마다 <b>은신</b>을 얻습니다.,Rare,4,2,1,Pirate,Minion,GVG_025,True,해적들에게 "눈은 뒀다 어디다 쓸래?"라고 화내지 마세요. 눈 없는 친구들이 수두룩하니까요.,Rogue,
,Goblins vs Gnomes,요주의 은폐장,Nutchapol Thitinunthakorn,,나의 다음 턴까지 아군 하수인 하나에게 <b>은신</b>을 부여합니다.,,,1,,,Spell,PART_004,,,,
,Goblins vs Gnomes,웅덩이디딤꾼,Jaemin Kim,,,Common,3,2,2,Murloc,Minion,GVG_064,True,아옳옳옳옳옳옳옳!,,
Battlecry,Goblins vs Gnomes,유전자 재결합사,Ben Olson,,<b>전투의 함성:</b> 아군 하수인 하나를 같은 비용의 무작위 하수인으로 변신시킵니다.,Epic,3,2,2,,Minion,GVG_108,True,최초의 유전자 결합에 실패한 자들을 위해.,,
,Goblins vs Gnomes,으깨기,Michael Sutfin,,하수인 하나를 처치합니다. 만약 내 전장에 부상 당한 하수인이 있다면 비용이 (4) 감소합니다.,Epic,,7,,,Spell,GVG_052,True,일부 격한 분들은 이 카드를 쓸 때 묘한 쾌감을 느낀다고들 합니다.,Warrior,
,Goblins vs Gnomes,은폐 상태,,,내 다음 턴까지 은신함,,,,,,Enchantment,PART_004e,,,,
,Goblins vs Gnomes,이맛살 찌푸리기,,,능력치 증가,,,,,,Enchantment,GVG_100e,,,Warlock,
,Goblins vs Gnomes,임프,,,,,1,1,1,Demon,Minion,GVG_045t,,,Warlock,
,Goblins vs Gnomes,임프폭발,Jaemin Kim,,하수인 하나에게 $2~$4의 피해를 줍니다. 입힌 피해만큼 1/1 임프를 소환합니다.,Rare,,4,,,Spell,GVG_045,True,사실 폭탄은 폭발보다 파편이 더 무서운 법입니다.,Warlock,
Taunt,Goblins vs Gnomes,자동화 마력제거기 X-21,Zero Yue,,<b>도발</b>
이 하수인은 주문이나 영웅 능력의 대상으로 지정되지 않습니다.,Rare,2,4,5,Mech,Minion,GVG_091,True,노움 기술자들과 노움 마법사들 사이가 매우 좋지 않은 결정적인 이유입니다.,,
Spellpower|Stealth,Goblins vs Gnomes,작은 마법사,Ben Olson,,<b>은신</b>
<b>주문 공격력 +1</b>,Epic,4,4,1,,Minion,GVG_109,True,때때로 구루바시 투기장의 보물 상자에 숨곤 합니다.,,
Aura,Goblins vs Gnomes,작은 주문차단자,Jonboy Meyers,,양옆의 하수인들을 주문이나 영웅 능력의 대상으로 지정할 수 없습니다.,Epic,2,4,5,,Minion,GVG_122,True,마법사들 사이에서 악명이 높습니다. 식당에서도 악명이 높습니다.,Mage,
ImmuneToSpellpower,Goblins vs Gnomes,잠복한 지뢰,Chris Seaman,,이 카드를 뽑으면 폭발하여 내게 피해를 10 줍니다. 카드를 1장 뽑습니다.,,,0,,,Spell,GVG_056t,,,Warrior,
,Goblins vs Gnomes,장비 장착 완료,,,+2/+2,,,,,,Enchantment,GVG_060e,,,Paladin,
,Goblins vs Gnomes,재활용,Brandon Kitkouski,,적 하수인 하나를 상대편 덱에 섞어 넣습니다.,Rare,,6,,,Spell,GVG_031,True,흔해 빠진 카드 한 장 줍고 보면 자연보호,Druid,
Enrage,Goblins vs Gnomes,전쟁로봇,Tyler Walpole,,<b>격노:</b> 공격력 +1,Common,1,1,3,Mech,Minion,GVG_051,True,용도에 비해 너무 귀엽다는 게 유일한 단점입니다.,Warrior,
,Goblins vs Gnomes,전투 절단기 4000,James Ryman,True,공격하는 대상 양옆의 하수인들에게도 피해를 줍니다.,Legendary,6,8,9,Mech,Minion,GVG_113,True,이 친구에게 전투에서 적을 절단하는 것과 벼를 베는 것은 사실 별 차이가 없습니다.,,
,Goblins vs Gnomes,전환 스위치,Nutthapon Petthai,,하수인 하나의 공격력과 생명력을 바꿉니다.,,,1,,,Spell,PART_006,,,,
,Goblins vs Gnomes,죽은척하기,Luca Zontini,,내 하수인들의 <b>죽음의 메아리</b>를 모두 발동시킵니다.,Epic,,2,,,Spell,GVG_026,True,확실한 "죽음"을 연기하기 위해선 적절한 냄새가 중요합니다. 이 부분에서 고수와 하수가 나뉘게 되죠.,Hunter,
,Goblins vs Gnomes,줄파락의 힘,,,공격력이 배가 됨,,,,,,Enchantment,GVG_049e,,,Hunter,
,Goblins vs Gnomes,지브스,Matt Dixon,,각 플레이어의 턴이 끝날 때 그 플레이어의 카드 수가 3장 미만이면 3장이 될 때까지 카드를 뽑습니다.,Rare,1,4,4,Mech,Minion,GVG_094,True,"지브스 있으신 분?!",,
,Goblins vs Gnomes,지옥 대포,Matt Gaser,,내 턴이 끝날 때 기계가 아닌 하수인 하나에게 피해를 2 줍니다.,Rare,3,4,5,Mech,Minion,GVG_020,True,그래도 지옥이 뭔지 아는 녀석이어야 공격할 의미가 있지 않겠습니까?,Warlock,
,Goblins vs Gnomes,지옥절단기,Zoltan & Gabor,,상대편이 카드를 낼 때마다 내 다음 카드 3장을 버립니다.,Epic,8,5,8,Mech,Minion,GVG_016,True,어디서 카드 타는 냄새 안 나요?,,
,Goblins vs Gnomes,진흙지느러미 영혼방랑자,Clint Langley,,다른 아군 멀록이 죽을 때마다 카드를 1장 뽑습니다. <b>과부하: (1)</b>,Epic,2,4,5,Murloc,Minion,GVG_040,True,정령은 합당한 이유로 자신을 부르면 그에 응답합니다. 그게 "아옳옳옳옳옳옳!"이라고 해도 말이죠.,Shaman,
,Goblins vs Gnomes,징벌,,,공격력 증가,,,,,,Enchantment,GVG_063a,,,,
,Goblins vs Gnomes,초소형 기계,Skan Srisuwan,,각 플레이어의 턴이 시작될 때 공격력을 +1 얻습니다.,Common,1,2,2,Mech,Minion,GVG_103,True,소형 기계는 너무 크고 극소형 기계는 너무 작다고 하시는 분들께 권해드립니다.,,
OneTurnEffect,Goblins vs Gnomes,축소 광선,,,이번 턴에 공격력 -2,,,,,,Enchantment,GVG_011a,,,,
Battlecry,Goblins vs Gnomes,축소술사,Jim Nelson,,<b>전투의 함성:</b> 이번 턴에 하수인 하나에게 공격력을 -2 부여합니다.,Common,3,2,2,,Minion,GVG_011,True,자기보다 큰 건 무조건 축소하는 고약한 영감입니다. 만약 마주친다면 기어가시는 걸 추천합니다.,Priest,
,Goblins vs Gnomes,카드의 선물,,,각 플레이어가 카드를 1장 뽑습니다.,,,,,,Spell,GVG_032b,,,Druid,
Battlecry,Goblins vs Gnomes,케잔 비술사,Jakub Kasper,,<b>전투의 함성:</b> 적에게 걸려 있는 무작위 <b>비밀</b> 하나를 가져옵니다.,Rare,4,4,3,,Minion,GVG_074,True,그저 현명한 것으로만 보이겠지만 사실 궁금한 게 있으면 못 참는 성격일 뿐입니다.,,
,Goblins vs Gnomes,코발트 수호자,Jim Nelson,,내가 기계 하수인을 소환할 때마다 <b>천상의 보호막</b>을 얻습니다.,Rare,6,5,3,Mech,Minion,GVG_062,True,이제 천상의 보호막에 종교적인 의미를 부여하는 건 아무런 의미도 없을 것 같습니다.,Paladin,
,Goblins vs Gnomes,코브라 사격,Howard Lyon,,하수인 하나와 적 영웅에게 피해를 $3 줍니다.,Common,,5,,,Spell,GVG_073,True,코브라 사격은 코브라 일격보다 네 배 아픕니다.,Hunter,
Battlecry|Deathrattle,Goblins vs Gnomes,토쉴리,Zoltan & Gabor,True,<b>전투의 함성과 죽음의 메아리:</b> <b>예비 부품</b> 카드를 내 손으로 1장 가져옵니다.,Legendary,5,6,7,,Minion,GVG_115,True,토쉴리야말로 진정한 상남자의 조건을 모두 갖추고 있죠.,,
Battlecry,Goblins vs Gnomes,톱니망치,Danny Orizio,,<b>전투의 함성:</b> 무작위 아군 하수인 하나에게 <b>천상의 보호막</b>과 <b>도발</b>을 부여합니다.,Epic,2,3,,,Weapon,GVG_059,True,기계에서 대충 뽑은 톱니에다 룬 좀 새기고 손잡이를 달았는데 위대한 신의 힘이 깃든 무기라니?!,Paladin,3
Aura,Goblins vs Gnomes,톱니장인,Trent Kaniuga,,내 전장에 기계 하수인이 있으면 공격력을 +2 얻습니다.,Common,1,1,2,,Minion,GVG_013,True,톱니바퀴 체인 기어가 사라졌다는 건 곧 로봇과 거미 전차들이 득시글거릴 거란 겁니다.,,
Aura,Goblins vs Gnomes,톱니장인의 렌치,Richard Wright,,내 전장에 기계 하수인이 있으면 공격력을 +2 얻습니다.,Epic,1,3,,,Weapon,GVG_024,True,톱니를 죄거나 트로그를 혼내줄 때 딱입니다!,Rogue,3
Combo,Goblins vs Gnomes,파괴 공작,Dave Allsop,,무작위 적 하수인 하나를 처치합니다. <b>연계</b>: 상대편의 무기를 파괴합니다.,Epic,,4,,,Spell,GVG_047,True,전혀 엉뚱한 하수인이 죽어도 도적들은 그것이 의도한 거라고 우길 겁니다.,Rogue,
,Goblins vs Gnomes,파지직,Warren Mahy,,피해를 $3-$6 줍니다. <b>과부하: (1)</b>,Common,,2,,,Spell,GVG_038,True,쓸 때 "파지직" 소리가 나서 붙여진 매우 성의 없는 이름입니다.,Shaman,
Battlecry,Goblins vs Gnomes,폭탄 투척수,Luca Zontini,,<b>전투의 함성:</b> 무작위 적 하수인 하나에게 피해를 4 줍니다.,Rare,3,5,3,,Minion,GVG_099,True,적어도 상대편과 우리편을 구분하지 못할 만큼 정신이 나가진 않은 것 같습니다.,,
Deathrattle,Goblins vs Gnomes,폭탄로봇,,,<b>죽음의 메아리</b>: 무작위 적 하나에게 피해를 1-4 줍니다.,,1,1,1,Mech,Minion,GVG_110t,,,,
Taunt,Goblins vs Gnomes,표적 허수아비,Matt Dixon,,<b>도발</b>,Rare,0,0,2,Mech,Minion,GVG_093,True,더 높은 딜을 향한 와우저들의 땀과 노력이 배어 있습니다.,,
,Goblins vs Gnomes,피스톤,,,공격력 증가,,,,,,Enchantment,GVG_076a,,,,
,Goblins vs Gnomes,함포,Warren Mahy,,해적을 소환할 때마다 무작위 적 하나에게 피해를 2 줍니다.,Common,2,2,3,,Minion,GVG_075,True,누군가 "포탄이다!"라고 외치는 소리를 들었다면 곧 흠뻑 젖거나 납작해질 거란 뜻입니다.,,
Battlecry,Goblins vs Gnomes,헤멧 네싱워리,Ralph Horsley,True,<b>전투의 함성:</b> 야수를 1마리 처치합니다.,Legendary,6,5,3,,Minion,GVG_120,True,야수를 처치한 지 얼마 되지도 않았는데 다시 생겨나는 곳에서 사냥꾼으로 먹고 살기는 참으로 쉽지 않습니다.,,
,Goblins vs Gnomes,화염포,Mauricio Herrera,,무작위 적 하수인 하나에게 피해를 $4 줍니다.,Common,,2,,,Spell,GVG_001,True,화염포를 써본 사람은 결국 이 역시도 다른 고블린 장비와 다를 바 없음을 알게 됩니다.,Mage,
,Goblins vs Gnomes,활력의 토템,Guangjian Huang,,내 턴이 끝날 때 내 영웅의 생명력을 4 회복시킵니다.,Rare,0,2,3,Totem,Minion,GVG_039,True,가끔 5일장에 출현하는 토템 깎는 노인에게서 살 수 있습니다.,Shaman,
Windfury,Goblins vs Gnomes,회전하는 자동제압로봇,Jim Nelson,,<b>질풍</b>,Common,3,2,2,Mech,Minion,GVG_037,True,제압당하는 게 어느쪽인지는 명시되어 있지 않습니다.,Shaman,
,Goblins vs Gnomes,힘센 바위턱트로그,Chris Rahn,,상대편이 주문을 시전할 때마다 공격력을 +2 얻습니다.,Common,3,4,5,,Minion,GVG_068,True,크로스핏 덕분이라네요.,,
