SET,NAME,TEXT,TYPE,ID,PLAYERCLASS,MECHANICS,COLLECTIBLE,ARTIST,RARITY,ATTACK,COST,HEALTH,FLAVOR,RACE,ELITE,DURABILITY
Goblins vs Gnomes,¡Reparaciones!,+4 p. de salud.,Enchantment,GVG_069a,Priest,,,,,,,,,,,
Goblins vs Gnomes,Acechador Gilblin,<b>Sigilo</b>,Minion,GVG_081,,Stealth,True,Seamus Gallagher,Common,2,2,3,&bdquo;Calla ¿has oído eso?&bdquo;.&bdquo;Bah seguro que no es nada&bdquo;. - Todos los secuaces de la historia,,,
Goblins vs Gnomes,Aceite afilaespadas,Otorga +3 p. de ataque a tu arma. <b>Combo:</b> Otorga +3 p. de ataque a un esbirro amistoso aleatorio.,Spell,GVG_022,Rogue,Combo,True,Den,Common,,4,,Con o sin aceite tus enemigos acabarán fritos.,,,
Goblins vs Gnomes,Aceite afilaespadas,+3 p. de ataque.,Enchantment,GVG_022a,,,,,,,,,,,,
Goblins vs Gnomes,Aceite afilaespadas,+3 p. de ataque.,Enchantment,GVG_022b,,,,,,,,,,,,
Goblins vs Gnomes,Árbol de vida,Restaura toda la salud de todos los personajes.,Spell,GVG_033,Druid,,True,Steve Prescott,Epic,,9,,¡La sanación sí que crece en los árboles!,,,
Goblins vs Gnomes,Atracador vil,Cada vez que tu oponente juega una carta descarta las 3 primeras cartas de tu mazo.,Minion,GVG_016,,,True,Zoltan & Gabor,Epic,8,5,8,Nunca una máquina tan gigantesca pilló a tantos aventureros por sorpresa.,Mech,,
Goblins vs Gnomes,Autobarbero goblin,<b>Grito de batalla:</b> Otorga +1 p. de ataque a tu arma.,Minion,GVG_023,Rogue,Battlecry,True,Zolton Boros,Common,3,2,2,Un auténtico especialista en ajustar tu peinado y/o tu altura.,Mech,,
Goblins vs Gnomes,Bien armado,Estadísticas aumentadas.,Enchantment,GVG_027e,Rogue,,,,,,,,,,,
Goblins vs Gnomes,Bien equipado,+2/+2.,Enchantment,GVG_060e,Paladin,,,,,,,,,,,
Goblins vs Gnomes,Blindado,Ataque aumentado.,Enchantment,GVG_086e,Warrior,,,,,,,,,,,
Goblins vs Gnomes,Blindaje de armadura,+1 p. de salud.,Enchantment,PART_001e,,,,,,,,,,,,
Goblins vs Gnomes,Blindaje de armadura,Otorga +1 p. de salud a un esbirro.,Spell,PART_001,,,,Nutchapol Thitinunthakorn,,,1,,,,,
Goblins vs Gnomes,Bolvar Fordragón,Cada vez que un esbirro amistoso muere mientras esta carta está en tu mano obtiene +1 p. de ataque.,Minion,GVG_063,Paladin,,True,Tooth,Legendary,1,5,7,A Bolvar le gustan los asientos fríos ocupar el lugar de reyes malvados y hablar con voz de ultratumba.,,True,
Goblins vs Gnomes,Bomba de luz,Inflige a cada esbirro un daño equivalente a su ataque.,Spell,GVG_008,Priest,AffectedBySpellPower,True,Luca Zontini,Epic,,6,,Esto es lo que pasa cuando permites que los goblins sean sacerdotes.,,,
Goblins vs Gnomes,Bomba oscura,Inflige $3 p. de daño.,Spell,GVG_015,Warlock,,True,Jeff Haynie,Common,,2,,¡Si intentas hacerte un mazo &bdquo;emo&bdquo; esta carta va que ni pintada!,,,
Goblins vs Gnomes,Bombardera de Sombras,<b>Grito de batalla:</b> Inflige 3 p. de daño a cada héroe.,Minion,GVG_009,Priest,Battlecry,True,Matt Dixon,Epic,2,1,1,La bombardera de Sombras hace su trabajo pero parece que ya no le pone muchas ganas.,,,
Goblins vs Gnomes,Bombardero aún más loco,<b>Grito de batalla:</b> Inflige 6 p. de daño que se dividen aleatoriamente entre todos los demás personajes.,Minion,GVG_090,,Battlecry,True,Alex Horley Orlandelli,Rare,5,5,4,Este no es que se apunte a un bombardeo: es que bombardea su propia casa se enfada y luego se venga de sí mismo.,,,
Goblins vs Gnomes,Boxeador de las Sombras,Cada vez que se sana a un personaje inflige 1 p. de daño a un enemigo aleatorio.,Minion,GVG_072,Priest,,True,Dan Scott,Rare,2,2,3,Dar puñetazos es su función primaria... y secundaria.,Mech,,
Goblins vs Gnomes,Cabeza de Mimiron,Al comienzo de tu turno si tienes al menos 3 robots los destruye todos y crea a V-07-TR-0N.,Minion,GVG_111,,,True,Trent Kaniuga,Legendary,4,5,5,¡No pulses el gran botón rojo!,Mech,True,
Goblins vs Gnomes,Cachorro robot anodizado,<b>Provocar</b>.<b>Elige una:</b>+1 p. de ataque o bien +1 p. de salud.,Minion,GVG_030,Druid,Taunt,True,Eva Widermann,Common,2,2,2,¡Es adorable! CIELOS ¡NO! ¡¿POR QUÉ ME ESTÁ DEVORANDO LA CARA?!,Mech,False,
Goblins vs Gnomes,Caminaespíritus Cienaleta,Cada vez que muere otro múrloc amistoso roba una carta.<b>Sobrecarga</b>: (1),Minion,GVG_040,Shaman,,True,Clint Langley,Epic,2,4,5,Los elementos responden a la llamada de cualquier causa justa incluso si la llamada en cuestión es &bdquo;MRGHRGLGLGL&bdquo;.,Murloc,,
Goblins vs Gnomes,Cañón de barco,Cada vez que invocas a un pirata inflige 2 p. de daño a un enemigo aleatorio.,Minion,GVG_075,,,True,Warren Mahy,Common,2,2,3,Si no te mata la bola de cañón morirás ahogado.,,,
Goblins vs Gnomes,Cañón de llamas,Inflige $4 p. de daño a un esbirro enemigo aleatorio.,Spell,GVG_001,Mage,,True,Mauricio Herrera,Common,,2,,¿&bdquo;Cañón de llamas&bdquo;? Tratándose de artilugios goblin eso no es muy específico que digamos.,,,
Goblins vs Gnomes,Cañón vil,Al final de tu turno inflige 2 p. de daño a un esbirro que no sea un robot.,Minion,GVG_020,Warlock,,True,Matt Gaser,Rare,3,4,5,En la caja pone: &bdquo;¡Nuevo y mejorado con un 200% más de vileza!&bdquo;.,Mech,,
Goblins vs Gnomes,Ceño fruncido,Estadísticas aumentadas.,Enchantment,GVG_100e,Warlock,,,,,,,,,,,
Goblins vs Gnomes,Chamán Machacaduna,<b>Viento Furioso Sobrecarga: (1)</b>Tiene un 50% de probabilidad de atacar al enemigo que no es.,Minion,GVG_066,Shaman,Windfury,True,José Ladrönn,Rare,5,4,4,¡Cierra los ojos se lanza y no promete nada!,,,
Goblins vs Gnomes,Chatarra aprovechada,Estadísticas aumentadas.,Enchantment,GVG_106e,,,,,,,,,,,,
Goblins vs Gnomes,Chatarrobot,Cada vez que un robot amistoso muere obtiene +2/+2.,Minion,GVG_106,,,True,Zoltan Boros,Epic,1,5,5,¡La chatarra de unos es la mejora de otros!,Mech,,
Goblins vs Gnomes,Chisporroteo,Inflige $3 - $6 p. de daño. <b>Sobrecarga: (1)</b>,Spell,GVG_038,Shaman,,True,Warren Mahy,Common,,2,,Cuando haces &bdquo;pop&bdquo; ya no hay stop.,,,
Goblins vs Gnomes,Corazón demoníaco,+5/+5.,Enchantment,GVG_019e,Warlock,,,,,,,,,,,
Goblins vs Gnomes,Corazón demoníaco,Inflige $5 p. de daño a un esbirro. Si el objetivo es un demonio amistoso en lugar de dañarlo le otorga +5/+5.,Spell,GVG_019,Warlock,,True,Kerem Beyit,Epic,,5,,Prácticamente todos los miembros del lobby a favor de los demonios son brujos. Muy raro.,,,
Goblins vs Gnomes,Cuerno oxidado,Otorga <b>Provocar</b> a un esbirro.,Spell,PART_003,,,,Peerasak Senalai,,,1,,,,,
Goblins vs Gnomes,Cuidadora de arboleda,<b>Elige una:</b> Otorga un cristal de maná a cada jugador o bien cada jugador roba una carta.,Minion,GVG_032,Druid,,True,Chris Rahn,Rare,2,3,4,Le gustan: el senderismo y estar al aire libre. No le gustan: las trituradoras goblins y las sandalias (¡no encuentra de su talla!).,,,
Goblins vs Gnomes,Diablillo,,Minion,GVG_045t,Warlock,,,,,1,1,1,,Demon,,
Goblins vs Gnomes,Dientes de hierro,+2 p. de ataque.,Enchantment,GVG_048e,Hunter,,,,,,,,,,,
Goblins vs Gnomes,Disparo de cobra,Inflige $3 p. de daño a un esbirro y al héroe enemigo.,Spell,GVG_073,Hunter,,True,Howard Lyon,Common,,5,,Los esbirros enemigos son una plaga y el Disparo de cobra es el remedio.,,,
Goblins vs Gnomes,Disparomática giratoria,<b>Viento Furioso</b>,Minion,GVG_037,Shaman,Windfury,True,Jim Nelson,Common,3,2,2,Si pagas un pequeño extra te puedes llevar la versión rojo manzana.,Mech,,
Goblins vs Gnomes,Dominio de Mal&sbquo;Ganis,Mal&sbquo;Ganis otorga +2/+2.,Enchantment,GVG_021e,Warlock,,,,,,,,,,,
Goblins vs Gnomes,Doncella escudera,<b>Grito de batalla:</b> Obtienes 5 p. de armadura.,Minion,GVG_053,Warrior,Battlecry,True,Alex Horley Orlandelli,Rare,5,6,5,Tiene un escudo para cada día de la semana. ¡Que guerrear no está reñido con tener clase!,,,
Goblins vs Gnomes,Dr. Bum,<b>Grito de batalla</b>: Invoca a dos robots bum 1/1. <i>AVISO: Los robots bum pueden explotar.</i>,Minion,GVG_110,,Battlecry,True,Alex Garner,Legendary,7,7,7,¡¡¡ARRODILLAOS ANTE EL DOCTOR BUM!!!,,True,
Goblins vs Gnomes,Druida del Colmillo,,Minion,GVG_080t,Druid,,,Massive Black,,7,5,7,,Beast,,
Goblins vs Gnomes,Druida del Colmillo,<b>Grito de batalla:</b> Si tienes una bestia este esbirro se transforma en un 7/7.,Minion,GVG_080,Druid,Battlecry,True,Brandon Kitkouski,Common,4,5,4,Los druidas del Colmillo son unos ases a la hora de abrir pistachos.,,,
Goblins vs Gnomes,Eco de Medivh,Coloca una copia de cada esbirro amistoso en tu mano.,Spell,GVG_005,Mage,,True,Alex Garner,Epic,,4,,El eco de Medivh resuena por Karazhan y se pasa la eternidad haciendo trampas en el ajedrez y en <i>Hearthstone</i>.,,,
Goblins vs Gnomes,El elegido de Velen,Otorga a un esbirro +2/+4 y <b>+1 p. de daño con hechizos</b>.,Spell,GVG_010,Priest,,True,Alex Horley Orlandelli,Common,,3,,Velen envió a Tyrande una tarjeta encantadora con una foto del Tranvía Subterráneo en la que decía &bdquo;¡Eres muy chu-chu-chuuli!&bdquo;.,,,
Goblins vs Gnomes,El elegido de Velen,+2/+4 y <b>+1 p. de daño con hechizos</b>.,Enchantment,GVG_010b,,,,,,,,,,,,
Goblins vs Gnomes,El Rey,Ataque aumentado.,Enchantment,GVG_046e,Hunter,,,,,,,,,,,
Goblins vs Gnomes,En las sombras,Salud intercambiada.,Enchantment,GVG_014a,Priest,,,,,,,,,,,
Goblins vs Gnomes,Experimentador gnomo,<b>Grito de batalla:</b> Roba una carta. Si es un esbirro lo convierte en un pollo.,Minion,GVG_092,,Battlecry,True,Jesper Esjing,Rare,3,3,2,Todavía se sorprende de verdad cuando se convierte a sí mismo en pollo.,,,
Goblins vs Gnomes,Explosión de diablillos,Inflige $2 - $4 p. de daño a un esbirro. Invoca un diabillo 1/1 por cada punto de daño infligido.,Spell,GVG_045,Warlock,,True,Jaemin Kim,Rare,,4,,La metralla es muuuuuucho peor que la explosión.,,,
Goblins vs Gnomes,Extraafilada,+1 p. de ataque.,Enchantment,GVG_023a,,,,,,,,,,,,
Goblins vs Gnomes,Fingir muerte,Activa el <b>Último aliento</b> de todos tus esbirros.,Spell,GVG_026,Hunter,,True,Luca Zontini,Epic,,2,,La parte más difícil de un &bdquo;Fingir muerte&bdquo; convincente es la de desprender el hedor adecuado. Hay que meterse en el papel.,,,
Goblins vs Gnomes,Francotirador Bonvapor,Tu poder de héroe puede usarse contra esbirros.,Minion,GVG_087,Hunter,,True,Jun Kang,Epic,2,2,3,Sus padres lloraron cuando no se hizo experto en explosivos como todo goblin respetable.,,,
Goblins vs Gnomes,Gahz&sbquo;rilla,Cada vez que este esbirro recibe daño su ataque se duplica.,Minion,GVG_049,Hunter,,True,Raymond Swanland,Legendary,6,7,9,Se mantiene al margen de la vida pública desde su gran éxito &bdquo;Gahz&sbquo;rillas en la niebla&bdquo;.,Beast,True,
Goblins vs Gnomes,Gallywix,Cada vez que tu oponente lanza un hechizo obtienes una copia del mismo y le das una moneda.,Minion,GVG_028,Rogue,,True,Wei Wang,Legendary,5,6,8,Gallywix había terminado asumiendo ese tipo de democracia que se conoce como &bdquo;un goblin un voto&bdquo;. Él era el goblin y el voto era el suyo.,,True,
Goblins vs Gnomes,Gazlowe,Cada vez que lanzas un hechizo que cuesta 1 cristal de maná añade un robot aleatorio a tu mano.,Minion,GVG_117,,,True,Luke Mancini,Legendary,3,6,6,Gazlowe fue votado por sus compañeros de clase como &bdquo;el que tiene más probabilidades de explotar&bdquo;.,,True,
Goblins vs Gnomes,Gigante de relojería,Cuesta (1) cristal menos por cada carta en la mano de tu oponente.,Minion,GVG_121,,,True,Dan Scott,Epic,8,12,8,No se lleva bien con el gigante montés.,Mech,,
Goblins vs Gnomes,Gigante férreo,<b>Grito de batalla:</b> Mete una mina en el mazo de tu oponente. Cuando la roba inflige 10 p. de daño.,Minion,GVG_056,Warrior,Battlecry,True,Raymond Swanland,Legendary,6,6,5,El gigante férreo acaba de ser nombrado empleado del mes: custodia Orgrimmar sin descanso y cada vez aplasta a menos habitantes.,Mech,True,
Goblins vs Gnomes,Gnomo de relojería,<b>Último aliento:</b> Añade una <b>Pieza de repuesto</b> a tu mano.,Minion,GVG_082,,Deathrattle,True,Matt Dixon,Common,2,1,1,No te dejes engañar por el nombre. &bdquo;Gnomo&bdquo; no quiere decir que no explote.,Mech,,
Goblins vs Gnomes,Gólem aéreo pilotado,<b>Último aliento:</b> Invoca un esbirro aleatorio de coste 4.,Minion,GVG_105,,Deathrattle,True,Michael Phillippi,Epic,6,6,4,Lo último en ingeniería goblin: incluye una máquina de café que te masajea los pies ¡dos en uno!,Mech,,
Goblins vs Gnomes,Gólem de ánima,Al final de cada turno destruye a este esbirro si es el único que tienes.,Minion,GVG_077,Warlock,,True,Josh Harris,Epic,9,6,9,El Animus oscuro es malvado misterioso y enorme y absolutamente incapaz de escribir frases gramaticalmente correctas.,Mech,,
Goblins vs Gnomes,Guardián de cobalto,Cada vez que invocas a un robot obtiene <b>Escudo divino</b>.,Minion,GVG_062,Paladin,,True,Jim Nelson,Rare,6,5,3,La línea &bdquo;Guardianes&bdquo; solía construirse con adamantio pero luego la fábrica se mudó a Gadgetzan y el cobalto era más barato.,Mech,,
Goblins vs Gnomes,Guerra-bot,<b>Enfurecer:</b> +1 p. de ataque.,Minion,GVG_051,Warrior,Enrage,True,Tyler Walpole,Common,1,1,3,La producción en masa de guerra-bots tuvo que pararse cuando se descubrió que los estaban fabricando a tamaño maqueta.,Mech,,
Goblins vs Gnomes,Hemet Nesingwary,<b>Grito de batalla:</b> Destruye a una bestia.,Minion,GVG_120,,Battlecry,True,Ralph Horsley,Legendary,6,5,3,No es fácil ganarse la vida como cazador en un mundo donde las bestias reaparecen minutos después de haberlas matado.,,True,
Goblins vs Gnomes,Hobgoblin,Cada vez que juegas un esbirro de 1 p. de ataque le otorga +2/+2.,Minion,GVG_104,,,True,Laurel D. Austin,Epic,2,3,3,Pronto celebrarán un referéndum para votar si pasan a llamarse &bdquo;goblins favorecidos por la genética&bdquo;.,,,
Goblins vs Gnomes,Hoja rebotadora,Inflige $1 p. de daño a un esbirro aleatorio. Esto se repite hasta que un esbirro muere.,Spell,GVG_050,Warrior,,True,Andrew Hou,Epic,,3,,Hay que ser goblin para que esto te parezca una buena idea... Y hasta ellos empiezan a tener sus dudas.,,,
Goblins vs Gnomes,Hojas giratorias,Otorga +1 p. de ataque a un esbirro.,Spell,PART_007,,,,Nutchapol Thitinunthakorn,,,1,,,,,
Goblins vs Gnomes,Hojas giratorias,+1 p. de ataque.,Enchantment,PART_007e,,,,,,,,,,,,
Goblins vs Gnomes,Iluminadora,Si controlas un <b>secreto</b> al final de tu turno restaura 4 p. de salud a tu héroe.,Minion,GVG_089,,,True,Jim Nelson,Rare,2,3,4,La iluminación indirecta es la clave del diseño de interiores.,,,
Goblins vs Gnomes,Infantería de Gnomeregan,<b>Cargar</b><b>Provocar</b>,Minion,GVG_098,,Charge|Taunt,True,Zoltan & Gabor,Common,1,3,4,Por donde pasa la infantería gnoma... la hierba ni se inmuta.,,,
Goblins vs Gnomes,Intendente,<b>Grito de batalla:</b> Otorga +2/+2 a tus Reclutas Mano de Plata.,Minion,GVG_060,Paladin,Battlecry,True,Phroilan Gardner,Epic,2,5,5,No sabe quién eres tú ni sabe lo que quieres... Pero si no le cuadran las cuentas te buscará te encontrará y te matará.,,,
Goblins vs Gnomes,Intercambio,Interruptor de inversión a intercambiado el ataque y la salud.,Enchantment,PART_006a,,,,,,,,,,,,
Goblins vs Gnomes,Interruptor de inversión,Intercambia el ataque y la salud de un esbirro.,Spell,PART_006,,,,Nutthapon Petthai,,,1,,,,,
Goblins vs Gnomes,Invisibilidad tiquismiquis,Otorga <b>Sigilo</b> a un esbirro amistoso hasta tu siguiente turno.,Spell,PART_004,,,,Nutchapol Thitinunthakorn,,,1,,,,,
Goblins vs Gnomes,Invisible,En sigilo hasta el siguiente turno.,Enchantment,PART_004e,,,,,,,,,,,,
Goblins vs Gnomes,Jeeves,Al final del turno de cada jugador el jugador en cuestión roba cartas hasta tener 3.,Minion,GVG_094,,,True,Matt Dixon,Rare,1,4,4,Fue él con un candelabro en la biblioteca.,Mech,,
Goblins vs Gnomes,Joyatrón 3000,<b>Grito de batalla:</b> Cada jugador equipa un arma aleatoria.,Minion,GVG_119,,Battlecry,True,Jomaro Kindred,Legendary,3,5,4,PREPARANDO SERVOMECANISMOS DE JUERGA PARA DESPLIEGUE INMEDIATO.,Mech,True,
Goblins vs Gnomes,Lanzabombas,<b>Grito de batalla: </b>Inflige 4 p. de daño a un esbirro enemigo aleatorio.,Minion,GVG_099,,Battlecry,True,Luca Zontini,Rare,3,5,3,Se manifiesta sin descanso a favor de las bombas.,,,
Goblins vs Gnomes,Lanzagujas,+1 p. de ataque.,Enchantment,GVG_043e,Hunter,,,,,,,,,,,
Goblins vs Gnomes,Lanzagujas,<b>Grito de batalla:</b> Otorga +1 p. de ataque a un esbirro amistoso aleatorio.,Weapon,GVG_043,Hunter,Battlecry,True,Gino Whitehall,Common,2,2,,Ya si esto no funciona pasamos al lanzallamas.,,,2
Goblins vs Gnomes,Leviatán de llamas,Cuando robas esta carta inflige 2 p. de daño a todos los personajes.,Minion,GVG_007,Mage,,True,Aleksi Briclot,Legendary,7,7,7,A Mimiron le gusta salir de paseo en el leviatán de llamas de vez en cuando.,Mech,True,
Goblins vs Gnomes,Llamada ancestral,Coloca un esbirro aleatorio de la mano de cada jugador en el campo de batalla.,Spell,GVG_029,Shaman,,True,Dan Scott,Epic,,4,,&bdquo;¡Eh! ¡Ancestros!&bdquo; - Llamada ancestral,,,
Goblins vs Gnomes,Llamar a mascota,Roba una carta.Si es una bestia cuesta (4) cristales menos.,Spell,GVG_017,Hunter,,True,E.M. Gist,Rare,,2,,Los verdaderos cazadores doman cangrejos hambrientos.,,,
Goblins vs Gnomes,Llave del maestro de tuercas,Tiene +2 p. de ataque mientras tengas un robot.,Weapon,GVG_024,Rogue,Aura,True,Richard Wright,Epic,1,3,,¡Lo mismo aprieta tuercas que atonta troggs!,,,3
Goblins vs Gnomes,Llave martillo,<b>Grito de batalla:</b> Otorga <b>Escudo divino</b> y <b>Provocar</b> a un esbirro amistoso aleatorio.,Weapon,GVG_059,Paladin,Battlecry,True,Danny Orizio,Epic,2,3,,A ver: la arrancaste de una máquina le grabaste unas runas le pusiste un mango ¿y ahora es una potente arma de poder divino?... Tiene sentido.,,,3
Goblins vs Gnomes,Luz de los naaru,Restaura #3 p. de salud. Si el objetivo sigue dañado invoca a una celadora de la Luz.,Spell,GVG_012,Priest,,True,Jesper Ejsing,Rare,,1,,&bdquo;¡Enciende la luz!&bdquo;: orden válida tanto para celadoras de la Luz como para goblins con cañones de llamas.,,,
Goblins vs Gnomes,Machaque,Destruye a un esbirro. Si tienes algún esbirro dañado este hechizo cuesta (4) cristales menos.,Spell,GVG_052,Warrior,,True,Michael Sutfin,Epic,,7,,Usar esta carta es una de las mejores cosas de la vida junto con el agua caliente buenoz dientez y papel higiénico zuave.,,,
Goblins vs Gnomes,Maestra de dolor,Cada vez que este esbirro inflige daño restaura la misma cantidad de salud a tu héroe.,Minion,GVG_018,Warlock,,True,Carl Critchlow,Rare,1,2,4,No confundir con su hermana la maestra de sopor que siempre enseña lo mismo.,Demon,,
Goblins vs Gnomes,Maestro de tuercas,Tiene +2 p. de ataque mientras tengas un robot.,Minion,GVG_013,,Aura,True,Trent Kaniuga,Common,1,1,2,Llegas a acostumbrarte yo ya ni veo tuercas y engranajes. Solo ves un robot un tanque araña un rayo mortal...,,,
Goblins vs Gnomes,Maestro encogedor,<b>Grito de batalla:</b> Aplica a un esbirro -2 p. de ataque este turno.,Minion,GVG_011,Priest,Battlecry,True,Jim Nelson,Common,3,2,2,Tras la debacle del amplificador de mundo gnómico los gnomos ya no se fían de los inventos para cambiar de tamaño.,,,
Goblins vs Gnomes,Magia metabolizada,Ataque aumentado.,Enchantment,GVG_068a,,Aura,,,,,,,,,,
Goblins vs Gnomes,Magia metabolizada,Ataque aumentado.,Enchantment,GVG_067a,,Aura,,,,,,,,,,
Goblins vs Gnomes,Mago bomba goblin,<b>Grito de batalla:</b> Si tienes un robot inflige 4 p. de daño que se dividen aleatoriamente entre todos los enemigos.,Minion,GVG_004,Mage,Battlecry,True,Glenn Rane,Rare,5,4,4,Si no tienes una bomba a mano tira el primer invento goblin que pilles.,,,
Goblins vs Gnomes,Mal&sbquo;Ganis,Tus demás demonios tienen +2/+2.Tu héroe es <b>Inmune</b>.,Minion,GVG_021,Warlock,Aura,True,Wayne Reynolds,Legendary,9,9,7,A Mal&sbquo;Ganis no le gusta que lo traicionen así que ándate con cuidado si lo descartas.,Demon,True,
Goblins vs Gnomes,Malorne,<b>Último aliento:</b> Mete a este esbirro en tu mazo.,Minion,GVG_035,Druid,Deathrattle,True,Oliver Chipping,Legendary,9,7,7,Cuando Malorne no está acometiendo contra hordas de demonios se gana un sobresueldo como perchero.,Beast,True,
Goblins vs Gnomes,Máquina de asedio,Cada vez que obtienes armadura este esbirro recibe +1 p. de ataque.,Minion,GVG_086,Warrior,,True,Zero Yue,Rare,5,5,5,¡El arma definitiva contra la Fortaleza de Conquista del Invierno!,Mech,,
Goblins vs Gnomes,Máquina voladora,<b>Viento Furioso</b>,Minion,GVG_084,,Windfury,True,Matt Dixon,Common,1,3,4,Por algún extraño motivo este trasto no funciona sin una muñeca de niña Hula.,Mech,,
Goblins vs Gnomes,Maza de poder,<b>Último aliento</b>: Otorga +2/+2 a un robot amistoso aleatorio.,Weapon,GVG_036,Shaman,Deathrattle,True,Zoltan and Gabor,Rare,3,3,,¿Qué dicen los elementales cuando se dan cuenta de algo? ¡&bdquo;Elemental&bdquo;!,,,2
Goblins vs Gnomes,Mazo de guerra ogro,50% de probabilidad de atacar al enemigo que no es.,Weapon,GVG_054,Warrior,,True,Richard Wright,Common,4,3,,Simple confundido e increíblemente peligroso: 100% ogro.,,,2
Goblins vs Gnomes,Meca-oso-felino,Cada vez que este esbirro recibe daño añade una <b>Pieza de repuesto</b> a tu mano.,Minion,GVG_034,Druid,,True,Trent Kaniuga,Rare,7,6,6,Cuando no está devastando mazmorras va a terapia por lo de su trastorno de personalidad.,Mech,,
Goblins vs Gnomes,Mecadistorsionador,Tus robots cuestan (1) cristal menos.,Minion,GVG_006,,Aura,True,Phil Saunders,Common,2,2,3,¿Robots que invocan robots? El nepotismo no conoce límites.,Mech,,
Goblins vs Gnomes,Mekigeniero Termochufe,Cada vez que un esbirro enemigo muere invoca a un gnomo paria.,Minion,GVG_116,,,True,Trent Kaniuga,Legendary,9,9,7,Le obsesionaban los explosivos hasta que descubrió el ganchillo. Ahora grita &bdquo;¡JERSEYS! ¡MÁS JERSEYS!&bdquo;.,Mech,True,
Goblins vs Gnomes,Micromáquina,Obtiene +1 p. de ataque al comienzo de cada turno.,Minion,GVG_103,,,True,Skan Srisuwan,Common,1,2,2,Las microherramientas y el microaceite se venden por separado.,Mech,,
Goblins vs Gnomes,Mina enterrada,Cuando robas esta carta explota. Te inflige 10 p. de daño y robas una carta.,Spell,GVG_056t,Warrior,ImmuneToSpellpower,,Chris Seaman,,,0,,,,,
Goblins vs Gnomes,Minibot escudado,<b>Escudo divino</b>,Minion,GVG_058,Paladin,Divine Shield,True,Raymond Swanland,Common,2,2,2,Prefiere creer en lo que fue programado para creer.,Mech,,
Goblins vs Gnomes,Minimago,<b>Sigilo</b><b>+1 p. de daño con hechizos.</b>,Minion,GVG_109,,Spellpower|Stealth,True,Ben Olson,Epic,4,4,1,Un mago muy pequeño puede proyectar una sombra muy grande.,,,
Goblins vs Gnomes,Mística de Kezan,<b>Grito de batalla:</b> Te haces con el control de un <b>secreto</b> enemigo aleatorio.,Minion,GVG_074,,Battlecry,True,Jakub Kasper,Rare,4,4,3,Se las dan de sabias e iluminadas pero pocos las han visto hacer más que poner los ojos en blanco.,,,
Goblins vs Gnomes,Modo ataque,+1 p. de ataque.,Spell,GVG_030a,Druid,,,,,,,,,,,
Goblins vs Gnomes,Modo ataque,+1 p. de ataque.,Enchantment,GVG_030ae,Druid,,,,,,,,,,,
Goblins vs Gnomes,Modo tanque,+1 p. de salud.,Spell,GVG_030b,Druid,,,,,,,,,,,
Goblins vs Gnomes,Modo tanque,+1 p. de salud.,Enchantment,GVG_030be,Druid,,,,,,,,,,,
Goblins vs Gnomes,Mogor el Ogro,Todos los esbirros tienen un 50% de probabilidad de atacar al enemigo que no es.,Minion,GVG_112,,,True,Michal Ivan,Legendary,7,6,6,En una ocasión Mogor ayudó a abrir el Portal Oscuro... Imagina cómo estaba la situación que hubo que pedir ayuda a un ogro.,,True,
Goblins vs Gnomes,Moneda de Gallywix,Obtienes un cristal de maná solo para este turno.<i>(No activará a Gallywix).</i>,Spell,GVG_028t,,,,,,,0,,,,,
Goblins vs Gnomes,Morralla,+2/+2.,Enchantment,GVG_055e,Warrior,,,,,,,,,,,
Goblins vs Gnomes,Muñeco-diana,<b>Provocar</b>,Minion,GVG_093,,Taunt,True,Matt Dixon,Rare,0,0,2,Pintarse una diana es su forma de hacer amigos.,Mech,,
Goblins vs Gnomes,Neptulon,<b>Grito de batalla:</b> Añade 4 múrlocs aleatorios a tu mano. <b>Sobrecarga: (3)</b>,Minion,GVG_042,Shaman,Battlecry,True,Ruan Jia,Legendary,7,7,7,Neptulon es &bdquo;el Cazamareas&bdquo;. Es uno de los cuatro señores elementales. Y cuando se junta con Ragnaros se montan unas saunas de aúpa.,,True,
Goblins vs Gnomes,Nulificador Arcano X-21,<b>Provocar</b>No puede ser objetivo de hechizos ni de poderes de héroe.,Minion,GVG_091,,Taunt,True,Zero Yue,Rare,2,4,5,Los magos y los ingenieros gnomos nunca se pondrán de acuerdo sobre quién inventó esto.,Mech,,
Goblins vs Gnomes,Ofrenda de cartas,Cada jugador roba una carta.,Spell,GVG_032b,Druid,,,,,,,,,,,
Goblins vs Gnomes,Ofrenda de maná,Otorga un cristal de maná a cada jugador.,Spell,GVG_032a,Druid,,,,,,,,,,,
Goblins vs Gnomes,Ogro ninja,<b>Sigilo</b>50% de probabilidad de atacar al enemigo que no es.,Minion,GVG_088,Rogue,Stealth,True,Samwise,Rare,6,5,6,He aquí la prueba de que ser ninja es un estado de ánimo.,,,
Goblins vs Gnomes,Ogro tosco,50% de probabilidad de atacar al enemigo que no es.,Minion,GVG_065,,,True,Vinod Rams,Common,4,3,4,Los ogros tienen una memoria a corto plazo muy... chocolate...,,,
Goblins vs Gnomes,Oveja explosiva,<b>Último aliento:</b> Inflige 2 p. de daño a todos los esbirros.,Minion,GVG_076,,Deathrattle,True,Ralph Horsley,Common,1,2,1,¡La muerte esponjosa!,Mech,,
Goblins vs Gnomes,Parahechizos talla S,Los esbirros adyacentes no pueden ser objetivo de hechizos ni de poderes de héroe.,Minion,GVG_122,Mage,Aura,True,Jonboy Meyers,Epic,2,4,5,No tenía ningún futuro hasta que su tío Parahechizos talla XL la enchufó en la oficina de aduanas mágica.,,,
Goblins vs Gnomes,Pequeña exorcista,<b>Provocar</b><b>Grito de batalla:</b> Obtiene +1/+1 por cada esbirro enemigo con <b>Último aliento</b>.,Minion,GVG_097,,Battlecry|Taunt,True,Jim Nelson,Rare,2,3,3,Los brujos tienen al exorcista de la ciudad en marcación rápida por si liberan al demonio que no es.,,,
Goblins vs Gnomes,Pisacharcos,,Minion,GVG_064,,,True,Jaemin Kim,Common,3,2,2,Pisacharcos hijo de Pisaciénagas hijo de Pisapantanos hijo de Pisa... Bueno ya os hacéis una idea.,Murloc,,
Goblins vs Gnomes,Pistones,Ataque aumentado.,Enchantment,GVG_076a,,,,,,,,,,,,
Goblins vs Gnomes,Plastatrón,<b>Provocar</b><b>Escudo divino</b>,Minion,GVG_085,,Divine Shield|Taunt,True,Matt Dixon,Common,1,2,2,El inventor del Plastatrón fue expulsado de la escuela Manitas luego de Ciudad Manitas y finalmente de los Reinos del Este.,Mech,,
Goblins vs Gnomes,Poderío de Ciudad Manitas,+1/+1.,Enchantment,GVG_102e,,,,,,,,,,,,
Goblins vs Gnomes,Poderío de Zul&sbquo;Farrak,Ataque multiplicado.,Enchantment,GVG_049e,Hunter,,,,,,,,,,,
Goblins vs Gnomes,Pollo,,Minion,GVG_092t,,,,,,1,1,1,,Beast,,
Goblins vs Gnomes,Portal inestable,Añade un esbirro aleatorio a tu mano. Cuesta (3) cristales menos.,Spell,GVG_003,Mage,,True,Sean O&sbquo;Daniels,Rare,,2,,Los habitantes de Azeroth no se hacen una idea de lo que cuesta estabilizar portales. El 30% del PIB se va en mantenimiento.,,,
Goblins vs Gnomes,Potenciado,+2/+2.,Enchantment,GVG_036e,Shaman,,,,,,,,,,,
Goblins vs Gnomes,Preparación para la batalla,Invoca a tres reclutas Mano de Plata. Equipa un arma 1/4.,Spell,GVG_061,Paladin,,True,Mike Hayes,Rare,,3,,&bdquo;¡Yo preparo los tentempiés y tú el guacamole!&bdquo;. - El grito de batalla más temido de los Reinos del Este.,,,
Goblins vs Gnomes,Pureza,Estadísticas aumentadas.,Enchantment,GVG_101e,Paladin,,,,,,,,,,,
Goblins vs Gnomes,Purificador Escarlata,<b>Grito de batalla</b>: Inflige 2 p. de daño a todos los esbirros con <b>Último aliento</b>.,Minion,GVG_101,Paladin,Battlecry,True,Anton Zemskov,Rare,4,3,3,La Cruzada Escarlata está llevando a cabo pruebas para ver si dan con un color que no destiña tanto para su orden.,,,
Goblins vs Gnomes,Rayo reductor,-2 p. de ataque este turno.,Enchantment,GVG_011a,,OneTurnEffect,,,,,,,,,,
Goblins vs Gnomes,Rebobinador temporal,Devuelve a un esbirro amistoso a tu mano.,Spell,PART_002,,,,Nutthapon Petthai,,,1,,,,,
Goblins vs Gnomes,Reciclar,Mete a un esbirro enemigo en el mazo de tu oponente.,Spell,GVG_031,Druid,,True,Brandon Kitkouski,Rare,,6,,El reciclaje druídico consiste en tirar el plástico a un contenedor y los esbirros enemigos a otro.,,,
Goblins vs Gnomes,Recombobulador,<b>Grito de batalla:</b> Transforma a un esbirro amistoso en un esbirro aleatorio del mismo coste.,Minion,GVG_108,,Battlecry,True,Ben Olson,Epic,3,2,2,El recombobulador que lo recombobule buen recombobulador será.,,,
Goblins vs Gnomes,Refrigerante de emergencia,<b>Congela</b> a un esbirro.,Spell,PART_005,,Freeze,,Peerasak Senalai,,,1,,,,,
Goblins vs Gnomes,Reprensión,Ataque aumentado.,Enchantment,GVG_063a,,,,,,,,,,,,
Goblins vs Gnomes,Revolucionado,+2 p. de daño con hechizos.,Enchantment,GVG_123e,Mage,Spellpower,,,,,,,,,,
Goblins vs Gnomes,Rey de las bestias,<b>Provocar</b>. <b>Grito de batalla:</b> Obtiene +1 p. de ataque por cada otra bestia que tengas.,Minion,GVG_046,Hunter,Battlecry|Taunt,True,Seamus Gallagher,Rare,2,5,6,Nunca duerme. Ni siquiera en la jungla la negra jungla.,Beast,,
Goblins vs Gnomes,Robomejorador,<b>Grito de batalla:</b> Otorga a tus demás esbirros <b>Viento Furioso</b> <b>Provocar</b> o <b>Escudo divino</b>.<i>(Al azar)</i>,Minion,GVG_107,,Battlecry,True,Zoltan Boros,Epic,3,4,2,¡Pídelo ahora y te regalamos el &bdquo;Robo-hace-lo-que-puede&bdquo;!,Mech,,
Goblins vs Gnomes,Robot bum,<b>Último aliento:</b> Inflige 1 - 4 p. de daño a un enemigo aleatorio.,Minion,GVG_110t,,Deathrattle,,,,1,1,1,,Mech,,
Goblins vs Gnomes,Robot de reparación,<b>Grito de batalla:</b> Otorga +4 p. de salud a un robot amistoso.,Minion,GVG_083,Priest,Battlecry,True,Nutchapol Thitinunthakorn,Rare,5,5,5,Esta es la nueva generación: funciona igual que la última pero las tuercas se venden aparte.,Mech,,
Goblins vs Gnomes,Rociador de hollín,<b>+1 p. de daño con hechizos</b>,Minion,GVG_123,Mage,Spellpower,True,Phil Saunders,Rare,3,3,3,Sospecha que su enemigo jurado el deshollinador planea un gran golpe. Lo ha visto reunirse con una niñera y un par de críos en el tejado.,Mech,,
Goblins vs Gnomes,Sabotaje,Destruye a un esbirro enemigo aleatorio. <b>Combo</b>: Destruye el arma de tu oponente.,Spell,GVG_047,Rogue,Combo,True,Dave Allsop,Epic,,4,,Sufre traidor entrégate llorica o te retorcerás entre polvos picapica.,,,
Goblins vs Gnomes,Saltador Dientehierro,<b>Grito de batalla</b>: Otorga +2 p. de ataque a tus otros robots.,Minion,GVG_048,Hunter,Battlecry,True,Hideaki Takamura,Rare,3,3,3,No lo dejes fuera cuando llueva. En el Cráter de Un&sbquo;Goro hay toda una colonia de saltadores Dienteherrumbre.,Mech,,
Goblins vs Gnomes,Sanabot antiguo,<b>Grito de batalla:</b> Restaura 8 p. de salud a tu héroe.,Minion,GVG_069,,Battlecry,True,Jesper Esjing,Common,3,5,3,¡Ya no los hacen como antes! Y menos mal porque antes explotaban.,Mech,,
Goblins vs Gnomes,Sello de Luz,+2 p. de ataque este turno.,Enchantment,GVG_057a,,OneTurnEffect,,,,,,,,,,
Goblins vs Gnomes,Sello de Luz,Restaura #4 p. de salud a tu héroe y le otorga +2 p. de ataque este turno.,Spell,GVG_057,Paladin,ImmuneToSpellpower,True,Jason Chan,Common,,2,,La póliza de Luz restaura 8 p. de salud.,,,
Goblins vs Gnomes,Sensei férreo,Al final de tu turno otorga +2/+2 a otro robot amistoso.,Minion,GVG_027,Rogue,,True,Brian Despain,Rare,2,3,2,Los robots aprecian sus enseñanzas porque les habla en un idioma que conocen. 01100001 01101100 00100000 01110100 01110101 01110010 01110010 011000011 010110011 01101110,Mech,,
Goblins vs Gnomes,Siegaenemigos 4000,También daña a los esbirros adyacentes a su objetivo.,Minion,GVG_113,,,True,James Ryman,Legendary,6,8,9,Segar cosechas segar enemigos: al final viene a ser lo mismo.,Mech,True,
Goblins vs Gnomes,Susurros oscuros,<b>Elige una:</b> Invoca 5 fuegos fatuos o bien otorga a un esbirro +5/+5 y <b>Provocar</b>.,Spell,GVG_041,Druid,,True,Trent Kaniuga,Epic,,6,,No sabemos si son susurros de verdad o que alguien tiene hambre pero corre de todas formas.,,,
Goblins vs Gnomes,Susurros oscuros,Invoca a 5 Fuegos fatuos.,Spell,GVG_041b,Druid,,,,,,,,,,,
Goblins vs Gnomes,Susurros oscuros,+5/+5 y <b>Provocar</b>.,Spell,GVG_041a,Druid,,,,,,,,,,,
Goblins vs Gnomes,Susurros oscuros,+5/+5 y <b>Provocar</b>.,Enchantment,GVG_041c,Druid,,,,,,,,,,,
Goblins vs Gnomes,Tanque araña,,Minion,GVG_044,,,True,Dany Orizio,Common,3,3,4,&bdquo;¿Y si le ponemos un par de cañones?&bdquo;. - Pintachispas mirando fijamente a la máquina de transporte araña.,Mech,,
Goblins vs Gnomes,Tanque Fuerza MAX,<b>Escudo divino</b>,Minion,GVG_079,,Divine Shield,True,Nutchapol Thitinunthakorn,Common,7,8,7,Había una fábrica de tanques en Tanaris pero cerró cuando descubrieron que ahorraban en gastos prescindiendo de frenos.,Mech,,
Goblins vs Gnomes,Técnico de Ciudad Manitas,<b>Grito de batalla:</b> Si tienes un robot obtiene +1/+1 y añade una <b>Pieza de repuesto</b> a tu mano.,Minion,GVG_102,,Battlecry,True,Gabor Szikszai,Common,3,3,3,Ahí está ahí está ahí está ahí está... Ciudad Manitas.,,,
Goblins vs Gnomes,TOMA BENEFICIO.,+2/+2.,Enchantment,GVG_104a,,,,,,,,,,,,
Goblins vs Gnomes,Toshley,<b>Grito de batalla y Último aliento:</b> Añade una <b>Pieza de repuesto</b> a tu mano.,Minion,GVG_115,,Battlecry|Deathrattle,True,Zoltan & Gabor,Legendary,5,6,7,No sé qué de convertidores de energía.,,True,
Goblins vs Gnomes,Tótem de vitalidad,Al final de tu turno restaura 4 p. de salud a tu héroe.,Minion,GVG_039,Shaman,,True,Guangjian Huang,Rare,0,2,3,Si no son Totemachines no son los auténticos.,Totem,,
Goblins vs Gnomes,Traganieve,<b>Congela</b> a cualquier personaje dañado por este esbirro.,Minion,GVG_002,Mage,Freeze,True,Gabor Szikszai,Common,2,2,3,Imita el sonido que hace cuando pase cerca: &bdquo;Chucu chucu chucu chucu&bdquo;.,Mech,,
Goblins vs Gnomes,Tramposo tuerto,Cada vez que invocas a un pirata obtiene <b>Sigilo</b>.,Minion,GVG_025,Rogue,,True,Danny Beck,Rare,4,2,1,&bdquo;Ándate con ojo&bdquo; es un dicho pirata. Por eso va en singular.,Pirate,,
Goblins vs Gnomes,Trasto Llavetorno,<b>Grito de batalla</b>: Otorga +2/+2 a un robot amistoso.,Minion,GVG_055,Warrior,Battlecry,True,Jesper Esjing,Rare,2,4,5,Si se rompe intenta controlarlo alternarlo y suprimirlo al mismo tiempo.,Mech,,
Goblins vs Gnomes,Trituradora antigua de Sneed,<b>Último aliento:</b> Invoca a un esbirro legendario aleatorio.,Minion,GVG_114,,Deathrattle,True,Christopher Moeller,Legendary,5,8,7,Cuando Sneed fue derrotado en las Minas de la Muerte subastaron su trituradora y se la vendieron a un comprador anónimo (seguramente Hogger).,Mech,True,
Goblins vs Gnomes,Trituradora pilotada,<b>Último aliento:</b> Invoca un esbirro aleatorio de coste 2.,Minion,GVG_096,,Deathrattle,True,Dan Scott,Common,4,4,3,Hubo un tiempo en que solo los goblins pilotaban trituradoras. Ahora lo hace cualquiera hasta el eremita Cho lleva una.,Mech,,
Goblins vs Gnomes,Trogg Comepiedras,Cada vez que tu oponente lanza un hechizo obtiene +2 p. de ataque.,Minion,GVG_068,,,True,Chris Rahn,Common,3,4,5,Lleva una dieta muy equilibrada: come al menos cinco tipos diferentes de piedra al día.,,,
Goblins vs Gnomes,Trogg Rompecantos,Cada vez que tu oponente lanza un hechizo obtiene +1 p. de ataque.,Minion,GVG_067,,,True,Peet Cooper,Common,2,2,3,¿No es verdad trogg de amor que en esta apartada cueva no brilla la luna nueva y se respira peor?,,,
Goblins vs Gnomes,Troggzor el Terrinator,Cada vez que tu oponente lanza un hechizo invoca a un trogg Comepiedras.,Minion,GVG_118,,,True,Mike Sass,Legendary,6,7,6,Donde pone el ojo pone el trogg.,,True,
Goblins vs Gnomes,V-07-TR-0N,<b>Cargar</b><b>Megaviento Furioso</b> <i>(puede atacar cuatro veces por turno)</i>,Minion,GVG_111t,,Charge,,Chris Seaman,Legendary,4,8,8,,Mech,True,
Goblins vs Gnomes,Viejo lobo de mar,,Minion,GVG_070,,,True,Alex Horley Orlandelli,Common,7,5,4,Ya se ha recuperado por completo del escorbuto.,Pirate,,
Goblins vs Gnomes,Vigía flotante,Obtiene +2/+2 cada vez que tu héroe recibe daño durante tu turno.,Minion,GVG_100,Warlock,,True,Todd Lockwood,Common,4,5,4,Iba a ser el vigía maligno del fin de los tiempos pero a marketing le pareció un pelín agresivo el nombre.,Demon,,
Goblins vs Gnomes,Vol&sbquo;jin,<b>Grito de batalla:</b> Intercambia su salud con la de otro esbirro.,Minion,GVG_014,Priest,Battlecry,True,Raymond Swanland,Legendary,6,5,2,Vol&sbquo;jin es un cazador de las Sombras. Es como un sacerdote de las Sombras pero con más vudú.,,True,
Goblins vs Gnomes,Yeti mecánico,<b>Último aliento:</b> Da una <b>Pieza de repuesto</b> a cada jugador.,Minion,GVG_078,,Deathrattle,True,Chris Seaman,Common,4,4,5,Yeti mecánico: porque la madre naturaleza puede cometer errores.,Mech,,
Goblins vs Gnomes,Zancaalta perdido,,Minion,GVG_071,,,True,Benjamin Zhang,Common,5,4,4,El tatuaje de su trasero reza: &bdquo;Si lo encuentras llévalo de vuelta a Mulgore&bdquo;.,Beast,,
Goblins vs Gnomes,Zapador goblin,Tiene +4 p. de ataque mientras tu oponente tenga 6 cartas o más en la mano.,Minion,GVG_095,,Aura,True,Jesper Esjing,Rare,2,3,4,Antes hacía explotar todo lo que se movía; ahora se conforma con objetivos fijos.,,,
