MECHANICS,SET,NAME,TEXT,TYPE,ID,COLLECTIBLE,ARTIST,RARITY,ATTACK,COST,HEALTH,RACE,INPLAYTEXT,FLAVOR,PLAYERCLASS,DURABILITY,ELITE,FACTION
OneTurnEffect,"Classic","„Inspiriert“","Dieser Diener hat +2 Angriff in diesem Zug.","Enchantment","CS2_188o",,,,,,,,,,,,,
,"Classic","Aasfressende Hyäne","Erhält jedes Mal +2/+1 wenn ein befreundetes Wildtier stirbt.","Minion","EX1_531",True,"Jim Nelson","Common",2,2,2,"Beast","","Jeder braucht ein Aas im Ärmel.
– Asera","Hunter",,,
,"Classic","Adlerhornbogen","Erhält jedes Mal +1 Haltbarkeit wenn ein eigenes <b>Geheimnis</b> aufgedeckt wird.","Weapon","EX1_536",True,"Cyril Van Der Haegen","Rare",3,3,,,,"Erste Lektion: Das Spitze muss ins Lebendige.","Hunter",2,,
,"Classic","Akolyth des Schmerzes","Zieht jedes Mal eine Karte wenn dieser Diener Schaden erleidet.","Minion","EX1_007",True,"Dave Kendall","Common",1,3,3,,,"Als er klein war wollte er eines Tages ein Akolyth der Freude werden aber manchmal kommen die Dinge eben anders als man denkt.",,,,
Charge|Divine Shield|Taunt|Windfury,"Classic","Al'Akir der Windlord","<b>Windzorn</b> <b>Ansturm</b> <b>Gottesschild</b> <b>Spott</b>","Minion","NEW1_010",True,"Raymond Swanland","Legendary",3,8,5,,,"Er ist der schwächste der vier Elementarlords. Und die anderen drei lassen ihn dies stetig wissen.","Shaman",,True,
,"Classic","Alarm-o-Bot","Tauscht zu Beginn Eures Zuges diesen Diener gegen einen zufälligen Diener auf Eurer Hand aus.","Minion","EX1_006",True,"Sean O’Daniels","Rare",0,3,3,"Mech",,"WARNUNG. WARNUNG. WARNUNG.",,,,
Battlecry,"Classic","Alexstrasza","<b>Kampfschrei:</b> Setzt das verbleibende Leben eines Helden auf 15.","Minion","EX1_561",True,"Raymond Swanland","Legendary",8,9,8,"Dragon",,"Alexstrasza die Lebensbinderin bringt Leben und Hoffnung zu jedem. Außer zu Todesschwinge. Oder Malygos. Oder Nekros.",,,True,"Neutral"
,"Classic","Alexstraszas Feuer","Leben auf 15 gesetzt.","Enchantment","EX1_561e",,,,,,,,,,,,,
,"Classic","Alptraum","Verleiht einem Diener +5/+5. Zu Beginn Eures nächsten Zuges wird er vernichtet.","Spell","DREAM_05",,,,,0,,,,,"Dream",,,
,"Classic","Alptraum","Dieser Diener hat +5/+5 aber er wird bald vernichtet.","Enchantment","DREAM_05e",,,,,,,,,,,,,
Enrage,"Classic","Amaniberserker","<b>Wutanfall:</b> +3 Angriff","Minion","EX1_393",True,"Chippy","Common",2,2,3,,,"Wenn ein Amaniberserker fragt „Du laberst mich an?!“ ist die korrekte Antwort „Nein Mann“.",,,,"Neutral"
Battlecry,"Classic","Arathiwaffenschmiedin","<b>Kampfschrei:</b> Legt eine Waffe (2/2) an.","Minion","EX1_398",True,"Samwise","Common",3,4,3,,,"50 % Rabatt auf alle Faustwaffen! Nur begrenzte Zeit verfügbar!","Warrior",,,"Neutral"
Battlecry,"Classic","Argentumbeschützer","<b>Kampfschrei:</b> Verleiht einem befreundeten Diener <b>Gottesschild</b>.","Minion","EX1_362",True,"Doug Alexander","Common",2,2,2,,,"„Ich sage nicht dass Ihr Feuerbällen ausweichen könnt. Ich sage Euch dass Ihr es mit diesem Schild nicht mehr müsst.“","Paladin",,,"Neutral"
Divine Shield,"Classic","Argentumknappin","<b>Gottesschild</b>","Minion","EX1_008",True,"Zoltan & Gabor","Common",1,1,1,,,"„Ich schwöre feierlich für das Licht zu streiten die Welt von der Dunkelheit zu befreien und mich ausschließlich von Süßigkeiten zu ernähren.“
– Schwur der Argentumdämmerung",,,,"Alliance"
Charge|Divine Shield,"Classic","Argentumkommandant","<b>Ansturm</b> <b>Gottesschild</b>","Minion","EX1_067",True,"James Ryman","Rare",4,6,2,,,"Die Argentumdämmerung stellt sich tapfer der Geißel entgegen – und Leuten die sich an der Supermarktkasse vordrängeln wollen.",,,,"Neutral"
Battlecry|Charge,"Classic","Arkangolem","<b>Ansturm</b>. <b>Kampfschrei:</b> Gebt Eurem Gegner 1 Manakristall.","Minion","EX1_089",True,"Sedhayu Ardian","Rare",4,3,2,,,"Arkangolems sind unglaublich beliebte Einrichtungsgegenstände für die Blutelfenschickeria.",,,,"Neutral"
,"Classic","Aschenbringer",,"Weapon","EX1_383t",,,"Legendary",5,5,,,,,"Paladin",3,,
,"Classic","Astraler Arkanist","Erhält +2/+2 wenn Ihr am Ende Eures Zuges über ein aktives <b>Geheimnis</b> verfügt.","Minion","EX1_274",True,"Michael Komarck","Rare",3,4,3,,,"Die Astralen umwickeln sich mit Tüchern um ihrer unkörperlichen Gestalt eine körperliche Form zu verleihen. Dazu kommt dass Tücher stark in Mode sind.","Mage",,False,
Aura,"Classic","Auchenaiseelenpriesterin","Eure Karten und Fähigkeiten die Leben wiederherstellen verursachen stattdessen nun Schaden.","Minion","EX1_591",True,"Doug Alexander","Rare",3,4,5,,,"Die Auchenai sind sich sicher dass das Ende kommen wird allerdings wissen sie nicht genau wann.","Priest",,,"Neutral"
,"Classic","Auf Zack gebracht","+2 Angriff.","Enchantment","EX1_603e",,,,,,,,,,"Warrior",,,
,"Classic","Aufgewertet","+1 Angriff und +1 Haltbarkeit.","Enchantment","EX1_409e",,,,,,,,,,"Warrior",,,
,"Classic","Aufgewertet","Erhöhte Haltbarkeit.","Enchantment","EX1_536e",,,,,,,,,,"Hunter",,,
,"Classic","Aufwertung","Wenn Ihr eine Waffe habt erhält sie +1/+1. Legt anderenfalls eine Waffe (1/3) an.","Spell","EX1_409",True,"Matt Cavotta","Rare",,1,,,,"Mindestens 50 DKP wert.","Warrior",,,"Neutral"
Secret,"Classic","Auge um Auge","<b>Geheimnis:</b> Wenn Euer Held Schaden erleidet wird dem feindlichen Helden ebenso viel Schaden zugefügt.","Spell","EX1_132",True,"James Ryman","Common",,1,,,,"Gerechtigkeit nimmt manchmal die Form einer ziemlich harten Faust auf einer ziemlich weichen Backe an.","Paladin",,,"Neutral"
Combo,"Classic","Ausweiden","Verursacht $2 Schaden. <b>Combo:</b> Verursacht stattdessen $4 Schaden.","Spell","EX1_124",True,"Ariel Olivetti","Common",,2,,,,"Zerstört auf langfristige Sicht jede Art von Beziehung.","Rogue",,,"Neutral"
Battlecry|Spellpower,"Classic","Azurblauer Drache","<b>Zauberschaden +1</b>. <b>Kampfschrei:</b> Zieht eine Karte.","Minion","EX1_284",True,"Ben Zhang","Rare",4,5,4,"Dragon",,"Ursprünglich wollten sie sich die Beryll- oder Saphirdrachen nennen aber das war ihnen dann doch ein wenig zu hochgestochen.",,,,"Neutral"
,"Classic","Baine Bluthuf",,"Minion","EX1_110t",,,"Legendary",4,4,5,,,,,,True,
,"Classic","Banane","+1/+1.","Enchantment","EX1_014te",,,,,,,,,,,,,
,"Classic","Banane","Verleiht einem Diener +1/+1.","Spell","EX1_014t",,,,,1,,,,,,,,
,"Classic","Bandit der Defias",,"Minion","EX1_131t",,,,2,1,1,,,,"Rogue",,,"Neutral"
Silence,"Classic","Bannen","Bringt einen Diener zum <b>Schweigen</b>.","Spell","EX1_166b",,,,,,,,,,"Druid",,,"Neutral"
,"Classic","Bärengestalt","+2 Leben und <b>Spott</b>.","Spell","EX1_165b",,,"Common",,,,,,,"Druid",,,"Neutral"
,"Classic","Baron Geddon","Fügt am Ende Eures Zuges ALLEN anderen Charakteren 2 Schaden zu.","Minion","EX1_249",True,"Ian Ameling","Legendary",7,7,5,,,"Baron Geddon war Ragnaros' oberster Leutnant bevor er GEFEUERT wurde.",,,True,"Neutral"
,"Classic","Befehlsruf","Das Leben Eurer Diener kann in diesem Zug nicht unter 1 fallen. Zieht eine Karte.","Spell","NEW1_036",True,"Wayne Reynolds","Rare",,2,,,,"Da bekommt der Ausdruck „guter Ruf“ gleich eine ganz andere Bedeutung.","Warrior",,,
OneTurnEffect,"Classic","Befehlsruf","Kann in diesem Zug nicht unter 1 Leben fallen.","Enchantment","NEW1_036e",,,,,,,,,,"Warrior",,,
OneTurnEffect,"Classic","Befehlsruf","Das Leben Eurer Diener kann in diesem Zug nicht unter 1 fallen.","Enchantment","NEW1_036e2",,,,,,,,,,"Warrior",,,
,"Classic","Bergriese","Kostet (1) weniger für jede andere Karte auf Eurer Hand.","Minion","EX1_105",True,"Samwise","Epic",8,12,8,,,"Seine Mutter meinte immer nur dass er schwere Knochen hätte.",,,,"Neutral"
,"Classic","Beschädigter Golem",,"Minion","skele21",,,"Common",2,1,1,"Mech",,,,,,"Neutral"
Aura,"Classic","Beschwörungsportal","Eure Diener kosten (2) weniger aber nicht weniger als (1).","Minion","EX1_315",True,"Tyler Walpole","Common",0,4,4,,"","NICHT WENIGER ALS 1! Kommt nicht auf dumme Gedanken!","Warlock",,,"Neutral"
Deathrattle,"Classic","Beutehamsterer","<b>Todesröcheln:</b> Zieht eine Karte.","Minion","EX1_096",True,"Jim Nelson","Common",2,2,1,,,"Würfelt immer auf Bedarf.",,,,"Neutral"
,"Classic","Bewaffnet","Erhöhter Angriff.","Enchantment","NEW1_037e",False,,,,,,,,,,,,
,"Classic","Biss","Verleiht Eurem Helden +4 Angriff in diesem Zug und 4 Rüstung.","Spell","EX1_570",True,"Tom Baxa","Rare",,4,,,,"Das Kauen nicht vergessen!","Druid",,,"Neutral"
OneTurnEffect,"Classic","Biss","+4 Angriff in diesem Zug.","Enchantment","EX1_570e",,,,,,,,,,,,,
,"Classic","Blarghghl","Erhöhter Angriff.","Enchantment","EX1_509e",,,,,,,,,,,,,
,"Classic","Blitzschlag","Verursacht $3 Schaden. <b>Überladung:</b> (1)","Spell","EX1_238",True,"Daarken","Common",,1,,,,"Auf Azeroth ist die Chance vom Blitz getroffen zu werden ziemlich hoch.","Shaman",,,"Neutral"
Freeze,"Classic","Blizzard","Fügt allen feindlichen Dienern $2 Schaden zu und <b>friert</b> sie ein.","Spell","CS2_028",True,"Chris Seaman","Rare",,6,,,,"Dieser Zauber ist pures Entertainment.","Mage",,,"Neutral"
Deathrattle|Spellpower,"Classic","Blutmagier Thalnos","<b>Zauberschaden +1</b>. <b>Todesröcheln:</b> Zieht eine Karte.","Minion","EX1_012",True,"Alex Horley Orlandelli","Legendary",1,2,1,,,"Er hat kürzlich eine Kampagne zum Blutspenden ins Leben gerufen – natürlich aus komplett uneigennützigen Gründen.",,,True,"Neutral"
,"Classic","Blutpakt","Erhöhtes Leben.","Enchantment","CS2_059o",,,,,,,,,,"Warlock",,,
,"Classic","Blutrausch","Kein Haltbarkeitsverlust.","Enchantment","EX1_411e",,,,,,,,,,"Warrior",,,
Battlecry,"Classic","Blutritter","<b>Kampfschrei:</b> Alle Diener verlieren <b>Gottesschild</b>. Erhält +3/+3 für jeden verlorenen Schild.","Minion","EX1_590",True,"Trent Kaniuga","Epic",3,3,3,,,"Die Blutritter ziehen ihre Kraft aus den heiligen Energien des Sonnenbrunnens in dem Baden STRENG VERBOTEN ist.",,,,"Neutral"
,"Classic","Blutschrei","Angriffe gegen Diener kosten 1 Angriff anstatt 1 Haltbarkeit.","Weapon","EX1_411",True,"Zoltan & Gabor","Epic",7,7,,,,"Grommash Höllschreis berühmte Axt. Irgendwie ist sie in den Besitz von Prinz Malchezaar gelangt. Ein wahres Mysterium!","Warrior",1,,"Neutral"
Battlecry,"Classic","Blutsegelkorsar","<b>Kampfschrei:</b> Zieht 1 Haltbarkeit von der Waffe Eures Gegners ab.","Minion","NEW1_025",True,"Randy Gallegos","Rare",1,1,2,"Pirate",,"Alle Piraten verfügen über dieselbe vierstellige PIN um auf den Goldautomaten zuzugreifen. Man nennt sie den „Piratencode“.",,,,
Battlecry,"Classic","Blutsegelräuberin","<b>Kampfschrei:</b> Erhält Angriff entsprechend dem Angriff Eurer Waffe.","Minion","NEW1_018",True,"Jim Nelson","Common",2,2,3,"Pirate",,"„Ich stehle nur an Tagen die auf 'g' enden. Manchmal mache ich aber auch Ausnahmen.“",,,,
Stealth,"Classic","Blutwichtel","<b>Verstohlenheit</b>. Verleiht am Ende Eures Zuges einem anderen zufälligen befreundeten Diener +1 Leben.","Minion","CS2_059",True,"Bernie Kang","Common",0,1,1,"Demon","","Wichtel geben sich damit zufrieden sich zu verstecken und dann wahllos Leute zu beleidigen.","Warlock",,,"Neutral"
,"Classic","Buße","Leben auf 1 verringert.","Enchantment","EX1_379e",,,,,,,,,,"Paladin",,,
Secret,"Classic","Buße","<b>Geheimnis:</b> Wenn Euer Gegner einen Diener ausspielt wird dessen Leben auf 1 verringert.","Spell","EX1_379",True,"Gonzalo Ordonez","Common",,1,,,,"Ironischerweise kommt die Buße oft vor der Vernichtung.","Paladin",,,"Neutral"
Deathrattle,"Classic","Cairne Bluthuf","<b>Todesröcheln:</b> Ruft Baine Bluthuf (4/5) herbei.","Minion","EX1_110",True,"Wayne Reynolds","Legendary",4,6,5,,,"Cairne wurde von Garrosh getötet also steckt diese Karte besser nicht in ein Kriegerdeck. Das wäre ganz schön unsensibel.",,,True,"Alliance"
,"Classic","Cenarius","<b>Wählt aus:</b> Verleiht Euren anderen Dienern +2/+2; oder ruft zwei Treants (2/2) mit <b>Spott</b> herbei.","Minion","EX1_573",True,"Alex Horley Orlandelli","Legendary",5,9,8,,"","Ja er ist ein Halbgott. Und nein er braucht kein Hemd zu tragen.","Druid",,True,"Neutral"
,"Classic","Dämonen wahrnehmen","Fügt Eurer Hand zwei zufällige Dämonen aus Eurem Deck hinzu.","Spell","EX1_317",True,"Raven Mimura","Common",,3,,,,"Dämonen machen normalerweise keinen Hehl aus ihrer Anwesenheit also braucht es eigentlich keinen Zauber um sie aufzuspüren.","Warlock",,,"Neutral"
,"Classic","Dämonenfeuer","Fügt einem Diener $2 Schaden zu. Wenn das Ziel ein befreundeter Dämon ist erhält er stattdessen +2/+2.","Spell","EX1_596",True,"Ben Wootten","Common",,2,,,,"Dämonenfeuer ist eigentlich ganz normales Feuer aber ES HÖRT NICHT AUF ZU BRENNEN! HILFEEEEEE!!!","Warlock",,,"Neutral"
,"Classic","Dämonenfeuer","Dieser Dämon hat +2/+2.","Enchantment","EX1_596e",,,"Common",,0,,,,,"Warlock",,,"Neutral"
OneTurnEffect,"Classic","Demoralisierendes Gebrüll","Dieser Diener hat -3 Angriff in diesem Zug.","Enchantment","EX1_161o",,,,,,,,,,"Druid",,,
Battlecry,"Classic","Der Schwarze Ritter","<b>Kampfschrei:</b> Vernichtet einen feindlichen Diener mit <b>Spott</b>.","Minion","EX1_002",True,"Alex Horley Orlandelli","Legendary",4,6,5,,,"Er geht regelmäßig Blut spenden. Nicht sein eigenes und auch nicht für wohltätige Zwecke aber immerhin.
– Tobias K.",,,True,
Deathrattle,"Classic","Die Bestie","<b>Todesröcheln:</b> Ruft Finkle Einhorn (3/3) für Euren Gegner herbei.","Minion","EX1_577",True,"Glenn Rane","Legendary",9,6,7,"Beast",,"Hat Kürschner zum Fressen gern.",,,True,"Neutral"
Taunt,"Classic","Druide der Klaue","<b>Spott</b>","Minion","EX1_165t2",,,"Common",4,5,6,"Beast",,,"Druid",,,
,"Classic","Druide der Klaue","<b>Wählt aus:</b> <b>Ansturm</b>; oder +2 Leben und <b>Spott</b>.","Minion","EX1_165",True,"Luca Zontini","Common",4,5,4,,,"Katze? Bär? Katze? Bär? Katze? Bär? Oh Mann ich kann mich einfach nicht entscheiden!","Druid",,,"Neutral"
Charge,"Classic","Druide der Klaue","<b>Ansturm</b>","Minion","EX1_165t1",,,"Common",4,5,4,"Beast",,,"Druid",,,
Stealth,"Classic","Dschungelpanther","<b>Verstohlenheit</b>","Minion","EX1_017",True,"Jaemin Kim","Common",4,3,2,"Beast",,"Das Schlingendorntal ist der sprichwörtliche Dschungel. Überleben ist Glückssache.",,,,"Horde"
Battlecry,"Classic","Dunkeleisenzwerg","<b>Kampfschrei:</b> Verleiht einem Diener +2 Angriff in diesem Zug.","Minion","EX1_046",True,"Scott Hampton","Common",4,4,4,,,"Die Wächter des Dunkeleisenerzes. Vielleicht das nervigste Erz wenn man bedenkt wo man es verhütten muss.",,,,"Alliance"
,"Classic","Dunkler Befehl","Dieser Diener hat für diesen Zug seinen Meister gewechselt.","Enchantment","EX1_334e",,,,,,,,,,"Priest",,,
,"Classic","Dunkler Wahnsinn","Übernehmt bis zum Ende des Zuges die Kontrolle über einen feindlichen Diener mit max. 3 Angriff.","Spell","EX1_334",True,"Mark Gibbons","Rare",,4,,,,"Für den übernehmenden Spieler der helle Wahnsinn!","Priest",,,"Neutral"
Combo,"Classic","Edwin van Cleef","<b>Combo:</b> Erhält für jede in diesem Zug bereits ausgespielte Karte +2/+2.","Minion","EX1_613",True,"Efrem Palacios","Legendary",2,3,2,,,"Er leitete die Steinmetze beim Wiederaufbau von Sturmwind und als die Adligen nicht zahlen wollten gründete er die Bruderschaft der Defias um Sturmwind nun ja wieder <i>abzubauen</i>.","Rogue",,True,"Neutral"
,"Classic","Eichhörnchen",,"Minion","EX1_tk28",,,"Common",1,1,1,"Beast",,,,,,"Neutral"
Secret,"Classic","Eisbarriere","<b>Geheimnis:</b> Wenn Euer Held angegriffen wird erhält er 8 Rüstung.","Spell","EX1_289",True,"Alex Garner","Common",,3,,,,"Wenn Ihr Eurem Gegner mal so richtig die kalte Schulter zeigen wollt.","Mage",,,"Neutral"
OneTurnEffect,"Classic","Eisblock","Euer Held ist <b>immun</b> in diesem Zug.","Enchantment","EX1_295o",,,,,,,,,,"Mage",,,
Secret,"Classic","Eisblock","<b>Geheimnis:</b> Wenn Euer Held tödlichen Schaden erleidet wird dieser verhindert und der Held wird <b>immun</b> in diesem Zug.","Spell","EX1_295",True,"Carl Frank","Epic",,3,,,,"Eis hält jung und bekommt selten einen Sprung.","Mage",,,"Neutral"
Battlecry,"Classic","Eisenschnabeleule","<b>Kampfschrei:</b> Bringt einen Diener zum <b>Schweigen</b>.","Minion","CS2_203",True,"Trevor Jacobs","Common",2,2,1,"Beast",,"Sie fliegen auf leisen Schwingen doch bedecket Eure Ohren so sie singen ... äh kreischen.",,,,"Horde"
Secret,"Classic","Eiskältefalle","<b>Geheimnis:</b> Wenn ein feindlicher Diener angreift lasst ihn auf die Hand seines Besitzers zurückkehren. Zusätzlich kostet er (2) mehr.","Spell","EX1_611",True,"Matt Gaser","Common",,2,,,,"Wenn man in diese Falle gerät heißt es lediglich: abwarten und Tee trinken.","Hunter",,,"Neutral"
Freeze,"Classic","Eislanze","<b>Friert</b> einen Charakter ein. Wenn er bereits <b>eingefroren</b> ist werden ihm stattdessen $4 Schaden zugefügt.","Spell","CS2_031",True,"Alex Horley Orlandelli","Common",,1,,,,"Der Trick dabei ist die Lanze nicht abzubrechen. Ihr habt ansonsten „Eisscherben“. Eisscherben sind nicht besonders effektiv.","Mage",,,"Neutral"
,"Classic","Elunes Anmut","Erhöhtes Leben.","Enchantment","EX1_004e",,,,,,,,,,,,,
,"Classic","Entfesselter Elementar","Erhält jedes Mal +1/+1 wenn Ihr eine Karte mit <b>Überladung</b> ausspielt.","Minion","EX1_258",True,"Matt Gaser","Common",2,3,4,,,"Anders als gefesselte Elementare gehen entfesselte Elementare auch öfter mal aus.","Shaman",,,"Neutral"
Combo,"Classic","Entführer","<b>Combo:</b> Lasst einen Diener auf die Hand seines Besitzers zurückkehren.","Minion","NEW1_005",True,"Dave Allsop","Epic",5,6,3,,,"Er möchte Leuten einfach nur seine Briefmarkensammlung zeigen.","Rogue",,,
,"Classic","Entwurzeln","+5 Angriff.","Spell","EX1_178b",,,,,,,,,,"Druid",,,"Neutral"
,"Classic","Entwurzelt","+5 Angriff.","Enchantment","EX1_178be",,,,,,,,,,"Druid",,,
Taunt,"Classic","Erdelementar","<b>Spott</b> <b>Überladung:</b> (3)","Minion","EX1_250",True,"Dan Scott","Epic",7,5,8,,,"Marmor Stein und Eisen bricht ... nicht!","Shaman",,,"Neutral"
Silence,"Classic","Erdschock","Bringt einen Diener zum <b>Schweigen</b> und fügt ihm dann $1 Schaden zu.","Spell","EX1_245",True,"Kevin Chin","Common",,1,,,,"Erdschock? Sollte es nicht eher „Azerothschock“ heißen?","Shaman",,,"Neutral"
Secret,"Classic","Erlösung","<b>Geheimnis:</b> Wenn einer Eurer Diener stirbt wird er mit 1 Leben wiederbelebt.","Spell","EX1_136",True,"Ittoku","Common",,1,,,,"Einen Herrn kann man erlösen eine Dame muss man sielösen.","Paladin",,,"Neutral"
Deathrattle,"Classic","Erntegolem","<b>Todesröcheln:</b> Ruft einen Beschädigten Golem (2/1) herbei.","Minion","EX1_556",True,"Brian Despain","Common",2,3,3,"Mech",,"„Grenzwert für Hitzeresistenz überschritten. Systemausfall. Weizen verstopft Luke B. Fahre herunter.“",,,,"Neutral"
,"Classic","Erzmagier Antonidas","Erhaltet jedes Mal einen „Feuerball“-Zauber auf Eure Hand wenn Ihr einen Zauber wirkt.","Minion","EX1_559",True,"Wayne Reynolds","Legendary",5,7,7,,"","Der Großmagus der Kirin Tor und Dalarans großartigster Sohn. Selbst Zwerge beneideten ihn um seinen Bart.","Mage",,True,"Neutral"
,"Classic","Experimente!","Der Verrückte Alchemist hat Angriff und Leben vertauscht.","Enchantment","EX1_059e",,,,,,,,,,,,,
,"Classic","Explosivschuss","Fügt einem Diener $5 Schaden und benachbarten Dienern $2 Schaden zu.","Spell","EX1_537",True,"Tom Baxa","Rare",,5,,,,"Stift ziehen bis 5 zählen abfeuern und ducken.","Hunter",,,"Neutral"
,"Classic","Feendrache","Kann nicht als Ziel von Zaubern oder Heldenfähigkeiten gewählt werden.","Minion","NEW1_023",True,"Samwise","Common",3,2,2,"Dragon",,"Putzig. Immun gegen Magie. Pinkelt nicht auf den Teppich. Das perfekte Haustier!",,,,
,"Classic","Fernsicht","Eine Eurer Karten kostet (3) weniger.","Enchantment","CS2_053e",,"Lars Grant-West",,,,,,,,"Shaman",,,
,"Classic","Fernsicht","Zieht eine Karte. Diese Karte kostet (3) weniger.","Spell","CS2_053",True,"Lars Grant-West","Epic",,3,,,,"Achtung – zu viel fern sehen ist nicht gut für die Augen.
– Sandra K.","Shaman",,,"Neutral"
,"Classic","Festgewurzelt","+5 Leben und <b>Spott</b>.","Spell","EX1_178a",,,,,,,,,,"Druid",,,"Neutral"
,"Classic","Festgewurzelt","+5 Leben und <b>Spott</b>.","Enchantment","EX1_178ae",,,,,,,,,,"Druid",,,
Battlecry,"Classic","Fieser Zuchtmeister","<b>Kampfschrei:</b> Fügt einem Diener 1 Schaden zu und verleiht ihm +2 Angriff.","Minion","EX1_603",True,"Phroilan Gardner","Common",2,2,2,,,"„Am Sonntag werdet Ihr Überstunden machen müssen.“ – Fieser Zuchtmeister","Warrior",,,"Neutral"
,"Classic","Finkle Einhorn",,"Minion","EX1_finkle",,,"Legendary",3,2,3,,,,,,True,"Neutral"
,"Classic","Flamme von Azzinoth",,"Minion","EX1_614t",,,,2,1,1,,,,,,,
Battlecry,"Classic","Flammenwichtel","<b>Kampfschrei:</b> Fügt Eurem Helden 3 Schaden zu.","Minion","EX1_319",True,"Alex Horley Orlandelli","Common",3,1,2,"Demon",,"Wichtel können einfach nicht verstehen warum Ihr es nicht so toll findet in Brand gesteckt zu werden.","Warlock",,,"Neutral"
,"Classic","Fleischfressender Ghul","Erhält jedes Mal +1 Angriff wenn ein Diener stirbt.","Minion","tt_004",True,"Alex Horley Orlandelli","Common",2,3,3,,"","Oder habt Ihr schon einmal von einem pflanzenfressenden Ghul gehört?",,,,"Neutral"
Battlecry,"Classic","Friedensbewahrer","<b>Kampfschrei:</b> Setzt den Angriff eines feindlichen Dieners auf 1.","Minion","EX1_382",True,"Dany Orizio","Rare",3,3,3,,,"Die Aldor hassen zwei Dinge: die Seher und Entspannungsmusik.","Paladin",,,"Neutral"
Battlecry|Freeze,"Classic","Frostelementar","<b>Kampfschrei:</b> <b>Friert</b> einen Charakter ein.","Minion","EX1_283",True,"Dan Scott","Common",5,6,5,,,"So was kommt dabei raus wenn ein Wasserelementar und ein Eiselementar sich SEHR lieb haben ...",,,,"Neutral"
,"Classic","Gabelblitzschlag","Fügt zwei zufälligen feindlichen Dienern $2 Schaden zu. <b>Überladung:</b> (2)","Spell","EX1_251",True,"Ralph Horsley","Common",,1,,,,"Wenn man ihn mit Löffelblitzschlag und Messerblitzschlag kombiniert steht dem gesitteten Dinner nichts mehr im Wege.","Shaman",,,"Neutral"
Battlecry,"Classic","Gedankenkontrolleur","<b>Kampfschrei:</b> Falls Euer Gegner mind. 4 Diener hat übernehmt zufällig die Kontrolle über einen davon.","Minion","EX1_085",True,"Leo Che","Rare",3,3,3,,,"Gedankenkontrolltechnologie wird immer ausgereifter was aber nicht viel bedeuten muss.",,,,"Alliance"
,"Classic","Gedankenraub","Kopiert 2 Karten aus dem Deck Eures Gegners und fügt sie Eurer Hand hinzu.","Spell","EX1_339",True,"Alex Garner","Common",,3,,,,"„Was erhält man wenn man Gedankenraub auf einen Orc wirkt? Nichts!“ – Alter Taurenwitz","Priest",,,"Neutral"
,"Classic","Gedankenspiele","Legt eine Kopie eines zufälligen Dieners aus dem Deck Eures Gegners auf das Schlachtfeld.","Spell","EX1_345",True,"Zoltan & Gabor","Epic",,4,,,,"Manchmal scheint dies alles nur ein Spiel zu sein.","Priest",,,"Neutral"
,"Classic","Gedankenstachel","<b>Heldenfähigkeit</b>
Verursacht 2 Schaden.","Hero Power","EX1_625t",,,,,2,,,,,"Priest",,,
,"Classic","Gedankenzersplitterung","<b>Heldenfähigkeit</b>
Verursacht 3 Schaden.","Hero Power","EX1_625t2",,,,,2,,,,,"Priest",,,
Poisonous|Stealth,"Classic","Geduldiger Attentäter","<b>Verstohlenheit</b>. Vernichtet jeden Diener der von diesem Diener verletzt wurde.","Minion","EX1_522",True,"Ben Olson","Epic",1,2,1,,"","Er ist eigentlich nicht wirklich geduldig. Es braucht halt eine Weile bis jemand vorbeikommt den er auch erreichen kann.","Rogue",,,"Neutral"
,"Classic","Gefangen","Wird zu Beginn des nächsten Zuges wieder <b>eingefroren</b>.","Enchantment","EX1_611e",,,,,,,,,,"Hunter",,,
,"Classic","Gefüllter Bauch","+2/+2. Randvoll mit Murloc.","Enchantment","NEW1_017e",,,,,,,,,,,,,
Secret,"Classic","Gegenzauber","<b>Geheimnis:</b> Wenn Euer Gegner einen Zauber wirkt <b>kontert</b> Ihr ihn.","Spell","EX1_287",True,"Jason Chan","Rare",,3,,,,"Was ist der Unterschied zwischen einem Magier der Gegenzauber verwendet und einem der dies nicht tut? Letzterer bekommt öfter Pyroschläge ins Gesicht.","Mage",,,"Neutral"
OneTurnEffect,"Classic","Gehärtet","+2 Angriff in diesem Zug.","Enchantment","EX1_046e",,,,,,,,,,,,,
,"Classic","Geheimnisbewahrerin","Erhält jedes Mal +1/+1 wenn ein <b>Geheimnis</b> ausgespielt wird.","Minion","EX1_080",True,"Gonzalo Ordonez","Rare",1,1,2,,"","Sie schwört niemandem von dieser Sache zu berichten die Ihr in der einen Nacht mit dieser einen Person getan habt.",,,,"Alliance"
,"Classic","Geheimnisse bewahren","Erhöhte Werte.","Enchantment","EX1_080o",,,,,,,,,,,,,
,"Classic","Geist der Ahnen","<b>Todesröcheln:</b> Ruft diesen Diener erneut herbei.","Enchantment","CS2_038e",,,,,,,,,,"Shaman",,,
,"Classic","Geist der Ahnen","Verleiht einem Diener „<b>Todesröcheln:</b> Ruft diesen Diener erneut herbei.“","Spell","CS2_038",True,"Zoltan & Gabor","Rare",,2,,,,"Der Tod war lediglich ein Rückschlag!","Shaman",,,"Neutral"
Taunt,"Classic","Geisterwolf","<b>Spott</b>","Minion","EX1_tk11",,,"Rare",2,2,3,,,,"Shaman",,,"Neutral"
,"Classic","Geschärft","+1 Haltbarkeit.","Enchantment","CS2_146o",,,,,,,,,,,,,
,"Classic","Geschmolzener Riese","Kostet (1) weniger für jeden Schadenspunkt den Euer Held erlitten hat.","Minion","EX1_620",True,"Glenn Rane","Epic",8,20,8,,,"Er bekommt immer furchtbares Sodbrennen WEIL ER VOLLER LAVA IST.",,,,
,"Classic","Gesegneter Champion","Verdoppelt den Angriff eines Dieners.","Spell","EX1_355",True,"Tyler Walpole","Rare",,5,,,,"Diese Karte verursacht den doppelten Ärger UND den doppelten Spaß.","Paladin",,,
,"Classic","Gesegneter Champion","Der Angriff dieses Dieners wurde verdoppelt.","Enchantment","EX1_355e",,,,,,,,,,"Paladin",,,
Battlecry,"Classic","Gesichtsloser Manipulator","<b>Kampfschrei:</b> Wählt einen Diener aus um Gesichtsloser Manipulator in eine Kopie desselben zu verwandeln.","Minion","EX1_564",True,"Raymond Swanland","Epic",3,5,3,,,"Die Gesichtslosen sind die Diener Yogg-Sarons und ernähren sich von Angst. Im Augenblick laben sie sich an Eurer Angst davor aus Versehen all Eure guten Karten zu entzaubern.",,,,"Neutral"
OneTurnEffect,"Classic","Gestärkt","Die Manasüchtige hat erhöhten Angriff.","Enchantment","EX1_055o",,,,,,,,,,,,,
,"Classic","Gewittersturm","Fügt allen feindlichen Dienern $2–$3 Schaden zu. <b>Überladung:</b> (2)","Spell","EX1_259",True,"Christopher Moeller","Rare",,3,,,,"Dagegen hilft auch kein Regenschirm.","Shaman",,,"Neutral"
,"Classic","Gleichheit","Setzt das Leben ALLER Diener auf 1.","Spell","EX1_619",True,"Michal Ivan","Rare",,2,,,,"Paladine waren schon immer ein Musterbeispiel von Fairness.","Paladin",,,"Neutral"
,"Classic","Gleichheit","Leben auf 1 gesetzt.","Enchantment","EX1_619e",,,,,,,,,,"Paladin",,,
Taunt,"Classic","Gnoll","<b>Spott</b>","Minion","NEW1_040t",,,,2,2,2,,,,,,,
,"Classic","Goblinauktionator","Zieht jedes Mal eine Karte wenn Ihr einen Zauber wirkt.","Minion","EX1_095",True,"Matt Dixon","Rare",4,6,4,,"","Früher leitete er das Schwarzmarktauktionshaus aber leider endete es nur in Gewalt und er musste sich ein neues Auskommen sichern.",,,,"Neutral"
,"Classic","Goldrausch","Erhöhter Angriff.","Enchantment","NEW1_018e",,,,,,,,,,,,,
,"Classic","Göttliche Gunst","Zieht so viele Karten bis Ihr genauso viele Karten auf Eurer Hand habt wie Euer Gegner.","Spell","EX1_349",True,"Lucas Graciano","Rare",,3,,,,"Wer hätte gedacht dass die Götter sich für die Kartenspiele der Sterblichen interessieren.","Paladin",,,"Neutral"
Charge|Enrage,"Classic","Grommash Höllschrei","<b>Ansturm</b> <b>Wutanfall:</b> +6 Angriff","Minion","EX1_414",True,"Glenn Rane","Legendary",4,8,9,,,"Grommash trank einst das verderbte Blut Mannoroths und verdammte so sein Volk zu grüner Haut und roten Augen. Er soll schon bessere Entscheidungen getroffen haben.","Warrior",,True,"Neutral"
Battlecry,"Classic","Großwildjäger","<b>Kampfschrei:</b> Vernichtet einen Diener mit mind. 7 Angriff.","Minion","EX1_005",True,"Chris Seaman","Epic",4,3,2,,,"Das Jagen ordinärer Teufelssaurier reizt ihn nicht mehr so wie früher. Nicht mehr lange und er wird versuchen Onyxia mit einer einfachen Krolklinge zur Strecke zu bringen.",,,,
Battlecry,"Classic","Grubenlord","<b>Kampfschrei:</b> Fügt Eurem Helden 5 Schaden zu.","Minion","EX1_313",True,"Glenn Rane","Epic",5,4,6,"Demon",,"Mannoroth Magtheridon und Brutallus mögen vielleicht Geschichte sein aber anscheinend haben auch andere Mütter schöne Söhne.","Warlock",,,"Neutral"
,"Classic","Grünhauts Befehl","+1/+1.","Enchantment","NEW1_024o",,,,,,,,,,,,,
,"Classic","Gruul","Erhält am Ende jedes Zuges +1/+1.","Minion","NEW1_038",True,"Kev Walker","Legendary",7,8,7,,"","Gruul der Drachentöter hat seinen Namen verdient und das obwohl er eigentlich nur kuscheln wollte.",,,True,
,"Classic","Gunst des Halbgotts","+2/+2.","Enchantment","EX1_573ae",,,,,,,,,,"Druid",,,"Neutral"
,"Classic","Gunst des Halbgotts","Verleiht Euren anderen Dienern +2/+2.","Spell","EX1_573a",,,,,,,,,,"Druid",,,"Neutral"
,"Classic","Hand von Argus","+1/+1 und <b>Spott</b>.","Enchantment","EX1_093e",,,,,,,,,,,,,
,"Classic","Handauflegung","Stellt #8 Leben wieder her. Zieht 3 Karten.","Spell","EX1_354",True,"Raymond Swanland","Epic",,8,,,,"Unangenehm bei Schweißhänden aber dennoch hilfreich.","Paladin",,,"Neutral"
Battlecry,"Classic","Harrison Jones","<b>Kampfschrei:</b> Zerstört die Waffe Eures Gegners. Zieht ihrer Haltbarkeit entsprechend Karten.","Minion","EX1_558",True,"Matt Dixon","Legendary",5,5,4,,,"„Das gehört in die Halle der Forscher!“",,,True,"Neutral"
Enrage,"Classic","Hasserfüllte Schmiedin","<b>Wutanfall:</b> Eure Waffe hat +2 Angriff.","Minion","CS2_221",True,"Justin Sweet","Common",4,5,6,,"","Klar sie kann Euch eine Waffe schmieden aber sie verlangt dafür 5 Stahlbarren 3 Erdpartikel und den Skalp ihres letzten Kunden.",,,,"Horde"
,"Classic","Heiliger Zorn","Zieht eine Karte und verursacht Schaden der ihren Kosten entspricht.","Spell","EX1_365",True,"Justin Sweet","Rare",,5,,,,"Los los los ... einen Geschmolzenen Riesen bitte!","Paladin",,,"Neutral"
,"Classic","Heiliges Feuer","Verursacht $5 Schaden. Stellt bei Eurem Helden #5 Leben wieder her.","Spell","EX1_624",True,"Miguel Coimbra","Rare",,6,,,,"Wird oft von Heiligem Rauch gefolgt.","Priest",,,
Secret,"Classic","Heldenopfer","<b>Geheimnis:</b> Wenn ein Feind angreift ruft Ihr einen Verteidiger (2/1) als neues Ziel herbei.","Spell","EX1_130",True,"Zoltan & Gabor","Common",,1,,,,"Es muss ja nicht immer der eigene Kopf sein den man hinhält.
– Sebastian R.","Paladin",,,"Neutral"
,"Classic","Hogger","Ruft am Ende Eures Zuges einen Gnoll (2/2) mit <b>Spott</b> herbei.","Minion","NEW1_040",True,"Laurel D. Austin","Legendary",4,6,4,,,"Hogger ist so mächtig dass Ihr ihn nur töten könnt wenn er Euch <i>lässt</i>.",,,True,
,"Classic","Höllenbestie",,"Minion","EX1_tk34",,,"Common",6,6,6,"Demon",,,"Warlock",,,"Neutral"
Battlecry,"Classic","Hungrige Krabbe","<b>Kampfschrei:</b> Vernichtet einen Murloc und erhält +2/+2.","Minion","NEW1_017",True,"Jaemin Kim","Epic",1,1,2,"Beast",,"Krabben würden Murlocs kaufen.",,,,
,"Classic","Hüter des Hains","<b>Wählt aus:</b> Verursacht 2 Schaden; oder bringt einen Diener zum <b>Schweigen</b>.","Minion","EX1_166",True,"Gabor Szikszai","Rare",2,4,4,,,"Die Jungs tauchen einfach auf und fangen gleich an Euren Hain zu behüten ohne zu fragen.","Druid",,,"Neutral"
,"Classic","Hyäne",,"Minion","EX1_534t",,"Andrew Robinson","Rare",2,2,2,"Beast",,,"Hunter",,,
,"Classic","Illidan Sturmgrimm","Beschwört jedes Mal eine Flamme von Azzinoth (2/1) wenn Ihr eine Karte ausspielt.","Minion","EX1_614",True,"Alex Horley Orlandelli","Legendary",7,6,5,"Demon",,"Illidans Bruder Malfurion sperrte ihn 10.000 Jahre lang unter dem Hyjal ein. Die Sturmgrimms hegen ihren Grimm.",,,True,"Neutral"
,"Classic","INFERNO!","<b>Heldenfähigkeit</b>
Beschwört eine Höllenbestie (6/6).","Hero Power","EX1_tk33",,,,,2,,,,,"Warlock",,,"Neutral"
,"Classic","Infusion","+3 Leben.","Enchantment","EX1_623e",,,,,,,,,,"Priest",,,
,"Classic","Innere Wut","+2 Angriff.","Enchantment","EX1_607e",,,,,,,,,,"Warrior",,,
,"Classic","Innere Wut","Fügt einem Diener $1 Schaden zu. Der Diener erhält +2 Angriff.","Spell","EX1_607",True,"Slawomir Maniak","Common",,0,,,,"Sie lächeln nur äußerlich.","Warrior",,,"Neutral"
,"Classic","Inneres Feuer","Setzt den Angriff eines Dieners auf einen Wert der seinem Leben entspricht.","Spell","CS1_129",True,"Steve Prescott","Common",,1,,,,"Gute Idee: Diener verstärken. Schlechte Idee: Eine Unterhaltung im Brachland anfangen.","Priest",,,"Neutral"
,"Classic","Inneres Feuer","Der Angriffswert wurde dem Lebenswert angeglichen.","Enchantment","CS1_129e",,,,,,,,,,"Priest",,,
Secret,"Classic","Irreführung","<b>Geheimnis:</b> Wenn ein Charakter Euren Helden angreift greift er stattdessen einen zufälligen anderen Charakter an.","Spell","EX1_533",True,"Daren Bader","Rare",,2,,,,"Manchmal reicht schon ein falscher Schnurrbart.","Hunter",,,"Neutral"
,"Classic","Irrwisch",,"Minion","CS2_231",True,"Malcolm Davis","Common",1,0,1,,,"Sie sehen vielleicht harmlos aus aber mit genug davon bringt man sogar einen riesigen Eredarlord zum Platzen!",,,,"Neutral"
Charge,"Classic","Jagdhund","<b>Ansturm</b>","Minion","EX1_538t",,,,1,1,1,"Beast",,,"Hunter",,,
,"Classic","Junge Priesterin","Verleiht am Ende Eures Zuges einem anderen zufälligen befreundeten Diener +1 Leben.","Minion","EX1_004",True,"Vance Kovacs","Rare",2,1,1,,,"Sie kann es kaum erwarten Rang 2 von Machtwort: Seelenstärke zu erlernen.",,,,
Battlecry,"Classic","Junger Braumeister","<b>Kampfschrei:</b> Lasst einen befreundeten Diener vom Schlachtfeld auf Eure Hand zurückkehren.","Minion","EX1_049",True,"Wei Wang","Common",3,2,2,,,"Sein jugendlicher Enthusiasmus lässt nicht zwingend auf die Qualität seines Gebräus schließen – Finger weg vom Mogu-Alt!",,,,"Alliance"
Windfury,"Classic","Junger Drachenfalke","<b>Windzorn</b>","Minion","CS2_169",True,"Greg Hildebrandt","Common",1,1,1,"Beast",,"So zäh und stark wie ein Falke und so leicht und agil wie ein Drache ...",,,,"Horde"
Battlecry,"Classic","Kabaleschattenpriesterin","<b>Kampfschrei:</b> Übernehmt die Kontrolle über einen feindlichen Diener mit max. 2 Angriff.","Minion","EX1_091",True,"Chippy","Epic",4,6,5,,,"Man kann sich nie ganz sicher sein wessen Gedanken diese fragwürdige Dame gerade kontrol...","Priest",,,"Neutral"
Poisonous,"Classic","Kaiserkobra","Vernichtet jeden Diener der von diesem Diener verletzt wurde.","Minion","EX1_170",True,"Lars Grant-West","Rare",2,3,3,"Beast","","Das Sholazarbecken ist Heimat vieler wirklich fürchterlicher Dinge. Falls Ihr dort Urlaub machen wollt dann bringt Insektenspray mit. Und eine Plattenrüstung.",,,,"Neutral"
,"Classic","Kaltblütigkeit","+2 Angriff.","Enchantment","CS2_073e",,,,,,,,,,"Rogue",,,
Combo,"Classic","Kaltblütigkeit","Verleiht einem Diener +2 Angriff. <b>Combo:</b> Stattdessen +4 Angriff.","Spell","CS2_073",True,"Alex Horley Orlandelli","Common",,1,,,,"„Ich bin kaltblütig. Hier fühlt selbst!“","Rogue",,,"Neutral"
,"Classic","Kaltblütigkeit","+4 Angriff.","Enchantment","CS2_073e2",,,,,,,,,,"Rogue",,,
Freeze,"Classic","Kältekegel","<b>Friert</b> einen Diener sowie seine benachbarten Diener ein und fügt ihnen $1 Schaden zu.","Spell","EX1_275",True,"Leo Che","Common",,4,,,,"Die Magier der Kirin Tor wirkten lange Jahre den „Kältekubus“ bevor der Kegel vor etwa 90 Jahren in Mode kam.","Mage",,,"Neutral"
,"Classic","Kampfeswut","Zieht eine Karte für jeden verletzten befreundeten Charakter.","Spell","EX1_392",True,"Alex Horley Orlandelli","Common",,2,,,,"„Ihr würdet mich nicht mögen wenn ich wütend bin.“","Warrior",,,"Neutral"
,"Classic","Kannibalismus","Erhöhter Angriff.","Enchantment","tt_004o",,,,,,,,,,,,,
Battlecry,"Classic","Kapitän Grünhaut","<b>Kampfschrei:</b> Verleiht Eurer Waffe +1/+1.","Minion","NEW1_024",True,"Dan Scott","Legendary",5,5,4,"Pirate",,"Er war <i>so kurz</i> davor einen Moloch in den Hafen von Sturmwind zu steuern wenn nur nicht diese nervigen Kinder gewesen wären.",,,True,
,"Classic","Katzengestalt","<b>Ansturm</b>","Spell","EX1_165a",,,"Common",,,,,,,"Druid",,,"Neutral"
Battlecry|Combo,"Classic","Klinge des Verderbens","<b>Kampfschrei:</b> Verursacht 1 Schaden. <b>Combo:</b> Verursacht stattdessen 2 Schaden.","Weapon","EX1_133",True,"Daren Bader","Rare",2,3,,,,"Die Klinge des Verderbens ist immer dann Ragnaros' bevorzugte Waffe wenn Sulfuras gerade beim Schmied ist.","Rogue",2,,"Neutral"
AffectedBySpellPower,"Classic","Klingenwirbel","Zerstört Eure Waffe und fügt allen Feinden den Schaden dieser Waffe zu.","Spell","CS2_233",True,"Hideaki Takamura","Rare",,2,,,,"„Es geht nicht einfach nur darum mit dem Dolch schnell herumzuwirbeln. Es ist viel komplizierter.“ – Shan Schurkenlehrer","Rogue",,,"Neutral"
,"Classic","Knappe",,"Minion","CS2_152",,,"Common",2,1,2,,,,,,,"Alliance"
,"Classic","Kochendes Blut",,"Weapon","EX1_323w",,,,3,3,,,,,"Warlock",8,,
Charge,"Classic","König Knirsch","<b>Ansturm</b>","Minion","EX1_543",True,"Alex Horley Orlandelli","Legendary",8,9,8,"Beast",,"Die beste Verteidigung gegen König Knirsch ist sich hinter jemandem zu positionieren den man nicht besonders mag.","Hunter",,True,"Neutral"
Battlecry,"Classic","König Mukla","<b>Kampfschrei:</b> Gebt Eurem Gegner 2 Bananen.","Minion","EX1_014",True,"Sunny Gho","Legendary",5,3,5,"Beast",,"König Mukla durchstreift die Insel Jaguero auf der Suche nach Liebe.",,,True,
Summoned,"Classic","Kontrolliert Gedanken",,"Enchantment","EX1_tk31",,,"Common",,,,,,,"Priest",,,"Neutral"
,"Classic","Kreis der Heilung","Stellt bei ALLEN Dienern #4 Leben wieder her.","Spell","EX1_621",True,"Daarken","Common",,0,,,,"Es ist nicht wirklich ein Kreis.","Priest",,,
,"Classic","Kreislauf der Natur","Vernichtet einen Diener. Euer Gegner zieht 2 Karten.","Spell","EX1_161",True,"Leo Che","Common",,1,,,,"Kompostierung mal anders.","Druid",,,"Neutral"
,"Classic","Kultmeisterin","Zieht jedes Mal eine Karte wenn einer Eurer anderen Diener stirbt.","Minion","EX1_595",True,"Raymond Swanland","Common",4,4,2,,"","Sie mag vielleicht eine böse Kultmeisterin sein aber sie meldet sich noch immer jede Woche bei ihren Eltern.",,,,"Neutral"
,"Classic","Lachende Schwester","Kann nicht als Ziel von Zaubern oder Heldenfähigkeiten gewählt werden.","Minion","DREAM_01",,,,3,3,5,,"",,"Dream",,,
,"Classic","Langbogen des Gladiators","Euer Held ist <b>immun</b> während er angreift.","Weapon","DS1_188",True,"Peter C. Lee","Epic",5,7,,,,"Da dieser Langbogen sich hervorragend dazu eignet Feinde aus großer Entfernung zu erledigen wird er für die Jagd auf stark riechende Ziele empfohlen.","Hunter",2,,"Neutral"
,"Classic","Lasst die Hunde los!","Ruft für jeden feindlichen Diener einen Jagdhund (1/1) mit <b>Ansturm</b> herbei.","Spell","EX1_538",True,"Linggar Bramanty","Common",,3,,,,"Ihr müsst den Namen dieser Karte jedes Mal laut aussprechen wenn Ihr sie ausspielt.","Hunter",,,
,"Classic","Lavaeruption","Verursacht $5 Schaden. <b>Überladung:</b> (2)","Spell","EX1_241",True,"Dan Scott","Rare",,3,,,,"Sie ist wie jeder weiß viel heißer als heiß und das immer mehr!","Shaman",,,"Neutral"
Battlecry|Charge,"Classic","Leeroy Jenkins","<b>Ansturm</b>. <b>Kampfschrei:</b> Ruft zwei Welplinge (1/1) für Euren Gegner herbei.","Minion","EX1_116",True,"Gabe from Penny Arcade","Legendary",6,5,2,,,"Es war nicht seine Schuld!",,,True,"Alliance"
,"Classic","Lehren der Kirin Tor","<b>Zauberschaden +1</b>","Enchantment","EX1_584e",,,,,,,,,,,,,
,"Classic","Lehrensucher Cho","Wenn ein Spieler einen Zauber wirkt erhält der andere Spieler eine Kopie desselben auf seine Hand.","Minion","EX1_100",True,"Mark Zug","Legendary",0,2,4,,"","Lehrensucher Cho sammelt und erzählt normalerweise Geschichten aus Pandaria aber eigentlich würde er ja lieber von diesem einen Mal im Ferienlager berichten.",,,True,"Neutral"
,"Classic","Lektion des Shan'do","Ruft zwei Treants (2/2) mit <b>Spott</b> herbei.","Spell","EX1_573b",,,,,,,,,,"Druid",,,"Neutral"
Deathrattle,"Classic","Lepragnom","<b>Todesröcheln:</b> Fügt dem feindlichen Helden 2 Schaden zu.","Minion","EX1_029",True,"Glenn Rane","Common",2,1,1,,,"Er möchte einfach nur Euer Freund sein aber Ihr solltet Euch überlegen ob Ihr ihm den kleinen Finger reichen wollt.",,,,"Neutral"
,"Classic","Leuchtfeuer","Alle Diener verlieren <b>Verstohlenheit</b>. Zerstört alle feindlichen <b>Geheimnisse</b>. Zieht eine Karte.","Spell","EX1_544",True,"Tyler Walpole","Rare",,2,,,,"Deckt alle Eure Feinde auf aber natürlich darf es auch auf keiner Party fehlen.","Hunter",,,"Neutral"
,"Classic","Lichtbrunnen","Stellt zu Beginn Eures Zuges bei einem verletzten befreundeten Charakter 3 Leben wieder her.","Minion","EX1_341",True,"Blizzard Entertainment","Rare",0,2,5,,"","Noch ist es unter Experten nicht geklärt ob Leute den Lichtbrunnen einfach ignorieren oder ob er unsichtbar ist.","Priest",,,"Neutral"
,"Classic","Lichtbrut","Der Angriff dieses Dieners entspricht immer seinem Leben.","Minion","EX1_335",True,"Daarken","Common",0,4,5,,,"Wer brütet sie eigentlich aus?","Priest",,,"Neutral"
,"Classic","Lichtwächterin","Erhält jedes Mal +2 Angriff wenn ein Charakter geheilt wird.","Minion","EX1_001",True,"Erik Ko","Rare",1,1,2,,,"Sie hatte Glück – ihre Schwester musste Nachtwächterin werden.",,,,
,"Classic","Lord Jaraxxus",,"Hero","EX1_323h",,,"Legendary",0,0,15,"Demon",,,"Warlock",,,"Neutral"
Battlecry,"Classic","Lord Jaraxxus","<b>Kampfschrei:</b> Vernichtet Euren Helden und ersetzt ihn durch Lord Jaraxxus.","Minion","EX1_323",True,"Alex Horley Orlandelli","Legendary",3,9,15,"Demon",,"„UNBEDEUTENDER GNOM! DEINE ARROGANZ WIRD DIR ZUM VERHÄNGNIS!!!“","Warlock",,True,
OneTurnEffect,"Classic","Macht der Kirin Tor","Euer nächstes Geheimnis kostet (0).","Enchantment","EX1_612o",,,,,,,,,,"Mage",,,
,"Classic","Macht der Wildnis","<b>Wählt aus:</b> Verleiht Euren Dienern +1/+1; oder ruft einen Panther (3/2) herbei.","Spell","EX1_160",True,"Steve Tappin","Common",,2,,,,"Macht der Wildnis Beine oder verleiht Euren Dienern Flügel.","Druid",,,"Neutral"
Battlecry,"Classic","Magierin der Kirin Tor","<b>Kampfschrei:</b> Das nächste <b>Geheimnis</b> das Ihr in diesem Zug ausspielt kostet (0).","Minion","EX1_612",True,"Popo Wei","Rare",4,3,3,,,"Die Kirin Tor sind die mächtigsten Magier von ganz Azeroth und leben in der schwebenden Stadt Dalaran. Sie mögen Tore und Torten.","Mage",,,"Neutral"
,"Classic","Mal der Natur","+4 Angriff.","Spell","EX1_155a",,,,,,,,,,"Druid",,,"Neutral"
,"Classic","Mal der Natur","Dieser Diener hat +4 Angriff.","Enchantment","EX1_155ae",,,,,,,,,,"Druid",,,
,"Classic","Mal der Natur","+4 Leben und <b>Spott</b>.","Spell","EX1_155b",,,,,,,,,,"Druid",,,"Neutral"
,"Classic","Mal der Natur","Dieser Diener hat +4 Leben und <b>Spott</b>.","Enchantment","EX1_155be",,,,,,,,,,"Druid",,,
,"Classic","Mal der Natur","<b>Wählt aus:</b> Verleiht einem Diener +4 Angriff; oder +4 Leben und <b>Spott</b>.","Spell","EX1_155",True,"Clint Langley","Common",,3,,,,"Druiden nennen es „Mal der Natur“. Andere nennen es „ein Bad benötigen“.","Druid",,,"Neutral"
Spellpower,"Classic","Malygos","<b>Zauberschaden +5</b>","Minion","EX1_563",True,"Michael Komarck","Legendary",4,9,12,"Dragon",,"Malygos mag es nicht wenn Sterbliche Magie anwenden aber andererseits verstärkt er sie. Kein Wunder dass er da den Verstand verliert.",,,True,"Neutral"
,"Classic","Manafluttotem","Zieht am Ende Eures Zuges eine Karte.","Minion","EX1_575",True,"Scott Altmann","Rare",0,3,3,"Totem",,"Für die Extraportion Karten.","Shaman",,,"Neutral"
Aura,"Classic","Managespenst","ALLE Diener kosten (1) mehr.","Minion","EX1_616",True,"Luca Zontini","Rare",2,2,2,,,"Des Nachts spuken sie herum und verspeisen übrig gebliebene Manakristalle.",,,,"Neutral"
,"Classic","Manasättigung","Erhöhter Angriff.","Enchantment","NEW1_012o",,,,,,,,,,"Mage",,,
,"Classic","Manasüchtige","Erhält jedes Mal +2 Angriff in diesem Zug wenn Ihr einen Zauber wirkt.","Minion","EX1_055",True,"Hideaki Takamura","Rare",1,2,3,,"","Sie versucht vom Mana wegzukommen aber sie nimmt immer noch ein wenig wenn sie einen stressigen Tag hat.",,,,"Alliance"
,"Classic","Manawyrm","Erhält jedes Mal +1 Angriff wenn Ihr einen Zauber wirkt.","Minion","NEW1_012",True,"Blizzard Cinematics","Common",1,1,3,,"","Diese Wyrms ernähren sich von arkanen Energien. Sie werden zwar eher als lästig angesehen denn als wirkliche Bedrohung aber Ihr solltet sie wirklich nicht mit einem Eimer Mana allein lassen.","Mage",,,
Silence,"Classic","Massenbannung","Bringt alle feindlichen Diener zum <b>Schweigen</b>. Zieht eine Karte.","Spell","EX1_626",True,"Sean O'Daniels","Rare",,4,,,,"Bannt Stärkungseffekte Fähigkeiten Hoffnungen und Träume.","Priest",,,
,"Classic","Meeresriese","Kostet (1) weniger für jeden anderen Diener auf dem Schlachtfeld.","Minion","EX1_586",True,"Svetlin Velinov","Epic",8,10,8,,,"Ein Meeresriese genießt gern mal eine kühle Meeresbrise.",,,,"Neutral"
Battlecry,"Classic","Meisterin der Tarnung","<b>Kampfschrei:</b> Verleiht einem befreundeten Diener <b>Verstohlenheit</b>.","Minion","NEW1_014",True,"Ron Spencer","Rare",4,4,4,,,"Hierbei handelt es sich in Wahrheit um einen männlichen Tauren. Seine Freunde nennen ihn auch „Camuhflage“.","Rogue",,,
,"Classic","Meisterschwertschmied","Verleiht am Ende Eures Zuges einem anderen zufälligen befreundeten Diener +1 Angriff.","Minion","NEW1_037",True,"E.M. Gist","Rare",1,2,3,,"","Er versucht gerade eine siebenschwänzige Axt herzustellen doch all die anderen Schmiede sagen das sei unmöglich.",,,,
,"Classic","Messerjongleur","Fügt einem zufälligen Feind 1 Schaden zu nachdem Ihr einen Diener herbeigerufen habt.","Minion","NEW1_019",True,"Matt Cavotta","Rare",3,2,2,,"","Die ambitionierteren Jongleure wechseln oft von Messern zu Bomben. Leider halten sie nie lang genug durch um es auf eine Karte zu schaffen.",,,,
Battlecry,"Classic","Millhaus Manasturm","<b>Kampfschrei:</b> Im nächsten Zug kosten Zauber für Euren Gegner (0) Mana.","Minion","NEW1_029",True,"Jim Nelson","Legendary",4,2,4,,,"„Ich mach' Euch Feuer unterm Hintern!“",,,True,
,"Classic","Mondfeuer","Verursacht 2 Schaden.","Spell","EX1_166a",,,,,,,,,,"Druid",,,"Neutral"
Deathrattle|Taunt,"Classic","Monstrosität","<b>Spott</b>. <b>Todesröcheln:</b> Fügt ALLEN Charakteren 2 Schaden zu.","Minion","EX1_097",True,"Alex Horley Orlandelli","Rare",4,5,4,,,"Monstrositäten mögen frische Eingeweide und lange Spaziergänge im Sonnenuntergang.",,,,"Neutral"
Taunt,"Classic","Moorkrabbler","<b>Spott</b>","Minion","CS1_069",True,"Monica Langlois","Common",3,5,6,,,"Früher wurde er immer „Das Ding aus dem Sumpf“ genannt aber sein neuer Name gefällt ihm auch nicht wirklich besser.",,,,"Alliance"
,"Classic","Mrgglaargl!","Der Murlocanführer verleiht +2/+1.","Enchantment","EX1_507e",,,,,,,,,,,,,
,"Classic","Mrghlglhal","+2 Leben.","Enchantment","EX1_103e",,,,,,,,,,,,,
Aura,"Classic","Murlocanführer","ALLE anderen Murlocs haben +2/+1.","Minion","EX1_507",True,"Tim McBurnie","Epic",3,3,3,"Murloc",,"Wird es Murlocs jemals zu blöd immer wieder denselben alten Laut von sich zu geben? Neeee! Mrglglrglglglglglglgl!",,,,"Neutral"
,"Classic","Murlocgezeitenrufer","Erhält jedes Mal +1 Angriff wenn ein Murloc herbeigerufen wird.","Minion","EX1_509",True,"Jaemin Kim","Rare",1,1,2,"Murloc",,"Familienfeste sind sein Ding.",,,,"Neutral"
,"Classic","Nat Pagle","Zu Beginn Eures Zuges besteht eine Chance von 50% dass Ihr eine zusätzliche Karte zieht.","Minion","EX1_557",True,"Steve Prescott","Legendary",0,2,4,,"","Nat Pagle Azeroths bester Angler! Er hat den Servo-Angler 3000 die Hydraulische Angelrute 3000 und den Köder-Bot 2099 (wird noch getestet) erfunden.",,,True,"Neutral"
,"Classic","Naturgewalt","Ruft drei Treants (2/2) mit <b>Ansturm</b> herbei die am Ende des Zuges sterben.","Spell","EX1_571",True,"Trevor Jacobs","Epic",,6,,,,"„Ich mache mal ein Nickerchen unter diesen Bäumen dort. Wartet ... AAAHHH!“ – Zwinkerfizz der unglückselige Gnom","Druid",,,"Neutral"
,"Classic","Nozdormu","Spieler haben nur jeweils 15 Sekunden für ihren Zug.","Minion","EX1_560",True,"James Ryman","Legendary",8,9,8,"Dragon","","Selbst 15 Sekunden kommen ihm wie eine Ewigkeit vor.",,,True,"Neutral"
,"Classic","Omen der Verdammnis","Fügt einem Charakter $2 Schaden zu. Beschwört einen zufälligen Dämon wenn der Schaden tödlich ist.","Spell","EX1_320",True,"Raymond Swanland","Epic",,5,,,,"Unser Ratschlag wäre die Verdammnis soweit möglich zu vermeiden.","Warlock",,,"Neutral"
Battlecry,"Classic","Onyxia","<b>Kampfschrei:</b> Ruft Welplinge (1/1) herbei bis Eure Seite des Schlachtfelds voll ist.","Minion","EX1_562",True,"Dany Orizio","Legendary",8,9,8,"Dragon",,"Onyxia manipulierte lange Zeit die Geschicke von Sturmwind indem sie sich als Lady Katrana Prestor tarnte. Man hätte meinen können dass die enormen Schwingen und Schuppen jemanden ins Grübeln hätten bringen sollen.",,,True,"Neutral"
Battlecry,"Classic","Panischer Kodo","<b>Kampfschrei:</b> Vernichtet einen zufälligen feindlichen Diener mit max. 2 Angriff.","Minion","NEW1_041",True,"Daren Bader","Rare",3,5,5,"Beast",,"Dieser Kodo ist ziemlich leicht aus der Ruhe zu bringen.",,,,
,"Classic","Panther",,"Minion","EX1_160t",,,"Common",3,2,2,"Beast",,,"Druid",,,
,"Classic","Panther herbeirufen","Ruft einen Panther (3/2) herbei.","Spell","EX1_160a",,,,,,,,,,"Druid",,,"Neutral"
,"Classic","Pflege","Zieht 3 Karten.","Spell","EX1_164b",,,,,,,,,,"Druid",,,"Neutral"
,"Classic","Pflege","<b>Wählt aus:</b> Erhaltet 2 Manakristalle; oder zieht 3 Karten.","Spell","EX1_164",True,"Terese Nielsen","Rare",,5,,,,"Druiden zehren ihre Kraft aus vielen Dingen: aus der Kraft der Natur dem Zwitschern eines Singvogels oder einem Schokoladenkuchen.","Druid",,,"Neutral"
,"Classic","Pflege","Erhaltet 2 Manakristalle.","Spell","EX1_164a",,,,,,,,,,"Druid",,,"Neutral"
Battlecry,"Classic","Priesterin von Elune","<b>Kampfschrei:</b> Stellt bei Eurem Helden 4 Leben wieder her.","Minion","EX1_583",True,"Dan Scott","Common",5,6,4,,,"Bei ihnen ist „Mondgesicht“ ein Kompliment.",,,,"Neutral"
,"Classic","Prophet Velen","Verdoppelt den Schaden und die Heilung Eurer Zauber und Heldenfähigkeiten.","Minion","EX1_350",True,"Wei Wang","Legendary",7,7,7,,,"Er wurde aus seiner Heimat verbannt alle seine Brüder sind verderbt aber ansonsten geht es ihm eigentlich prima.","Priest",,True,"Neutral"
,"Classic","Pure Macht!","Erhöhte Werte.","Enchantment","EX1_274e",,,,,,,,,,"Mage",,,
,"Classic","Pyroschlag","Verursacht $10 Schaden.","Spell","EX1_279",True,"Luca Zontini","Epic",,10,,,,"Nehmt Euch die Zeit für ein fieses Lachen wenn Ihr diese Karte gerade gezogen habt.","Mage",,,"Neutral"
Stealth,"Classic","Rabenholdtassassine","<b>Verstohlenheit</b>","Minion","CS2_161",True,"Ralph Horsley","Rare",7,7,5,,,"Schickt ihm einfach ein Päckchen mit einem Namen und 10.000 Gold. Er erledigt den Rest.",,,,"Alliance"
Combo,"Classic","Rädelsführer der Defias","<b>Combo:</b> Ruft einen Banditen der Defias (2/1) herbei.","Minion","EX1_131",True,"Dany Orizio","Common",2,2,2,,,"Ein echter Rädelsführer hat <i>immer</i> ein paar Schergen dabei.","Rogue",,,"Neutral"
,"Classic","Ragnaros der Feuerfürst","Kann nicht angreifen. Fügt am Ende Eures Zuges einem zufälligen Feind 8 Schaden zu.","Minion","EX1_298",True,"Greg Staples","Legendary",8,8,8,,,"Ragnaros wurde von den Dunkeleisenzwergen herbeigerufen die schlussendlich von ihm versklavt wurden. Ihn zu beschwören hat oft nicht die gewünschten Auswirkungen.",,,True,"Neutral"
,"Classic","Rasend","Erhöhter Angriff.","Enchantment","EX1_604o",,,,,,,,,,"Warrior",,,
,"Classic","Rastloser Abenteurer","Erhält jedes Mal +1/+1 wenn Ihr eine Karte ausspielt.","Minion","EX1_044",True,"Attila Adorjany","Rare",2,3,2,,"","„Hat jemand zufällig noch ein paar überzählige Bärenpelze?“",,,,"Alliance"
,"Classic","Rechtschaffen","+1/+1.","Enchantment","EX1_366e",,,,,,,,,,"Paladin",,,
Battlecry,"Classic","Ritter der Silbernen Hand","<b>Kampfschrei:</b> Ruft einen Knappen (2/2) herbei.","Minion","CS2_151",True,"Matt Starbuck","Common",4,5,4,,,"Es ist toll ein Ritter zu sein. Nicht so toll ist es ein Knappe zu sein.",,,,"Alliance"
Battlecry,"Classic","Ruchloser Unteroffizier","<b>Kampfschrei:</b> Verleiht einem Diener +2 Angriff in diesem Zug.","Minion","CS2_188",True,"Luca Zontini","Common",2,1,1,,,"Zu der Art seiner „Ruchlosigkeit“ sollte man ihm besser keine Fragen stellen.",,,,"Alliance"
,"Classic","Rudelführer","+1/+1.","Enchantment","EX1_160be",,,,,,,,,,"Druid",,,
,"Classic","Rudelführer","Verleiht Euren Dienern +1/+1.","Spell","EX1_160b",,,,,,,,,,"Druid",,,"Neutral"
,"Classic","Rüstungsschmiedin","Erhaltet jedes Mal 1 Rüstung wenn ein befreundeter Diener Schaden erleidet.","Minion","EX1_402",True,"Greg Hildebrandt","Rare",1,2,4,,"","Sie akzeptiert Gildengold für Reparaturen.","Warrior",,,"Neutral"
,"Classic","Satt","Erhöhter Angriff und erhöhtes Leben.","Enchantment","EX1_531e",,,,,,,,,,"Hunter",,,
Deathrattle,"Classic","Savannenhochmähne","<b>Todesröcheln:</b> Ruft zwei Hyänen (2/2) herbei.","Minion","EX1_534",True,"Milivoj Ceran","Rare",6,6,5,"Beast","","Ein wunderbares Beispiel für den Kreislauf des Lebens.","Hunter",,,
Combo,"Classic","Schädelbruch","Fügt dem feindlichen Helden $2 Schaden zu. <b>Combo:</b> Lasst die Karte im nächsten Zug wieder auf Eure Hand zurückkehren.","Spell","EX1_137",True,"James Zhang","Rare",,3,,,,"Wenn der kleine Schlag auf den Hinterkopf mal nicht hilft.","Rogue",,,"Neutral"
Secret,"Classic","Scharfschießen","<b>Geheimnis:</b> Wenn Euer Gegner einen Diener ausspielt werden diesem $4 Schaden zugefügt.","Spell","EX1_609",True,"Lorenzo Minaca","Common",,2,,,,"Ein Meisterjäger weiß wo es wehtut und wie man dorthin trifft.","Hunter",,,"Neutral"
Windfury,"Classic","Scharfseher von Thrallmar","<b>Windzorn</b>","Minion","EX1_021",True,"Efrem Palacios","Common",2,3,3,,,"Er ist momentan auf der Höllenfeuerhalbinsel stationiert hofft aber darauf nach Orgrimmar verlegt zu werden – oder an irgendeinen anderen Ort an dem der Boden weniger brennt.",,,,"Horde"
Divine Shield,"Classic","Scharlachrote Fanatikerin","<b>Gottesschild</b>","Minion","EX1_020",True,"Gonzalo Ordonez","Common",3,3,1,,,"Niemals gemeinsam mit weißer Wäsche waschen!",,,,"Alliance"
,"Classic","Scharmützel","Vernichtet alle Diener bis auf einen. <i>(Zufällige Auswahl)</i>","Spell","EX1_407",True,"Wayne Reynolds","Epic",,5,,,,"Wie nennt man eine nicht besonders große Kopfbedeckung aus negativen Emotionen? ... Ein Sha-Mützel. Ha.","Warrior",,,"Neutral"
,"Classic","Schatten des Nichts","Gedankenspiele verpufft! Euer Gegner hat keine Diener!","Minion","EX1_345t",,,"Epic",0,0,1,,,,"Priest",,,
,"Classic","Schatten von M'uru","Angriff und Leben durch aufgezehrte Gottesschilde erhöht.","Enchantment","EX1_590e",,,"Common",,,,,,,,,,
AffectedBySpellPower,"Classic","Schattenflamme","Vernichtet einen befreundeten Diener und fügt allen feindlichen Dienern Schaden zu der seinem Angriff entspricht.","Spell","EX1_303",True,"Dave Kendall","Rare",,4,,,,"Man nehme einen mächtigen Diener füge etwas Schattenflamme hinzu und fertig ist das leere Spielbrett.","Warlock",,,"Neutral"
,"Classic","Schattengestalt","Eure Heldenfähigkeit wird zu „Verursacht 2 Schaden“. Wenn Euer Held bereits Schattengestalt angenommen hat: 3 Schaden.","Spell","EX1_625",True,"Alex Horley Orlandelli","Epic",,3,,,,"Wenn ein Priester in Schattengestalt im Licht steht ... wirft er dann einen Schatten?","Priest",,,
,"Classic","Schattenschritt","Lasst einen befreundeten Diener auf Eure Hand zurückkehren. Der Diener kostet (2) weniger.","Spell","EX1_144",True,"Graven Tung","Common",,0,,,,"Forscher haben herausgefunden dass die Häufigkeit der Verwendung von Schattenschritt proportional zur Außentemperatur ansteigt.","Rogue",,,"Neutral"
Windfury,"Classic","Schicksalshammer","<b>Windzorn</b> <b>Überladung:</b> (2)","Weapon","EX1_567",True,"John Polidora","Epic",2,5,,,,"Orgrim Schicksalshammer gab Thrall diese legendäre Waffe. Ähnlichkeiten zwischen den Namen sind rein zufällig.","Shaman",8,,"Neutral"
AffectedBySpellPower,"Classic","Schildschlag","Fügt einem Diener für jeden Eurer Rüstungspunkte 1 Schaden zu.","Spell","EX1_410",True,"Raymond Swanland","Epic",,1,,,,"„Welches ist die bessere Waffe? Die scharfe die Eure Feinde erwarten oder die stumpfe die sie ignorieren?“ – Die Kunst des Kriegers Kapitel 9","Warrior",,,"Neutral"
Taunt,"Classic","Schildträger","<b>Spott</b>","Minion","EX1_405",True,"Carl Critchlow","Common",0,1,4,,,"Verteidigung ist der beste Angriff!",,,,"Neutral"
,"Classic","Schlange",,"Minion","EX1_554t",,,"Common",1,0,1,"Beast",,,"Hunter",,,"Neutral"
Secret,"Classic","Schlangenfalle","<b>Geheimnis:</b> Wenn einer Eurer Diener angegriffen wird ruft Ihr drei Schlangen (1/1) herbei.","Spell","EX1_554",True,"Bernie Kang","Epic",,2,,,,"Warum müssen es ausgerechnet Schlangen sein?","Hunter",,,"Neutral"
,"Classic","Schliff benötigt","Angriff verringert.","Enchantment","EX1_411e2",,,,,,,,,,"Warrior",,,
Stealth,"Classic","Schlingendorntiger","<b>Verstohlenheit</b>","Minion","EX1_028",True,"Alex Horley Orlandelli","Common",5,5,5,"Beast",,"Das Tolle an Tigern ist dass Tiger toll sind.",,,,"Alliance"
Battlecry,"Classic","Schrecken der Leere","<b>Kampfschrei:</b> Vernichtet die benachbarten Diener und verleiht ihm deren Angriff und Leben.","Minion","EX1_304",True,"Alexander Alexandrov","Rare",3,3,3,"Demon",,"Wenn er auftaucht herrscht um ihn herum gähnende Leere.","Warlock",,,
Taunt,"Classic","Schreckenskorsar","<b>Spott.</b> Kostet (1) weniger für jeden Angriffspunkt Eurer Waffe.","Minion","NEW1_022",True,"Trent Kaniuga","Common",3,4,3,"Pirate",,"„Yarrrr“ ist ein Wort in der Piratensprache das in etwa als „Meinen ergebensten Gruß Euer Durchlaucht“ übersetzt werden kann.",,,,
,"Classic","Schwere Axt",,"Weapon","EX1_409t",,,,1,1,,,,,"Warrior",3,,
,"Classic","Schwert der Gerechtigkeit","Jedes Mal wenn Ihr einen Diener herbeiruft erhält dieser +1/+1 und diese Waffe verliert 1 Haltbarkeit.","Weapon","EX1_366",True,"Efrem Palacios","Epic",1,3,,,,"Erhebt Euch als Ritter der Angstblase!","Paladin",5,,"Neutral"
,"Classic","Seele des Waldes","Todesröcheln: Ruft einen Treant (2/2) herbei.","Enchantment","EX1_158e",,,,,,,,,,"Druid",,,
,"Classic","Seele des Waldes","Verleiht Euren Dienern „<b>Todesröcheln:</b> Ruft einen Treant (2/2) herbei.“","Spell","EX1_158",True,"Markus Erdt","Common",,4,,,,"Der Begriff „Aufforstung“ hört sich plötzlich gar nicht mehr so harmlos an.","Druid",,,"Neutral"
,"Classic","Seele entziehen","Vernichtet einen Diener. Stellt bei Eurem Helden #3 Leben wieder her.","Spell","EX1_309",True,"Tyler Walpole","Rare",,6,,,,"Ihr solltet vielleicht vermeiden Eure eigene Seele zu entziehen. Ihr könntet sonst eine unendliche seltsame Wiederholungsschleife hervorrufen.","Warlock",,,"Neutral"
,"Classic","Segen der Weisheit","Wählt einen Diener aus. Zieht jedes Mal eine Karte wenn er angreift.","Spell","EX1_363",True,"Chippy","Common",,1,,,,"Anscheinend kommt mit der Weisheit auch das Wissen dass man wohl in jedem Zug angreifen sollte.","Paladin",,,
,"Classic","Segen der Weisheit","Der Gegner zieht eine Karte wenn dieser Diener angreift.","Enchantment","EX1_363e2",,,,,,,,,,"Paladin",,,
,"Classic","Segen der Weisheit","Der segnende Spieler zieht eine Karte wenn dieser Diener angreift.","Enchantment","EX1_363e",,,,,,,,,,"Paladin",,,
Battlecry,"Classic","Seher des Irdenen Rings","<b>Kampfschrei:</b> Stellt 3 Leben wieder her.","Minion","CS2_117",True,"Alex Horley Orlandelli","Common",3,3,3,,,"Er kann wirklich ziemlich gut sehen. Für alles andere ist er allerdings nicht unbedingt Experte.",,,,
Combo,"Classic","SI:7-Agent","<b>Combo:</b> Verursacht 2 Schaden.","Minion","EX1_134",True,"Chris Moeller","Rare",3,3,3,,,"Die Agenten des SI:7 sind verantwortlich für die Geheimdienstaktivitäten von Sturmwind. Darin inbegriffen sind Spionage Attentate und Überraschungsgeburtstagsfeiern für Mitglieder der königlichen Familie.","Rogue",,,"Neutral"
,"Classic","Smaragddrache",,"Minion","DREAM_03",,,,7,4,6,"Dragon",,,"Dream",,,
Aura,"Classic","Söldner der Venture Co.","Eure Diener kosten (3) mehr.","Minion","CS2_227",True,"John Polidora","Common",7,5,6,,"","Kein Auftrag ist unmöglich. Es kommt ganz auf die Bezahlung an.",,,,"Horde"
Divine Shield|Taunt,"Classic","Sonnenläuferin","<b>Spott</b> <b>Gottesschild</b>","Minion","EX1_032",True,"Andrea Uderzo","Rare",4,6,5,,,"Sie läuft nicht wirklich auf der Sonne herum. Es ist nur ein Name. Macht Euch keine Sorgen!",,,,"Alliance"
Battlecry,"Classic","Sonnenzornbeschützerin","<b>Kampfschrei:</b> Verleiht benachbarten Dienern <b>Spott</b>.","Minion","EX1_058",True,"James Ryman","Rare",2,2,3,,,"Sie bringt einen Schild mit aber nur um ihn jemandem in die Hand zu drücken hinter dem sie sich verstecken kann.",,,,"Alliance"
Secret,"Classic","Spiegelgestalt","<b>Geheimnis:</b> Wenn Euer Gegner einen Diener ausspielt beschwört Ihr eine Kopie desselben herbei.","Spell","EX1_294",True,"Raven Mimura","Common",,3,,,,"„Du zuerst.“ – Krush'gor das Ungeheuer zu seinem gezähmten Eber","Mage",,,"Neutral"
Secret,"Classic","Sprengfalle","<b>Geheimnis:</b> Wenn Euer Held angegriffen wird erleiden alle Feinde $2 Schaden.","Spell","EX1_610",True,"Brandon Kitkouski","Common",,2,,,,"Wird allen Jägern empfohlen die nicht gerne kochen.","Hunter",,,"Neutral"
,"Classic","Stärke des Rudels","Der Terrorwolfalpha verleiht diesem Diener +1 Angriff.","Enchantment","EX1_162o",,,,,,,,,,,,,
Windfury,"Classic","Staubteufel","<b>Windzorn</b> <b>Überladung:</b> (2)","Minion","EX1_243",True,"Raymond Swanland","Common",3,1,1,,,"Westfall ist voller Staubteufel Bussarde Banditen und wildgewordener Golems. Warum sollte dort jemand wohnen wollen?","Shaman",,,"Neutral"
,"Classic","Sternenregen","Fügt einem Diener $5 Schaden zu.","Spell","NEW1_007b",,,,,,,,,,"Druid",,,
,"Classic","Sternenregen","<b>Wählt aus:</b> Fügt einem Diener $5 Schaden zu; oder fügt allen feindlichen Dienern $2 Schaden zu.","Spell","NEW1_007",True,"Richard Wright","Rare",,5,,,,"Diesmal fällt einem der Himmel wirklich auf den Kopf. Und man wird nicht mehr dazu kommen Sterne zu sehen.","Druid",,,
,"Classic","Sternenregen","Fügt allen feindlichen Dienern $2 Schaden zu.","Spell","NEW1_007a",,,,,,,,,,"Druid",,,
Silence,"Classic","Stille","Bringt einen Diener zum <b>Schweigen</b>.","Spell","EX1_332",True,"Zoltan & Gabor","Common",,0,,,,"Reserviert für feindliche Zauberwirker böse Lichs von jenseits des Grabes und Karaokenächte im Grimmigen Säufer.","Priest",,,"Neutral"
,"Classic","Streitaxt",,"Weapon","EX1_398t",,,,2,1,,,,,"Warrior",2,,
,"Classic","Stufenaufstieg","Erhöhter Angriff und erhöhtes Leben.","Enchantment","EX1_044e",,,,,,,,,,,,,
,"Classic","Stunde des Zwielichts","Erhöhtes Leben.","Enchantment","EX1_043e",,,,,,,,,,,,,
,"Classic","Sturmgeschmiedete Axt","<b>Überladung:</b> (1)","Weapon","EX1_247",True,"Nate Bowden","Common",2,2,,,,"DAS ist eine Axt.","Shaman",3,,"Neutral"
,"Classic","Südmeerdeckmatrose","Hat <b>Ansturm</b> während Ihr eine Waffe angelegt habt.","Minion","CS2_146",True,"Dan Brereton","Common",2,1,1,"Pirate",,"Unter „Geplänkel“ verstehen Piraten verschiedene Dinge.",,,,"Alliance"
Aura,"Classic","Südmeerkapitän","Eure anderen Piraten haben +1/+1.","Minion","NEW1_027",True,"Ken Steacy","Epic",3,3,3,"Pirate",,"Sobald er genug Beute gemacht hat wird er sich einen gewaltigen Kapitänshut anfertigen lassen. Er leidet an Hutneid.",,,,
Deathrattle,"Classic","Sylvanas Windläufer","<b>Todesröcheln:</b> Übernehmt die Kontrolle über einen zufälligen feindlichen Diener.","Minion","EX1_016",True,"Glenn Rane","Legendary",5,6,5,,,"Sylvanas wurde von Arthas in die Bansheekönigin verwandelt aber er hätte sie besser gleich getötet denn so hat er sie einfach nur wütend gemacht.",,,True,
Enrage|Taunt,"Classic","Taurenkrieger","<b>Spott</b> <b>Wutanfall:</b> +3 Angriff","Minion","EX1_390",True,"Paul Warzecha","Common",2,3,3,,,"Taurenkrieger: Champion von Mulgore Schrecken der Stacheleber Befahrer der Aufzüge von Donnerfels.",,,,"Neutral"
AdjacentBuff|Aura,"Classic","Terrorwolfalpha","Benachbarte Diener haben +1 Angriff.","Minion","EX1_162",True,"John Dickenson","Common",2,2,2,"Beast","","Wir freuen uns schon auf die bevorstehende Terrorwolfbeta. Teilt diese Nachricht mit Euren Freunden und gewinnt mit etwas Glück einen Beta-Key!",,,,"Neutral"
,"Classic","Teufelssaurier",,"Minion","EX1_tk29",,,"Common",5,5,5,"Beast",,,,,,"Neutral"
Battlecry|Taunt,"Classic","Teufelswache","<b>Spott</b>. <b>Kampfschrei:</b> Zerstört einen Eurer Manakristalle.","Minion","EX1_301",True,"John Polidora","Rare",3,3,5,"Demon",,"Wird oft verteufelt ... und zwar zu Recht!","Warlock",,,"Neutral"
Battlecry,"Classic","Tiefenlichtorakel","<b>Kampfschrei:</b> Jeder Spieler zieht 2 Karten.","Minion","EX1_050",True,"Steve Prescott","Rare",2,3,2,"Murloc",,"Sie können in die Zukunft blicken. In dieser Zukunft ziehen beide Spieler weitere Karten. Ganz schön unheimlich.",,,,"Neutral"
Battlecry,"Classic","Tiefenlichtseher","<b>Kampfschrei:</b> Verleiht ALLEN anderen Murlocs +2 Leben.","Minion","EX1_103",True,"Arthur Gimaldinov","Rare",2,3,3,"Murloc",,"Die Tiefenlichtmurlocs leben selbst in den dunkelsten Löchern der Abyssischen Tiefen. Es gibt also wirklich keinen Ort an dem man vor Murlocs sicher ist.",,,,"Neutral"
Deathrattle|Divine Shield|Taunt,"Classic","Tirion Fordring","<b>Gottesschild</b>. <b>Spott</b>. <b>Todesröcheln:</b> Legt einen Aschenbringer (5/3) an.","Minion","EX1_383",True,"Brom","Legendary",6,8,6,,,"Der bekannteste Paladin – gleich nach Uther Mograine Bolvar Arthas ...
– Felix A.","Paladin",,True,"Neutral"
,"Classic","Toben","Verleiht einem verletzten Diener +3/+3.","Spell","CS2_104",True,"Jonboy Meyers","Common",,2,,,,"Diener WÜTEND. Diener ZERQUETSCHT!","Warrior",,,"Neutral"
,"Classic","Toben","+3/+3.","Enchantment","CS2_104e",,,,,,,,,,"Warrior",,,
Enrage,"Classic","Tobender Worgen","<b>Wutanfall:</b> <b>Windzorn</b> und +1 Angriff","Minion","EX1_412",True,"Alex Horley Orlandelli","Common",3,3,3,,,"Wenn er jetzt schon tobt dann wartet erst mal bis wir den Nerfhammer auspacken!",,,,"Neutral"
Battlecry,"Classic","Todesschwinge","<b>Kampfschrei:</b> Vernichtet alle anderen Diener und werft Eure Hand ab.","Minion","NEW1_030",True,"Bernie Kang","Legendary",12,10,12,"Dragon",,"Einst war er ein edler Drache mit dem Namen Neltharion doch Todesschwinge verlor seinen Verstand und zerschmetterte Azeroth bevor er schlussendlich besiegt wurde. Vaterkomplexe?",,,True,
,"Classic","Tödlicher Schuss","Vernichtet einen zufälligen feindlichen Diener.","Spell","EX1_617",True,"Steve Prescott","Common",,3,,,,"Zielgenauigkeit wird von den Mok'nathal nicht sehr hoch geschätzt. Tödlichkeit hingegen steht ganz oben auf der Liste.","Hunter",,,"Neutral"
,"Classic","Tödlicher Stoß","Verursacht $4 Schaden. Verursacht stattdessen $6 Schaden wenn Euer Held max. 12 Leben hat.","Spell","EX1_408",True,"Zoltan & Gabor","Rare",,4,,,,"„Wer nur eine Fähigkeit verwendet sollte sich stets für Tödlicher Stoß entscheiden.“ – Gesetz des Kriegers Artikel 6","Warrior",,,"Neutral"
,"Classic","Tötet Millhaus!","Zauber kosten in diesem Zug (0)!","Enchantment","NEW1_029t",,,"Legendary",,,,,,,,,,
,"Classic","Traum","Lasst einen Diener auf die Hand seines Besitzers zurückkehren.","Spell","DREAM_04",,,,,0,,,,,"Dream",,,
,"Classic","Treant",,"Minion","EX1_158t",,,,2,1,2,,,,"Druid",,,"Neutral"
Taunt,"Classic","Treant","<b>Spott</b>","Minion","EX1_573t",,,,2,1,2,,,,"Druid",,,
Charge,"Classic","Treant","<b>Ansturm</b>. Vernichtet diesen Diener am Ende des Zuges.","Minion","EX1_tk9",,,"Common",2,1,2,,,,"Druid",,,"Neutral"
Battlecry,"Classic","Tüftlermeister Oberfunks","<b>Kampfschrei:</b> Verwandelt einen anderen zufälligen Diener in einen Teufelssaurier (5/5) oder ein Eichhörnchen (1/1).","Minion","EX1_083",True,"Tom Baxa","Legendary",3,3,3,,,"Tüftlermeister Oberfunks verlor im Zuge der Großen Eichhörnchenplage von Eisenschmiede beinahe seine Tüftlerlizenz.",,,True,"Alliance"
,"Classic","Überladen","Erhöhte Werte.","Enchantment","EX1_258e",,,,,,,,,,"Shaman",,,
,"Classic","Überwältigende Macht","Verleiht einem befreundeten Diener bis zum Ende des Zuges +4/+4. Dann stirbt er. Auf schreckliche Art und Weise.","Spell","EX1_316",True,"Tom Baxa","Common",,1,,,,"Aus überwältigender Macht folgt überwältigende Verantwortung.","Warlock",,,"Neutral"
,"Classic","Überwältigende Macht","Hat +4/+4 aber wird am Ende dieses Zuges elendig verenden.","Enchantment","EX1_316e",,,,,,,,,,"Warlock",,,"Neutral"
AffectedBySpellPower,"Classic","Unbändigkeit","Fügt einem Diener Schaden zu der dem Angriff Eures Helden entspricht.","Spell","EX1_578",True,"Dave Rapoza","Rare",,1,,,,"Es stimmt schon dass einige Druiden ganz schön wild sind aber es gibt auch andere die gern in Ruhe eine Tasse Tee trinken.","Druid",,,"Neutral"
,"Classic","Untergangsverkünder","Vernichtet zu Beginn Eures Zuges ALLE Diener.","Minion","NEW1_021",True,"Alex Horley Orlandelli","Epic",0,2,7,,,"Er hatte schon so oft beinahe recht. Er war sich <i>absolut sicher</i> dass es beim Kataklysmus endlich klappen würde.",,,,
,"Classic","Uralte Geheimnisse","Stellt 5 Leben wieder her.","Spell","NEW1_008b",,,,,,,,,,"Druid",,,
,"Classic","Uralte Lehren","Zieht 2 Karten.","Spell","NEW1_008a",,,,,,,,,,"Druid",,,
Battlecry,"Classic","Uralter Braumeister","<b>Kampfschrei:</b> Lasst einen befreundeten Diener vom Schlachtfeld auf Eure Hand zurückkehren.","Minion","EX1_057",True,"Bernie Kang","Common",5,4,4,,,"Viele Pandaren sagen dass sein Gebräu nach Yak schmeckt. Anscheinend ist das aber als Kompliment gemeint.",,,,"Alliance"
Battlecry,"Classic","Uralter Magier","<b>Kampfschrei:</b> Verleiht benachbarten Dienern <b>Zauberschaden +1</b>.","Minion","EX1_584",True,"Howard Lyon","Rare",2,4,5,,,"Manchmal wirkt er etwas senil und wandert in Spiele von anderen Leuten hinein.",,,,"Neutral"
,"Classic","Uralter Wächter","Kann nicht angreifen.","Minion","EX1_045",True,"Richard Wright","Rare",4,2,5,,,"Warum scheint es so als würden seine Augen Euch folgen wenn Ihr vorbeigeht?",,,,"Alliance"
,"Classic","Urtum der Lehren","<b>Wählt aus:</b> Zieht 2 Karten; oder stellt 5 Leben wieder her.","Minion","NEW1_008",True,"Patrik Hjelm","Epic",5,7,5,,,"Los versucht doch mal Euren Namen in seine Rinde zu ritzen.","Druid",,,
,"Classic","Urtum des Krieges","<b>Wählt aus:</b> +5 Angriff; oder +5 Leben und <b>Spott</b>.","Minion","EX1_178",True,"Sean O’Daniels","Epic",5,7,5,,,"Junge Nachtelfen lieben das Spiel „Wer bringt das Urtum des Krieges zum Entwurzeln?“. Wer in den Boden gestampft wird verliert.","Druid",,,"Neutral"
,"Classic","Van Cleefs Rache","Dieser Diener hat erhöhten Angriff und erhöhtes Leben.","Enchantment","EX1_613e",,,,,,,,,,"Rogue",,,
Battlecry|Charge,"Classic","Verdammniswache","<b>Ansturm</b>. <b>Kampfschrei:</b> Werft zwei zufällige Karten ab.","Minion","EX1_310",True,"Lucas Graciano","Rare",5,5,7,"Demon",,"Es ist ziemlich riskant eine Verdammniswache zu beschwören. <i>Irgendjemand</i> wird dran glauben müssen.","Warlock",,,"Neutral"
,"Classic","Verhüllen","Verleiht Euren Dienern bis zu Eurem nächsten Zug <b>Verstohlenheit</b>.","Spell","EX1_128",True,"Steve Hui","Common",,1,,,,"Schurken verhüllen praktisch alles – aber wenn es um ihre Gefühle geht hüllen sie sich nicht gerade in Schweigen.","Rogue",,,"Neutral"
,"Classic","Verhüllt","Bleibt bis zu Eurem nächsten Zug verstohlen.","Enchantment","EX1_128e",,,,,,,,,,"Rogue",,,
Battlecry,"Classic","Verletzter Klingenmeister","<b>Kampfschrei:</b> Fügt SICH SELBST 4 Schaden zu.","Minion","CS2_181",True,"Samwise","Rare",4,3,7,,"","Er behauptet dass es eine alte Kriegsverletzung ist aber wir vermuten dass er sich einfach beim Rasieren geschnitten hat.",,,,"Horde"
,"Classic","Verrat","Zwingt einen feindlichen Diener seinen Schaden benachbarten Dienern zuzufügen.","Spell","EX1_126",True,"Lucas Graciano","Common",,2,,,,"Zu einem gewissen Preis ist sich halt jeder selbst der Nächste.","Rogue",,,"Neutral"
Battlecry,"Classic","Verrückter Alchemist","<b>Kampfschrei:</b> Vertauscht Angriff und Leben eines Dieners.","Minion","EX1_059",True,"Tom Fleming","Rare",2,2,2,,,"Ihr werdet seine neuesten Kreationen lieben – besonders wenn Ihr mit der aktuellen Anzahl Eurer Gliedmaßen nicht zufrieden seid.",,,,"Neutral"
Battlecry,"Classic","Verrückter Bomber","<b>Kampfschrei:</b> Verursacht 3 Schaden der zufällig auf alle anderen Charaktere aufgeteilt wird.","Minion","EX1_082",True,"Mike Sass","Common",3,2,2,,,"Er ist nicht wirklich so verrückt er ist nur einfach nicht so sorgsam im Umgang mit Sprengstoffen wie er es vielleicht sein sollte.",,,,"Alliance"
,"Classic","Verstärkt","Erhöhtes Leben.","Enchantment","NEW1_025e",,,,,,,,,,,,,
,"Classic","Verteidiger",,"Minion","EX1_130a",,,"Common",2,1,1,,,,"Paladin",,,"Neutral"
Battlecry,"Classic","Verteidiger von Argus","<b>Kampfschrei:</b> Verleiht benachbarten Dienern +1/+1 und <b>Spott</b>.","Minion","EX1_093",True,"Alex Horley Orlandelli","Rare",2,4,3,,,"Man sollte meinen dass Argus nicht so viele Verteidiger braucht. Aber leider ist dem so.",,,,"Alliance"
,"Classic","Verwüster","Fügt zu Beginn Eures Zuges einem zufälligen Feind 2 Schaden zu.","Minion","EX1_102",True,"Raymond Swanland","Rare",1,3,4,"Mech","","Belagerungen sind nicht für jeden etwas. Sie sind nicht einmal mehr effektiv jetzt da alle ein Flugreittier besitzen.",,,,"Neutral"
,"Classic","Verzehren","Erhöhte Werte.","Enchantment","EX1_304e",,,,,,,,,,"Warlock",,,
,"Classic","Violette Ausbilderin","Ruft jedes Mal einen Violetten Lehrling (1/1) herbei wenn Ihr einen Zauber wirkt.","Minion","NEW1_026",True,"James Ryman","Rare",3,4,5,,,"Wenn Ihr nicht genau zuhört lauft Ihr Gefahr in einen Esel verwandelt zu werden ... und dann müsst Ihr Euch in die Ecke stellen.",,,,
,"Classic","Violetter Lehrling",,"Minion","NEW1_026t",,,,1,0,1,,,,,,,
,"Classic","Volle Kraft","Dieser Diener hat +2 Angriff.","Enchantment","CS2_181e",,,,,,,,,,,,,
Battlecry,"Classic","Vollstrecker des Tempels","<b>Kampfschrei:</b> Verleiht einem befreundeten Diener +3 Leben.","Minion","EX1_623",True,"Daren Bader","Common",6,6,6,,,"Donnerstagnachts verdient er sich als Rausschmeißer in der Taverne „Zum Pfeifenden Schwein“ etwas dazu.","Priest",,,
OneTurnEffect,"Classic","Vorbereitung","Der nächste Zauber den Ihr in diesem Zug wirkt kostet (3) weniger.","Enchantment","EX1_145o",,,,,,,,,,"Rogue",,,
,"Classic","Vorbereitung","Der nächste Zauber den Ihr in diesem Zug wirkt kostet (3) weniger.","Spell","EX1_145",True,"Clint Langley","Epic",,0,,,,"Manchmal ist Vorbereitung das halbe Leben ... im wahrsten Sinne des Wortes.","Rogue",,,"Neutral"
,"Classic","Vorsicht! Scharf!","+2 Angriff von Hasserfüllte Schmiedin.","Enchantment","CS2_221e",,,,,,,,,,,,,
Divine Shield,"Classic","Wache von Silbermond","<b>Gottesschild</b>","Minion","EX1_023",True,"Phroilan Gardner","Common",3,4,3,,,"Bei der ersten Verteidigung Silbermonds gegen die Geißel sah er nicht so gut aus ...",,,,"Horde"
,"Classic","Wachsam","Erhöhter Angriff.","Enchantment","EX1_001e",,,,,,,,,,,,,
,"Classic","Wachstum","Gruul wächst ...","Enchantment","NEW1_038o",,,,,,,,,,,,,
Taunt,"Classic","Wächter von Mogu'shan","<b>Spott</b>","Minion","EX1_396",True,"Cole Eastburn","Common",1,4,7,,,"Diese Jungs reden den ganzen Tag lang nur über den Donnerkönig. Ganz schön langweilig.",,,,"Neutral"
,"Classic","Waffen niederlegen!","Angriff auf 1 gesetzt.","Enchantment","EX1_382e",,,,,,,,,,"Paladin",,,
,"Classic","Welpling",,"Minion","ds1_whelptoken",,,,1,1,1,"Dragon",,,,,,"Neutral"
,"Classic","Welpling",,"Minion","EX1_116t",,,,1,1,1,"Dragon",,,,,,
,"Classic","Wertloser Wichtel","<i>Euch sind die Dämonen ausgegangen! Aber zum Glück gibt es ja noch Wichtel ...</i>","Minion","EX1_317t",,,"Common",1,1,1,"Demon",,,"Warlock",,,
,"Classic","Wichtel",,"Minion","EX1_598",,,"Rare",1,1,1,"Demon",,,,,,"Neutral"
,"Classic","Wichtelmeisterin","Fügt am Ende Eures Zuges diesem Diener 1 Schaden zu und beschwört einen Wichtel (1/1).","Minion","EX1_597",True,"Mark Gibbons","Rare",1,3,5,,"","Viele Wichtel waren schon immer Teil ihrer Zukunftsplanung.",,,,"Neutral"
,"Classic","Wilder Pyromant","Fügt ALLEN Dienern 1 Schaden zu nachdem Ihr einen Zauber gewirkt habt.","Minion","NEW1_020",True,"Alex Horley Orlandelli","Rare",3,2,2,,,"FEUER FREI!",,,,
,"Classic","Wildgeist","Ruft zwei Geisterwölfe (2/3) mit <b>Spott</b> herbei. <b>Überladung:</b> (2)","Spell","EX1_248",True,"Clint Langley","Rare",,3,,,,"Geisterwölfe sind eigentlich wie ganz normale Wölfe nur dass sie im Dunkeln leuchten.","Shaman",,,"Neutral"
Windfury,"Classic","Windzornharpie","<b>Windzorn</b>","Minion","EX1_033",True,"Luke Mancini","Common",4,6,5,,,"Harpien haben nicht die schönsten Stimmen. Diplomatischer vermag man es nicht auszudrücken.",,,,"Alliance"
Aura,"Classic","Winzige Beschwörerin","Der erste Diener den Ihr in einem Zug ausspielt kostet (1) weniger.","Minion","EX1_076",True,"Ron Spears","Rare",2,2,2,,"","Selbst die Kleine Beschwörerin sieht neben ihr noch riesig aus.",,,,"Alliance"
,"Classic","Wirbelnder Nether","Vernichtet alle Diener.","Spell","EX1_312",True,"Dave Allsop","Epic",,8,,,,"Der Wirbelnde Nether ist ein formloser Ort der Magie der Illusion ... und der vernichteten Diener.","Warlock",,,"Neutral"
Stealth,"Classic","Worgenspitzel","<b>Verstohlenheit</b>","Minion","EX1_010",True,"Raymond Swanland","Common",2,1,1,,,"Wenn Ihr einen Worgen daran hindern wollt Euch zu bespitzeln ruft einfach laut: „Aus! Pfui!“",,,,"Alliance"
,"Classic","Wütender Berserker","Erhält jedes Mal +1 Angriff wenn ein Diener Schaden erleidet.","Minion","EX1_604",True,"Simon Bisley","Rare",2,3,4,,"","Bevor er zum Berserker wurde war er Buchhalter.","Warrior",,,"Neutral"
Enrage,"Classic","Wütendes Huhn","<b>Wutanfall:</b> +5 Angriff","Minion","EX1_009",True,"Mike Sass","Rare",1,1,1,"Beast",,"Kein Wesen ist furchteinflößender (oder lächerlicher) als ein echt wütendes Huhn.",,,,
,"Classic","Yarrr!","Der Südmeerkapitän verleiht +1/+1.","Enchantment","NEW1_027e",,,,,,,,,,,,,
,"Classic","Ysera","Zieht am Ende Eures Zuges eine Traumkarte.","Minion","EX1_572",True,"Gabor Szikszai","Legendary",4,9,12,"Dragon",,"Diese Karte ist der smaragdgrüne Traum eines jeden Spielers.",,,True,"Neutral"
,"Classic","Ysera erwacht","Fügt allen Charakteren mit Ausnahme von Ysera $5 Schaden zu.","Spell","DREAM_02",,,,,2,,,,,"Dream",,,
Battlecry,"Classic","Zauberbrecher","<b>Kampfschrei:</b> Bringt einen Diener zum <b>Schweigen</b>.","Minion","EX1_048",True,"Matt Cavotta","Common",4,4,3,,,"Spezialist im ambulanten Entfernen von Verzauberungen und Stärkungseffekten.",,,,"Horde"
Secret,"Classic","Zauberformerin","<b>Geheimnis:</b> Wenn Euer Gegner einen Zauber auf einen Diener wirkt ruft Ihr einen Diener (1/3) als neues Ziel herbei.","Spell","tt_010",True,"Gonzalo Ordonez","Epic",,3,,,,"Es macht zwar Spaß feindliche Blitzschläge abzufangen doch eine Zauberformerin zieht es vor gegnerische Male der Wildnis abzufangen – es ist viel gemeiner. Und Blutelfen sind einfach ein bisschen gemein.","Mage",,,"Neutral"
,"Classic","Zauberformerin",,"Minion","tt_010a",,,"Epic",1,0,3,,,,"Mage",,,
Aura,"Classic","Zauberlehrling","Eure Zauber kosten (1) weniger.","Minion","EX1_608",True,"Alex Horley Orlandelli","Common",3,2,2,,,"Lehrlinge eignen sich prima zum Herumkommandieren. „Zauber mir ein paar Manabrötchen herbei! Und einen Kaffee! Ach was mach' einen Manakaffee draus!“","Mage",,,"Neutral"
,"Classic","Zerschmettern","Fügt einem Diener $2 Schaden zu. Zieht eine Karte wenn er überlebt.","Spell","EX1_391",True,"E.M. Gist","Common",,2,,,,"„Dumdidum dumdidum“: Wenn Ihr einen Oger dies singen hört ist es bereits zu spät.","Warrior",,,"Neutral"
Secret,"Classic","Zerstäuben","<b>Geheimnis:</b> Wenn ein Diener Euren Helden angreift wird er vernichtet.","Spell","EX1_594",True,"Raymond Swanland","Rare",,3,,,,"Gerüchten zufolge brachte Todesschwinge den Kataklysmus über Azeroth nachdem er wegen dieser Karte ein Spiel verloren hatte. Die Wahrheit werden wir wohl nie erfahren ...","Mage",,,"Neutral"
,"Classic","Zorn","<b>Wählt aus:</b> Fügt einem Diener $3 Schaden zu; oder fügt einem Diener $1 Schaden zu und zieht eine Karte.","Spell","EX1_154",True,"Raymond Swanland","Common",,2,,,,"Wenn man den Stammtischgesprächen im Gasthaus von Ratschet Glauben schenken darf dann ist diese Karte viel zu gut und sollte legendär sein.","Druid",,,"Neutral"
,"Classic","Zorn","Fügt einem Diener $1 Schaden zu. Zieht eine Karte.","Spell","EX1_154b",,,,,,,,,,"Druid",,,"Neutral"
,"Classic","Zorn","Fügt einem Diener $3 Schaden zu.","Spell","EX1_154a",,,,,,,,,,"Druid",,,"Neutral"
,"Classic","Zorn des Wildtiers","Verleiht einem befreundeten Wildtier +2 Angriff und macht es in diesem Zug <b>immun</b>.","Spell","EX1_549",True,"Alex Horley Orlandelli","Epic",,1,,,,"Na toll jetzt habt Ihr es wütend gemacht!","Hunter",,,"Neutral"
OneTurnEffect,"Classic","Zorn des Wildtiers","+2 Angriff und <b>immun</b> in diesem Zug.","Enchantment","EX1_549o",,,,,,,,,,"Hunter",,,
ImmuneToSpellpower,"Classic","Zornige Vergeltung","Verursacht $8 Schaden der zufällig auf feindliche Charaktere verteilt wird.","Spell","EX1_384",True,"Alex Garner","Epic",,6,,,,"Bämm! Bämm! Bämm! Bämm! Bämm! Bämm! Bämm! Bämm!","Paladin",,,"Neutral"
Battlecry,"Classic","Zwielichtdrache","<b>Kampfschrei:</b> Erhält +1 Leben für jede Karte auf Eurer Hand.","Minion","EX1_043",True,"Jaemin Kim","Rare",4,4,1,"Dragon",,"Zwielichtdrachen ernähren sich von mystischer Energie. Und von Dönern.",,,,"Neutral"
