MECHANICS,SET,NAME,ARTIST,ELITE,TEXT,RARITY,ATTACK,COST,HEALTH,RACE,TYPE,ID,PLAYERCLASS,COLLECTIBLE,FLAVOR,DURABILITY
Charge,Goblins vs Gnomes,V-07-TR-0N,Chris Seaman,True,<b>冲锋</b><b>超级风怒</b> <i>（每个回合攻击四次）</i>,Legendary,4,8,8,Mech,Minion,GVG_111t,,,,
Spellpower,Goblins vs Gnomes,上紧发条,,,法术伤害+2。,,,,,,Enchantment,GVG_123e,Mage,,,
,Goblins vs Gnomes,不稳定的传送门,Sean O&sbquo;Daniels,,将一张随机随从牌加入你的手牌。该随从的法力值消耗减少（3）点。,Rare,,2,,,Spell,GVG_003,Mage,True,艾泽拉斯的普通住民根本不知道让一座传送门稳定下来需要花费多少人力物力。我们每年要花费30%的GDP用于传送门维护。,
,Goblins vs Gnomes,伯瓦尔·弗塔根,Tooth,True,如果该牌在你的手牌中，每当一个友方随从死亡，便获得+1攻击力。,Legendary,1,5,7,,Minion,GVG_063,Paladin,True,在伯瓦尔身上的冰融化之后，他受邀接受了采访。在采访中他对艾泽拉斯全球气候变暖现象表达了深深的忧虑。,
,Goblins vs Gnomes,作战动员,Mike Hayes,,召唤三个1/1的白银之手新兵，装备一把1/4的武器。,Rare,,3,,,Spell,GVG_061,Paladin,True,请不要辜负这些新兵的一腔热血，还有这把锤子。,
Battlecry,Goblins vs Gnomes,侏儒变形师,Ben Olson,,<b>战吼：</b>将一个友方随从随机变形成为一个法力值消耗相同的随从。,Epic,3,2,2,,Minion,GVG_108,,True,他坚信物质守恒的定律，更痴迷于魔法的随机性。,
Battlecry,Goblins vs Gnomes,侏儒实验技师,Jesper Ejsing,,<b>战吼：</b>抽一张牌，如果该牌是随从牌，则将其变形成为一只小鸡。,Rare,3,3,2,,Minion,GVG_092,,True,他的实验室总被路过的人误以为是鸡棚。,
,Goblins vs Gnomes,修补匠的磨刀油,,,+3攻击力。,,,,,,Enchantment,GVG_022b,,,,
,Goblins vs Gnomes,修补匠的磨刀油,,,+3攻击力。,,,,,,Enchantment,GVG_022a,,,,
Combo,Goblins vs Gnomes,修补匠的磨刀油,Den,,使你的武器获得+3攻击力。<b>连击：</b>使一个随机友方随从获得+3攻击力。,Common,,4,,,Spell,GVG_022,Rogue,True,工欲善其事，必先利其器。,
,Goblins vs Gnomes,假死,Luca Zontini,,触发所有友方随从的<b>亡语</b>效果。,Epic,,2,,,Spell,GVG_026,Hunter,True,要完成一次完美的假死，最重要的是发出正确的气味。这需要经常训练或是一瓶特殊的香水。,
,Goblins vs Gnomes,先祖召唤,Dan Scott,,每个玩家从手牌中将一个随机随从置入战场。,Epic,,4,,,Spell,GVG_029,Shaman,True,有时候你需要祖辈们的指引。你会想知道，如果他们身处你现在的境地，他们的选择会是什么。,
ImmuneToSpellpower,Goblins vs Gnomes,光明圣印,Jason Chan,,为你的英雄恢复#4点生命值，并在本回合中获得+2攻击力。,Common,,2,,,Spell,GVG_057,Paladin,True,圣光赐予我力量！,
OneTurnEffect,Goblins vs Gnomes,光明圣印,,,在本回合中，+2攻击力。,,,,,,Enchantment,GVG_057a,,,,
Battlecry,Goblins vs Gnomes,军需官,Phroilan Gardner,,<b>战吼：</b>使你的白银之手新兵获得+2/+2。,Epic,2,5,5,,Minion,GVG_060,Paladin,True,自从乌瑟尔把他招募到麾下之后，他觉得新兵大喊“报告”的声音不再那么烦人了。,
,Goblins vs Gnomes,加兹瑞拉,Raymond Swanland,True,每当该随从受到伤害，便获得攻击力翻倍。,Legendary,6,7,9,Beast,Minion,GVG_049,Hunter,True,祖尔法拉克队是本届巨魔世界杯的夺冠热门球队，他们的队旗上描绘着令人望而生畏的多头蛇加兹瑞拉。,
,Goblins vs Gnomes,加兹鲁维,Luke Mancini,True,每当你施放一个法力值消耗为（1）的法术，随机将一张机械牌置入你的手牌。,Legendary,3,6,6,,Minion,GVG_117,,True,在学校里，加兹鲁维就被认为是“最能制造混乱的人”。,
,Goblins vs Gnomes,加里维克斯,Wei Wang,True,每当你的对手施放一个法术，获得该法术的复制，并使其获得一个幸运币。,Legendary,5,6,8,,Minion,GVG_028,Rogue,True,供求关系是加里维克斯唯一的信条。只要你给钱，他就提供殴打服务。,
,Goblins vs Gnomes,加里维克斯的幸运币,,,在本回合中，获得一个法力水晶。<i>（不会触发加里维克斯的效果。）</i>,,,0,,,Spell,GVG_028t,,,,
,Goblins vs Gnomes,动力增强,,,+2/+2。,,,,,,Enchantment,GVG_036e,Shaman,,,
Deathrattle,Goblins vs Gnomes,动力战锤,Zoltan and Gabor,,<b>亡语：</b>使一个随机友方机械获得+2/+2。,Rare,3,3,,,Weapon,GVG_036,Shaman,True,人们通常认为萨满祭司控制着元素，而事实上，他们必须经常恳求元素施舍一些它们根本不在意的东西。,2
,Goblins vs Gnomes,卡牌赠礼,,,每个玩家抽一张牌。,,,,,,Spell,GVG_032b,Druid,,,
Deathrattle,Goblins vs Gnomes,发条侏儒,Matt Dixon,,<b>亡语：</b>将一张<b>零件</b>牌置入你的手牌。,Common,2,1,1,Mech,Minion,GVG_082,,True,发条侏儒总是会问：“现在几点？”因为他需要有人定时帮他旋紧发条。,
,Goblins vs Gnomes,发条巨人,Dan Scott,,你的对手每有一张手牌，该牌的法力值消耗便减少（1）点。,Epic,8,12,8,Mech,Minion,GVG_121,,True,虽然体型相仿，他和山岭巨人总是交不上朋友。,
,Goblins vs Gnomes,召唤宠物,E.M. Gist,,抽一张牌。如果该牌是野兽牌，则其法力值消耗减少（4）点。,Rare,,2,,,Spell,GVG_017,Hunter,True,无论身在何处，能够驯服野兽的技巧都是一个猎人最大的财富。,
Divine Shield|Taunt,Goblins vs Gnomes,吵吵机器人,Matt Dixon,,<b>嘲讽，圣盾</b>,Common,1,2,2,Mech,Minion,GVG_085,,True,发明吵吵机器人的工程师先是被工匠学院立即开除，然后被赶出了工匠镇，最后被驱逐出了东部王国。,
,Goblins vs Gnomes,回收,Brandon Kitkouski,,将一个敌方随从洗回你的对手的牌库。,Rare,,6,,,Spell,GVG_031,Druid,True,请为环保事业尽一份力，把塑料垃圾放在一个垃圾箱内，把敌方随从的尸体放在另一个垃圾箱内。,
,Goblins vs Gnomes,回收机器人,Zoltan Boros,,每当一个友方机械死亡，便获得+2/+2。,Epic,1,5,5,Mech,Minion,GVG_106,,True,当某个零部件对某个机器人不再有用时，它可能会使另一个机器人焕然一新。,
AffectedBySpellPower,Goblins vs Gnomes,圣光炸弹,Luca Zontini,,对所有随从造成等同于其攻击力的伤害。,Epic,,6,,,Spell,GVG_008,Priest,True,既然你们愿意让一个地精成为牧师，就准备好接受这样的后果吧。,
Aura,Goblins vs Gnomes,地精工兵,Jesper Ejsing,,如果你的对手的手牌数量等于或大于6张，便具有+4攻击力。,Rare,2,3,4,,Minion,GVG_095,,True,他已经不再是一个漫无目的的爆破狂人了，他认为每一次爆炸都应该有其社会意义，或者表明他对生命的态度。,
Battlecry,Goblins vs Gnomes,地精炎术师,Glenn Rane,,<b>战吼：</b>如果你控制任何机械，则造成4点伤害，随机分配到所有敌人身上。,Rare,5,4,4,,Minion,GVG_004,Mage,True,如果你实在找不到炸弹了，那就随便找一个地精发明的东西，然后把它扔出去……,
Battlecry,Goblins vs Gnomes,地精自动理发装置,Zolton Boros,,<b>战吼：</b>使你的武器获得+1攻击力。,Common,3,2,2,Mech,Minion,GVG_023,Rogue,True,这项装置能够随意调整你的发型，或是敌人的身高。,
ImmuneToSpellpower,Goblins vs Gnomes,地雷,Chris Seaman,,当你抽到这张牌时会发生爆炸。你受到10点伤害并抽一张牌。,,,0,,,Spell,GVG_056t,Warrior,,,
,Goblins vs Gnomes,坦克模式,,,+1生命值。,,,,,,Spell,GVG_030b,Druid,,,
,Goblins vs Gnomes,坦克模式,,,+1生命值。,,,,,,Enchantment,GVG_030be,Druid,,,
,Goblins vs Gnomes,基维斯,Matt Dixon,,在每个玩家的回合结束时，该玩家抽若干牌，直至其手牌数量达到3张。,Rare,1,4,4,Mech,Minion,GVG_094,,True,他是有史以来最熟练、最高效、最有礼貌的服侍机器人。,
,Goblins vs Gnomes,大胖,Laurel D. Austin,,每当你使用一张攻击力为1的随从牌，便使该牌所召唤的随从获得+2/+2。,Epic,2,3,3,,Minion,GVG_104,,True,大地精们将在下个星期召开联合会议。会议的第一项议题是：建立一个牙科诊所。,
,Goblins vs Gnomes,大胖的保护,,,+2/+2。,,,,,,Enchantment,GVG_104a,,,,
Aura,Goblins vs Gnomes,小个子扰咒师,Jonboy Meyers,,相邻的随从无法成为法术或英雄技能的目标。,Epic,2,4,5,,Minion,GVG_122,Mage,True,有些大块头正需要小个子的保护。,
Spellpower|Stealth,Goblins vs Gnomes,小个子法师,Ben Olson,,<b>潜行，法术伤害+1</b>,Epic,4,4,1,,Minion,GVG_109,,True,有时候你能够在古拉巴什竞技场的宝箱中发现他。,
Battlecry|Taunt,Goblins vs Gnomes,小个子驱魔者,Jim Nelson,,<b>嘲讽</b>，<b>战吼：</b>每有一个具有<b>亡语</b>的敌方随从，便获得+1/+1。,Rare,2,3,3,,Minion,GVG_097,,True,术士们让城里的驱魔者都开通了驱魔热线，防止在他们召唤出错误的恶魔的时候酿成惨剧。,
,Goblins vs Gnomes,小鬼,,,,,1,1,1,Demon,Minion,GVG_045t,Warlock,,,
,Goblins vs Gnomes,小鬼爆破,Jaemin Kim,,对一个随从造成$2-$4点伤害。每造成1点伤害，便召唤一个1/1的小鬼。,Rare,,4,,,Spell,GVG_045,Warlock,True,榴散弹的弹片伤害远远超出爆炸本身，至于这些小鬼，他们可能是更加致命的弹片。,
,Goblins vs Gnomes,小鸡,,,,,1,1,1,Beast,Minion,GVG_092t,,,,
Battlecry,Goblins vs Gnomes,尖牙德鲁伊,Brandon Kitkouski,,<b>战吼：</b>如果你控制任何野兽，将该随从变形成为7/7。,Common,4,5,4,,Minion,GVG_080,Druid,True,尖牙德鲁伊生活在哀嚎洞穴里，于是那里成为了大部分部落冒险者第一次遇到暗夜精灵的地方。,
,Goblins vs Gnomes,尖牙德鲁伊,Massive Black,,,,7,5,7,Beast,Minion,GVG_080t,Druid,,,
,Goblins vs Gnomes,工匠镇之力,,,+1/+1。,,,,,,Enchantment,GVG_102e,,,,
Battlecry,Goblins vs Gnomes,工匠镇技师,Gabor Szikszai,,<b>战吼：</b>如果你控制一个机械，便获得+1/+1并将一张<b>零件</b>牌置入你的手牌。,Common,3,3,3,,Minion,GVG_102,,True,要不你就带我去...工匠镇？,
Battlecry,Goblins vs Gnomes,布林顿3000型,Jomaro Kindred,True,<b>战吼：</b>为每个玩家装备一把武器。,Legendary,3,5,4,Mech,Minion,GVG_119,,True,启动布林顿，让所有参加派对的人都嗨起来！,
,Goblins vs Gnomes,废品回收,,,属性值提高。,,,,,,Enchantment,GVG_106e,,,,
Battlecry,Goblins vs Gnomes,废旧螺栓机甲,Jesper Ejsing,,<b>战吼：</b>使一个友方机械获得+2/+2。,Rare,2,4,5,Mech,Minion,GVG_055,Warrior,True,如果它坏了，踢它几下然后再骂一句：“什么破玩意儿！”,
,Goblins vs Gnomes,弹射之刃,Andrew Hou,,对一个随机随从造成$1点伤害。重复此效果，直到某个随从死亡。,Epic,,3,,,Spell,GVG_050,Warrior,True,只有地精曾经认为这是一项很棒的发明；而现在，连他们也开始有点怀疑了。,
Battlecry,Goblins vs Gnomes,强化机器人,Zoltan Boros,,<b>战吼：</b>随机使你的其他随从分别获得<b>风怒</b>，<b>嘲讽</b>，或者<b>圣盾</b>效果中的一种。,Epic,3,4,2,Mech,Minion,GVG_107,,True,每个人都喜欢他的免胶水强化装置！,
Divine Shield,Goblins vs Gnomes,强袭坦克,Nutchapol Thitinunthakorn,,<b>圣盾</b>,Common,7,8,7,Mech,Minion,GVG_079,,True,在塔纳利斯，有一间生产强袭坦克的兵工厂，但由于其巨额成本，仅有两辆坦克被生产出来。,
,Goblins vs Gnomes,形体改造,,,攻击力和生命值被形体改造仪互换。,,,,,,Enchantment,PART_006a,,,,
,Goblins vs Gnomes,形体改造仪,Nutthapon Petthai,,使一个随从的攻击力和生命值互换。,,,1,,,Spell,PART_006,,,,
,Goblins vs Gnomes,微型战斗机甲,Skan Srisuwan,,在每个回合开始时，获得+1攻击力。,Common,1,2,2,Mech,Minion,GVG_103,,True,它虽然体型不大，但它学习战斗的能力却非常惊人。,
,Goblins vs Gnomes,心能魔像,Josh Harris,,在每个回合结束时，如果该随从是你唯一的随从，则消灭该随从。,Epic,9,6,9,Mech,Minion,GVG_077,Warlock,True,黑暗意志是一个又邪恶又神秘又巨大又不懂得怎么写程序的大坏蛋。,
,Goblins vs Gnomes,恶魔之心,Kerem Beyit,,对一个随从造成$5点伤害，如果该随从是友方恶魔，则改为使其获得+5/+5。,Epic,,5,,,Spell,GVG_019,Warlock,True,能召唤出什么样的恶魔取决于术士的野心和运气。,
,Goblins vs Gnomes,恶魔之心,,,+5/+5。,,,,,,Enchantment,GVG_019e,Warlock,,,
,Goblins vs Gnomes,惩戒,,,攻击力增加,,,,,,Enchantment,GVG_063a,,,,
Enrage,Goblins vs Gnomes,战斗机器人,Tyler Walpole,,<b>激怒：</b>+1攻击力。,Common,1,1,3,Mech,Minion,GVG_051,Warrior,True,战斗机器人的量产计划因为其“样本产品”的体型过大而流产。,
Battlecry|Deathrattle,Goblins vs Gnomes,托什雷,Zoltan & Gabor,True,<b>战吼，亡语：</b>将一张<b>零件</b>牌置入你的手牌。,Legendary,5,6,7,,Minion,GVG_115,,True,托什雷的基地是侏儒工程师们在外域的港湾。,
Divine Shield,Goblins vs Gnomes,护盾机器人,Raymond Swanland,,<b>圣盾</b>,Common,2,2,2,Mech,Minion,GVG_058,Paladin,True,他愿为他的信仰牺牲，因为他的控制程序就是这么写的。,
,Goblins vs Gnomes,攻击模式,,,+1攻击力。,,,,,,Enchantment,GVG_030ae,Druid,,,
,Goblins vs Gnomes,攻击模式,,,+1攻击力。,,,,,,Spell,GVG_030a,Druid,,,
Deathrattle,Goblins vs Gnomes,斯尼德的伐木机,Christopher Moeller,True,<b>亡语：</b>随机召唤一个传说随从。,Legendary,5,8,7,Mech,Minion,GVG_114,,True,当斯尼德在死亡矿井被击败后，他的伐木机在一次拍卖中被一位匿名买家收购。（可能是霍格。）,
Taunt,Goblins vs Gnomes,施法者克星X-21,Zero Yue,,<b>嘲讽，</b>无法成为法术或英雄技能的目标。,Rare,2,4,5,Mech,Minion,GVG_091,,True,在将这款机械装置投入生产之前，侏儒工程师们与法师们不知进行了多少次谈判。,
,Goblins vs Gnomes,旋紧螺栓,,,+2/+2。,,,,,,Enchantment,GVG_055e,Warrior,,,
,Goblins vs Gnomes,旋风之刃,,,+1攻击力。,,,,,,Enchantment,PART_007e,,,,
,Goblins vs Gnomes,旋风之刃,Nutchapol Thitinunthakorn,,使一个随从获得+1攻击力。,,,1,,,Spell,PART_007,,,,
,Goblins vs Gnomes,时间回溯装置,Nutthapon Petthai,,将一个友方随从移回你的手牌。,,,1,,,Spell,PART_002,,,,
,Goblins vs Gnomes,明光祭司,Jim Nelson,,如果在你的回合结束时，你控制任何<b>奥秘</b>，则为你的英雄恢复4点生命值。,Rare,2,3,4,,Minion,GVG_089,,True,“明光闪烁！”他们可不会念这样的咒语；你以为这是哪儿？霍格沃茨魔法学校？,
Combo,Goblins vs Gnomes,暗中破坏,Dave Allsop,,消灭一个随机敌方随从，<b>连击：</b>并且摧毁你的对手的武器。,Epic,,4,,,Spell,GVG_047,Rogue,True,潜行者们是暗中破坏的高手，他们会让你没有帮手，接着一无所有。,
,Goblins vs Gnomes,暗影打击装甲,Dan Scott,,每当一个角色获得治疗，便对一个随机敌人造成1点伤害。,Rare,2,2,3,Mech,Minion,GVG_072,Priest,True,一个地精牧师发明了使用暗影作为能源的战斗机器人。,
Battlecry,Goblins vs Gnomes,暗影投弹手,Matt Dixon,,<b>战吼：</b>对每个英雄造成3点伤害。,Epic,2,1,1,,Minion,GVG_009,Priest,True,作为一个投弹手，她干活的时候总是有点敷衍了事。,
,Goblins vs Gnomes,暗影笼罩,,,生命值已被交换。,,,,,,Enchantment,GVG_014a,Priest,,,
,Goblins vs Gnomes,暗色炸弹,Jeff Haynie,,造成$3点伤害。,Common,,2,,,Spell,GVG_015,Warlock,True,如果你想要构筑一套简单粗暴的套牌，这张牌就是很好的选择。,
Aura,Goblins vs Gnomes,机械跃迁者,Phil Saunders,,你的机械的法力值消耗减少（1）点。,Common,2,2,3,Mech,Minion,GVG_006,,True,能够召唤机械的机械？然后呢？能够召唤馒头的馒头？唔……,
,Goblins vs Gnomes,机械野兽,Trent Kaniuga,,每当该随从受到伤害，将一张<b>零件</b>牌加入你的手牌。,Rare,7,6,6,Mech,Minion,GVG_034,Druid,True,这野兽的爪子和刀剑一样锋利，因为它本来就是由钢铁制成的。,
Deathrattle,Goblins vs Gnomes,机械雪人,Chris Seaman,,<b>亡语：</b>使每个玩家获得一个<b>零件</b>。,Common,4,4,5,Mech,Minion,GVG_078,,True,冰风岗的雪人不仅是蛮力的象征，更是工程师们创作灵感的源泉。,
,Goblins vs Gnomes,林地树妖,Chris Rahn,,<b>抉择：</b>使每个玩家获得一个法力水晶；或每个玩家抽一张牌。,Rare,2,3,4,,Minion,GVG_032,Druid,True,喜好：徒步旅行，拥抱美丽的大自然。厌恶：地精伐木机和拖鞋。（讨厌拖鞋纯粹是因为找不到合脚的。）,
Battlecry,Goblins vs Gnomes,榴弹投手,Luca Zontini,,<b>战吼：</b>对一个随机敌方随从造成4点伤害。,Rare,3,5,3,,Minion,GVG_099,,True,榴弹在手，万事无忧。,
,Goblins vs Gnomes,死神4000型,James Ryman,True,同时对其攻击目标相邻的随从造成伤害。,Legendary,6,8,9,Mech,Minion,GVG_113,,True,对于田里的庄稼来说，所有的收割机都是死神。,
,Goblins vs Gnomes,水晶赠礼,,,使每个玩家获得一个法力水晶。,,,,,,Spell,GVG_032a,Druid,,,
Battlecry,Goblins vs Gnomes,沃金,Raymond Swanland,True,<b>战吼：</b>与另一个随从交换生命值。,Legendary,6,5,2,,Minion,GVG_014,Priest,True,所谓暗影猎手，无非就是精通巫毒妖术的暗影牧师。,
,Goblins vs Gnomes,沙鳞灵魂行者,Clint Langley,,每当另一个友方鱼人死亡，便抽一张牌。<b>过载：</b>（1）,Epic,2,4,5,Murloc,Minion,GVG_040,Shaman,True,任何人只要对元素提出合理的诉求，元素都会回应你。哪怕你只是想喊一句：“哦哇啦咯哇咯咯哦！”,
,Goblins vs Gnomes,活力图腾,Guangjian Huang,,在你的回合结束时，为你的英雄恢复4点生命值。,Rare,0,2,3,Totem,Minion,GVG_039,Shaman,True,在艾泽拉斯很多地区的古玩市场，你都能淘到一些很有收藏价值的老式图腾。,
Taunt,Goblins vs Gnomes,活动假人,Matt Dixon,,<b>嘲讽</b>,Rare,0,0,2,Mech,Minion,GVG_093,,True,它被许多工程师认为是工程学造福艾泽拉斯冒险者的起点。,
,Goblins vs Gnomes,活塞强化,,,攻击力增加。,,,,,,Enchantment,GVG_076a,,,,
Stealth,Goblins vs Gnomes,海地精猎手,Seamus Gallagher,,<b>潜行</b>,Common,2,2,3,,Minion,GVG_081,,True,虽然他们不如在陆地上的同类们精于算计，但他们在捕猎方面的本领却更胜一筹。,
,Goblins vs Gnomes,淤泥践踏者,Jaemin Kim,,,Common,3,2,2,Murloc,Minion,GVG_064,,True,他非常崇拜伟大的鱼人先知摩戈尔！（哪个鱼人不是呢？）,
,Goblins vs Gnomes,漂浮观察者,Todd Lockwood,,每当你的英雄在你的回合受到伤害，便获得+2/+2。,Common,4,5,4,Demon,Minion,GVG_100,Warlock,True,和他对话时，你很难与之进行眼神交流。,
,Goblins vs Gnomes,烈焰巨兽,Aleksi Briclot,True,当你抽到该牌时，对所有角色造成2点伤害。,Legendary,7,7,7,Mech,Minion,GVG_007,Mage,True,米米尔隆最喜欢开着烈焰巨兽外出兜风。,
,Goblins vs Gnomes,烈焰轰击,Mauricio Herrera,,对一个随机敌方随从造成 $4 点伤害。,Common,,2,,,Spell,GVG_001,Mage,True,把某个法术称作为烈焰轰击并不能把它从根本上与其他地精装置的效果区别开来。,
,Goblins vs Gnomes,热砂港狙击手,Jun Kang,,你的英雄技能能够以随从为目标。,Epic,2,2,3,,Minion,GVG_087,Hunter,True,地精一般都不喜欢使用狙击枪，他们都喜欢直接用炸药解决问题。,
Spellpower,Goblins vs Gnomes,煤烟喷吐装置,Phil Saunders,,<b>法术伤害+1</b>,Rare,3,3,3,Mech,Minion,GVG_123,Mage,True,地精发明家们从来不会考虑环保和安全这两个因素；而他们认为正是这一点使他们的发明更加出类拔萃。,
,Goblins vs Gnomes,熟练的水手,Alex Horley Orlandelli,,,Common,7,5,4,Pirate,Minion,GVG_070,,True,他喜欢在船上颠簸的感觉，比在陆地上走路更有安全感。,
,Goblins vs Gnomes,独眼欺诈者,Danny Beck,,每当你召唤一个海盗，便获得<b>潜行</b>。,Rare,4,2,1,Pirate,Minion,GVG_025,Rogue,True,你不知道他是真的失去了一个眼睛，还是这只是他喜欢的装扮。,
Aura,Goblins vs Gnomes,玛尔加尼斯,Wayne Reynolds,True,你的其他恶魔获得+2/+2。你的英雄获得<b>免疫</b>。,Legendary,9,9,7,Demon,Minion,GVG_021,Warlock,True,背叛这种事情，如果是主角做了，他就会翻开历史新的一页；如果是配角做了，他的牺牲会帮助主角翻开历史新的一页。,
,Goblins vs Gnomes,玛尔加尼斯之握,,,玛尔加尼斯使其获得+2/+2。,,,,,,Enchantment,GVG_021e,Warlock,,,
Deathrattle,Goblins vs Gnomes,玛洛恩,Oliver Chipping,True,<b>亡语：</b>将该随从洗入你的牌库。,Legendary,9,7,7,Beast,Minion,GVG_035,Druid,True,玛洛恩之所以讨厌恶魔，是因为他不理解为什么这些又脏又臭的生物会长着和他一样的蹄子。,
,Goblins vs Gnomes,瑟玛普拉格,Trent Kaniuga,True,每当一个敌方随从死亡，召唤一个麻疯侏儒。,Legendary,9,9,7,Mech,Minion,GVG_116,,True,过去他非常执迷于炸药。而现在他更加关怀麻疯侏儒们的生计，因为他们能够造成更稳定的伤害。,
,Goblins vs Gnomes,生命之树,Steve Prescott,,为所有角色恢复所有生命值。,Epic,,9,,,Spell,GVG_033,Druid,True,这棵虽然不是摇钱树，但是却能救好多人的命。,
,Goblins vs Gnomes,生锈的号角,Peerasak Senalai,,使一个随从获得<b>嘲讽</b>。,,,1,,,Spell,PART_003,,,,
Taunt,Goblins vs Gnomes,电镀机械熊仔,Eva Widermann,False,<b>嘲讽，抉择：</b>+1攻击力；或者+1生命值。,Common,2,2,2,Mech,Minion,GVG_030,Druid,True,它真是太可爱了！哦我的天呐，它为什么要咬我的脸？,
Battlecry,Goblins vs Gnomes,疯狂爆破者,Alex Horley Orlandelli,,<b>战吼：</b>造成6点伤害，随机分配于其他角色身上。,Rare,5,5,4,,Minion,GVG_090,,True,如果你还在抱怨疯狂投弹者乱扔炸弹，你应该看看这位。,
,Goblins vs Gnomes,痛苦女王,Carl Critchlow,,每当该随从造成伤害，为你的英雄恢复等量的生命值。,Rare,1,2,4,Demon,Minion,GVG_018,Warlock,True,她总是觉得她的姐姐欢乐女王有点神经质：世间哪有这么多可以令她发笑的事情？,
Battlecry|Taunt,Goblins vs Gnomes,百兽之王,Seamus Gallagher,,<b>嘲讽</b>，<b>战吼：</b>你每控制一只其他野兽，便获得+1攻击力。,Rare,2,5,6,Beast,Minion,GVG_046,Hunter,True,一声长啸百兽惊，贫瘠之地留威名。,
,Goblins vs Gnomes,百兽之王,,,攻击力增加。,,,,,,Enchantment,GVG_046e,Hunter,,,
Battlecry,Goblins vs Gnomes,盾甲侍女,Alex Horley Orlandelli,,<b>战吼：</b>获得5点护甲值。,Rare,5,6,5,,Minion,GVG_053,Warrior,True,对于侏儒战士来说，一块盾牌可以对其进行全方位的保护。,
,Goblins vs Gnomes,眼纹纵横,,,属性值提高。,,,,,,Enchantment,GVG_100e,Warlock,,,
,Goblins vs Gnomes,眼镜蛇射击,Howard Lyon,,对一个随从和敌方英雄造成$3点伤害。,Common,,5,,,Spell,GVG_073,Hunter,True,戴眼镜的蛇当然会瞄的更准一点。,
,Goblins vs Gnomes,石腭穴居人壮汉,Chris Rahn,,每当你的对手施放一个法术，获得+2攻击力。,Common,3,4,5,,Minion,GVG_068,,True,他这么壮是因为他每天坚持健康的饮食，并且每个星期都去穴居人健身房进行锻炼。,
Windfury,Goblins vs Gnomes,砂槌萨满祭司,José Ladrönn,,<b>风怒，过载：</b>（1）50%几率攻击错误的敌人。,Rare,5,4,4,,Minion,GVG_066,Shaman,True,他们的战斗信条是：闭上眼，然后享受打击的快感。,
Battlecry,Goblins vs Gnomes,砰砰博士,Alex Garner,True,<b>战吼：</b>召唤两个1/1的砰砰机器人。<i>警告：该机器人随时可能爆炸。</i>,Legendary,7,7,7,,Minion,GVG_110,,True,让你见识一下他的厉害！,
Deathrattle,Goblins vs Gnomes,砰砰机器人,,,<b>亡语：</b>对一个随机敌人造成1到4点伤害。,,1,1,1,Mech,Minion,GVG_110t,,,,
,Goblins vs Gnomes,碎石穴居人,Peet Cooper,,每当你的对手施放一个法术，便获得+1攻击力。,Common,2,2,3,,Minion,GVG_067,,True,比穴居人的气味更让人受不了的是他们的诗歌。,
Freeze,Goblins vs Gnomes,碎雪机器人,Gabor Szikszai,,<b>冻结</b>任何受到该随从伤害的角色。,Common,2,2,3,Mech,Minion,GVG_002,Mage,True,在夏天，它依然有一份很体面的工作：制作刨冰。,
,Goblins vs Gnomes,祖尔法拉克之力,,,攻击力成倍提高。,,,,,,Enchantment,GVG_049e,Hunter,,,
Battlecry,Goblins vs Gnomes,科赞秘术师,Jakub Kasper,,<b>战吼：</b>随机获得一个敌方<b>奥秘</b>的控制权。,Rare,4,4,3,,Minion,GVG_074,,True,她们看上去很聪明，很有学问，但实际上，她们只是讨厌别人有秘密瞒着她们而已。,
,Goblins vs Gnomes,米米尔隆的头部,Trent Kaniuga,True,在你的回合开始时，如果你控制至少3个机械，则消灭这些机械，并将其组合成V-07-TR-0N。,Legendary,4,5,5,Mech,Minion,GVG_111,,True,别按那个最大的红色按钮！,
Freeze,Goblins vs Gnomes,紧急冷冻剂,Peerasak Senalai,,<b>冻结</b>一个随从。,,,1,,,Spell,PART_005,,,,
,Goblins vs Gnomes,纯洁,,,属性值提高。,,,,,,Enchantment,GVG_101e,Paladin,,,
,Goblins vs Gnomes,纳鲁之光,Jesper Ejsing,,恢复#3点生命值。如果该目标仍处于受伤状态，则召唤一个圣光护卫者。,Rare,,1,,,Spell,GVG_012,Priest,True,“把那里夷为平地！”在接到这样的命令后，圣光护卫者们义无反顾地冲上前去，而地精们则回到了他们的军火库。,
,Goblins vs Gnomes,维伦的恩泽,,,+2/+4并具有<b>法术伤害+1</b>。,,,,,,Enchantment,GVG_010b,,,,
,Goblins vs Gnomes,维伦的恩泽,Alex Horley Orlandelli,,使一个随从获得+2/+4并具有<b>法术伤害+1</b>。,Common,,3,,,Spell,GVG_010,Priest,True,维伦时常会寄给年轻的德莱尼女祭司一些可爱的小卡片，并写上一些寄语，比如，“你选择了圣光，我选择了你。”,
,Goblins vs Gnomes,维修,,,+4生命值。,,,,,,Enchantment,GVG_069a,Priest,,,
OneTurnEffect,Goblins vs Gnomes,缩小射线,,,在本回合中，获得-2攻击力。,,,,,,Enchantment,GVG_011a,,,,
Battlecry,Goblins vs Gnomes,缩小射线工程师,Jim Nelson,,<b>战吼：</b>在本回合中，使一个随从获得-2攻击力。,Common,3,2,2,,Minion,GVG_011,Priest,True,自从侏儒世界放大器被滥用之后，侏儒工程师们就对体型变化装置非常谨慎。,
Battlecry,Goblins vs Gnomes,老式治疗机器人,Jesper Ejsing,,<b>战吼：</b>为你的英雄恢复8点生命值。,Common,3,5,3,Mech,Minion,GVG_069,,True,由于可能会因为爆炸而影响患者的治疗，这种类型的机器人已经停产很久了。,
Battlecry,Goblins vs Gnomes,耐普图隆,Ruan Jia,True,<b>战吼：</b>将四张随机鱼人牌置入你的手牌，<b>过载：</b>（3）,Legendary,7,7,7,,Minion,GVG_042,Shaman,True,耐普图隆被称为“猎潮者”。他是四大元素领主之一。他和拉格纳罗斯能够联手为你提供最好的桑拿服务。,
Windfury,Goblins vs Gnomes,自动漩涡打击装置,Jim Nelson,,<b>风怒</b>,Common,3,2,2,Mech,Minion,GVG_037,Shaman,True,这个打蛋器可好用了。,
Deathrattle,Goblins vs Gnomes,自爆绵羊,Ralph Horsley,,<b>亡语：</b>对所有随从造成2点伤害。,Common,1,2,1,Mech,Minion,GVG_076,,True,这项武器究竟应该怎么使用？让你的敌人觉得它很可爱然后指望他会把它抱起来？,
,Goblins vs Gnomes,船载火炮,Warren Mahy,,每当你召唤一个海盗，便对一个随机敌人造成2点伤害。,Common,2,2,3,,Minion,GVG_075,,True,如果你听到有人喊道：“海盗船开炮了！”，那么就算你没有被炸死，也会被浑身弄湿。,
,Goblins vs Gnomes,蜘蛛坦克,Dany Orizio,,,Common,3,3,4,Mech,Minion,GVG_044,,True,“我想在这家伙上面装上一门炮，你觉得怎么样?”菲兹布里兹看着蜘蛛运输装置说道。,
Battlecry,Goblins vs Gnomes,血色净化者,Anton Zemskov,,<b>战吼：</b>对所有具有<b>亡语</b>的随从造成2点伤害。,Rare,4,3,3,,Minion,GVG_101,Paladin,True,血色十字军臭名昭著，其领导者们想要通过更名来改善人们对这个组织的看法；但他们知道，把“血色”改成“红”是肯定行不通的。,
,Goblins vs Gnomes,装备精良,,,+2/+2。,,,,,,Enchantment,GVG_060e,Paladin,,,
Charge|Taunt,Goblins vs Gnomes,诺莫瑞根步兵,Zoltan & Gabor,,<b>冲锋，嘲讽</b>,Common,1,3,4,,Minion,GVG_098,,True,侏儒士兵们英勇无畏，他们随时准备着回到他们那饱受辐射的、通风糟糕的家园！,
Battlecry,Goblins vs Gnomes,赫米特·奈辛瓦里,Ralph Horsley,True,<b>战吼：</b>消灭一只野兽。,Legendary,6,5,3,,Minion,GVG_120,,True,作为一个野兽公敌来说，在这个世界里活下来是非常不容易的。因为你在几分钟前杀死的野兽，会突然再次不知道从哪儿冒出来……,
Deathrattle,Goblins vs Gnomes,载人收割机,Dan Scott,,<b>亡语：</b> 随机召唤一个法力值消耗为（2）点的随从。,Common,4,4,3,Mech,Minion,GVG_096,,True,在过去，只有地精会驾驶这玩意儿。如今，从末日预言者到精灵龙再到游学者周卓，好像大家都喜欢驾驶收割机。,
Deathrattle,Goblins vs Gnomes,载人飞天魔像,Michael Phillippi,,<b>亡语：</b>随机召唤一个法力值消耗为（4）点的随从。,Epic,6,6,4,Mech,Minion,GVG_105,,True,地精科技的巅峰之作。魔像内装饰豪华，配备速溶咖啡机以及足浴按摩器。,
,Goblins vs Gnomes,连环爆裂,Warren Mahy,,造成$3到$6点伤害，<b>过载：</b>（1）,Common,,2,,,Spell,GVG_038,Shaman,True,在施放这个法术的时候最好提前带上耳塞。,
,Goblins vs Gnomes,迷失的陆行鸟,Benjamin Zhang,,,Common,5,4,4,Beast,Minion,GVG_071,,True,在它的屁股上印着这样一串文字：“如果你找到它，请将它归还至莫高雷。”,
,Goblins vs Gnomes,邪能火炮,Matt Gaser,,在你的回合结束时，对一个非机械随从造成2点伤害。,Rare,3,4,5,Mech,Minion,GVG_020,Warlock,True,包装盒上写着：全新改良，比旧款更邪门！,
Battlecry,Goblins vs Gnomes,重型刃弩,Gino Whitehall,,<b>战吼：</b>使一个随机友方随从获得+1攻击力。,Common,2,2,,,Weapon,GVG_043,Hunter,True,它可以完成所有火箭炮能完成的任务，只是视觉效果差了点。,2
,Goblins vs Gnomes,重型刃弩,,,+1攻击力。,,,,,,Enchantment,GVG_043e,Hunter,,,
,Goblins vs Gnomes,重型护甲,,,+1生命值。,,,,,,Enchantment,PART_001e,,,,
,Goblins vs Gnomes,重型护甲,,,攻击力增加。,,,,,,Enchantment,GVG_086e,Warrior,,,
,Goblins vs Gnomes,重型护甲,Nutchapol Thitinunthakorn,,使一个随从获得+1生命值。,,,1,,,Spell,PART_001,,,,
,Goblins vs Gnomes,重型攻城战车,Zero Yue,,每当你获得护甲，该随从便获得+1攻击力。,Rare,5,5,5,Mech,Minion,GVG_086,Warrior,True,冬拥堡垒的城墙一般都会用最坚固的材料在两个半小时内修筑起来。但这并不能阻止攻城战车的长驱直入。,
,Goblins vs Gnomes,重碾,Michael Sutfin,,消灭一个随从。如果你控制任何受伤的随从，该法术的法力值消耗减少（4）点。,Epic,,7,,,Spell,GVG_052,Warrior,True,“使用这张卡牌时的感觉将令你毕生难忘。”许多野蛮人都会这么对你说。,
,Goblins vs Gnomes,金刚刃牙,,,+2攻击力。,,,,,,Enchantment,GVG_048e,Hunter,,,
Battlecry,Goblins vs Gnomes,金刚刃牙兽,Hideaki Takamura,,<b>战吼：</b>使你的其他机械获得+2攻击力。,Rare,3,3,3,Mech,Minion,GVG_048,Hunter,True,最好不要让它们淋雨。在安戈洛环型山，金刚锈牙兽的数量已经无法控制了。,
Battlecry,Goblins vs Gnomes,钢铁战蝎,Raymond Swanland,True,<b>战吼：</b>将一张“地雷” 牌洗入你的对手的牌库。当你的对手抽到该牌，便对其造成10点伤害。,Legendary,6,6,5,Mech,Minion,GVG_056,Warrior,True,钢铁战蝎守护着奥格瑞玛，并在最近刚获得“月度最佳员工”称号！,
,Goblins vs Gnomes,钢铁武学,,,属性值提高。,,,,,,Enchantment,GVG_027e,Rogue,,,
,Goblins vs Gnomes,钢铁武道家,Brian Despain,,在你的回合结束时，使另一个友方机械获得+2/+2。,Rare,2,3,2,Mech,Minion,GVG_027,Rogue,True,战斗机械装置都遵从他的教诲。只有他会用0和1告诉他们怎么战斗。,
,Goblins vs Gnomes,钴制卫士,Jim Nelson,,每当你召唤一个机械，便获得<b>圣盾</b>。,Rare,6,5,3,Mech,Minion,GVG_062,Paladin,True,过去这些“卫士”们都是用真银打造的，但自从把生产线外包给加基森的厂家之后，他们的材质就发生了改变。,
,Goblins vs Gnomes,锋利无比,,,+1攻击力。,,,,,,Enchantment,GVG_023a,,,,
,Goblins vs Gnomes,隐形,,,获得潜行直到你的下个回合。,,,,,,Enchantment,PART_004e,,,,
,Goblins vs Gnomes,隐秘力场,Nutchapol Thitinunthakorn,,直到你的下一个回合，使一个友方随从获得<b>潜行</b>。,,,1,,,Spell,PART_004,,,,
,Goblins vs Gnomes,颤地者特罗格佐尔,Mike Sass,True,每当你的对手施放一个法术，召唤一个石腭穴居人壮汉。,Legendary,6,7,6,,Minion,GVG_118,,True,他不断震颤着大地，使山脉深处出现了大量洞穴，解决了穴居人的住房问题。,
Windfury,Goblins vs Gnomes,飞行器,Matt Dixon,,<b>风怒</b>,Common,1,3,4,Mech,Minion,GVG_084,,True,这架精致的飞行器需要飞行员在起飞前做好精确地调校。否则，它只能被叫做“降落器”。,
,Goblins vs Gnomes,食人魔勇士穆戈尔,Michal Ivan,True,所有随从有50%几率攻击错误的敌人。,Legendary,7,6,6,,Minion,GVG_112,,True,穆戈尔曾经帮助兽人重新打开了黑暗之门。既然你让一个食人魔参与了这件事情，就别指望最后会有什么好结果了。,
Stealth,Goblins vs Gnomes,食人魔忍者,Samwise,,<b>潜行，</b>50%几率攻击错误的敌人。,Rare,6,5,6,,Minion,GVG_088,Rogue,True,他通过走后门进入了忍者学院，但总是通不过偷取毕业证书的考试。,
,Goblins vs Gnomes,食人魔战槌,Richard Wright,,50%几率攻击错误的敌人。,Common,4,3,,,Weapon,GVG_054,Warrior,True,简单、鲁莽、危险，就像一切和食人魔有关的东西一样。,2
,Goblins vs Gnomes,食人魔步兵,Vinod Rams,,50%几率攻击错误的敌人。,Common,4,3,4,,Minion,GVG_065,,True,食人魔的短期失忆症非常严重。,
Battlecry,Goblins vs Gnomes,高级修理机器人,Nutchapol Thitinunthakorn,,<b>战吼：</b>使一个友方机械获得+4生命值。,Rare,5,5,5,Mech,Minion,GVG_083,Priest,True,其实他和旧的型号没有任何不同，但是在被贴上了“高级”标签之后，他的售价就能翻一倍。,
Aura,Goblins vs Gnomes,魔法代谢,,,攻击力增加。,,,,,,Enchantment,GVG_067a,,,,
Aura,Goblins vs Gnomes,魔法代谢,,,攻击力增加。,,,,,,Enchantment,GVG_068a,,,,
,Goblins vs Gnomes,魔能机甲,Zoltan & Gabor,,每当你的对手使用一张牌时，便弃掉你的牌库顶的三张牌。,Epic,8,5,8,Mech,Minion,GVG_016,,True,当你变得足够强大，就不会在意曾经付出过多少代价。,
,Goblins vs Gnomes,麦迪文的残影,Alex Garner,,复制你的所有随从，并将其置入你的手牌。,Epic,,4,,,Spell,GVG_005,Mage,True,麦迪文的残影徘徊于在卡拉赞之中，这位昔日强大的守护者运用他的力量在下象棋和玩<i>炉石传说</i>时，不停地作弊。,
,Goblins vs Gnomes,黑暗低语者,,,召唤5个小精灵。,,,,,,Spell,GVG_041b,Druid,,,
,Goblins vs Gnomes,黑暗低语者,,,+5/+5并具有<b>嘲讽</b>。,,,,,,Spell,GVG_041a,Druid,,,
,Goblins vs Gnomes,黑暗低语者,,,+5/+5并具有<b>嘲讽</b>。,,,,,,Enchantment,GVG_041c,Druid,,,
,Goblins vs Gnomes,黑暗低语者,Trent Kaniuga,,<b>抉择：</b>召唤5个小精灵；或者使一个随从获得+5/+5并具有<b>嘲讽</b>。,Epic,,6,,,Spell,GVG_041,Druid,True,嗯……这样的话，又一个分矿开好了。,
Battlecry,Goblins vs Gnomes,齿轮光锤,Dany Orizio,,<b>战吼：</b>使一个随机友方随从获得<b>圣盾</b>和<b>嘲讽</b>。,Epic,2,3,,,Weapon,GVG_059,Paladin,True,你们就是把一个大齿轮从机器上拆下来，在上面刻了点符文图案，然后用胶水粘上把手，就对我说这是一把灌注了神圣之力的强力武器？……好吧，似乎也不赖。,3
Aura,Goblins vs Gnomes,齿轮大师,Trent Kaniuga,,如果你控制任何机械，便获得+2攻击力。,Common,1,1,2,,Minion,GVG_013,,True,片刻之后，你看到的不再是齿轮和链条，它们可能变成了机器人、蜘蛛坦克、射线发射器和其他各种各样的装置……,
Aura,Goblins vs Gnomes,齿轮大师的扳手,Richard Wright,,如果你控制任何机械，便获得+2攻击力。,Epic,1,3,,,Weapon,GVG_024,Rogue,True,扳手的用途很广泛，包括旋紧齿轮和打扁穴居人。,3
