TEXT,SET,TYPE,ID,NAME,PLAYERCLASS,FACTION,COST,RARITY,COLLECTIBLE,ARTIST,FLAVOR,MECHANICS,ATTACK,HEALTH,INPLAYTEXT,ELITE,RACE,DURABILITY
"El Capitán de los Mares del sur otorga +1/+1.","Classic","Enchantment","NEW1_027e","¡Aarrrr!",,,,,,,,,,,,,,
"+2 de Ataque del Herrero malicioso.","Classic","Enchantment","CS2_221e","¡Afilada!",,,,,,,,,,,,,,
"Cambia el Ataque a 1.","Classic","Enchantment","EX1_382e","¡Descansen!","Paladin",,,,,,,,,,,,,
"El Alquimista enloquecido ha intercambiado el Ataque y la Salud.","Classic","Enchantment","EX1_059e","¡Experimentos!",,,,,,,,,,,,,,
"Estadísticas aumentadas.","Classic","Enchantment","EX1_274e","¡Fuerza bruta!","Mage",,,,,,,,,,,,,
"<b>Poder de héroe</b>
Invoca un Infernal 6/6.","Classic","Hero Power","EX1_tk33","¡INFERNO!","Warlock","Neutral",2,,,,,,,,,,,
"¡Los hechizos cuestan (0) en este turno!","Classic","Enchantment","NEW1_029t","¡Maten a Molino!",,,,"Legendary",,,,,,,,,,
"Si tienes un arma le otorga +1/+1. Si no equipa un arma 1/3.","Classic","Spell","EX1_409","¡Mejora!","Warrior","Neutral",1,"Rare",True,"Matt Cavotta","Como mínimo se merece una recompensa de 50 DKP.",,,,,,,
"El Líder de guerra múrloc otorga +2/+1.","Classic","Enchantment","EX1_507e","¡Mrgglaargl!",,,,,,,,,,,,,,
"Ataque y Salud aumentados.","Classic","Enchantment","EX1_044e","¡Subiste de nivel!",,,,,,,,,,,,,,
"<b>Provocación</b>. <b>Estertor:</b> inflige 2 de daño a TODOS los personajes.","Classic","Minion","EX1_097","Abominación",,"Neutral",5,"Rare",True,"Alex Horley Orlandelli","A las abominaciones les encanta la carne fresca y los largos paseos por la playa.",Deathrattle|Taunt,4,4,,,,
"<b>Estertor:</b> roba una carta.","Classic","Minion","EX1_096","Acaparador de botín",,"Neutral",2,"Common",True,"Jim Nelson","Siempre elige la necesidad.",Deathrattle,2,1,,,,
"Cada vez que este esbirro recibe daño roba una carta.","Classic","Minion","EX1_007","Acólito de dolor",,,3,"Common",True,"Dave Kendall","De joven entrenó mucho para convertirse en un acólito de alegría pero las cosas no le salieron como esperaba.",,1,3,,,,
"Cada vez que lanzas un hechizo obtiene +2 de Ataque en este turno.","Classic","Minion","EX1_055","Adicta al maná",,"Alliance",2,"Rare",True,"Hideaki Takamura","Está tratando de dejar el hábito. Pero todavía toma un poco de maná de vez en cuando si tiene un día difícil.",,1,3,"",,,
"+1 de Durabilidad.","Classic","Enchantment","CS2_146o","Afilado",,,,,,,,,,,,,,
"<b>Combo:</b> inflige 2 de daño.","Classic","Minion","EX1_134","Agente del IV:7","Rogue","Neutral",3,"Rare",True,"Chris Moeller","Los agentes del IV:7 son los responsables de las actividades encubiertas de Ventormenta. Sus tareas son el espionaje los asesinatos y la organización de fiestas de cumpleaños sorpresa para la familia real.",Combo,3,3,,,,
"<b>Viento furioso Carga Escudo divino Provocación</b>","Classic","Minion","NEW1_010","Al'Akir el Señor del Viento","Shaman",,8,"Legendary",True,"Raymond Swanland","Es el más débil de los cuatro señores elementales. Y los otros tres se encargan de que nunca lo olvide.",Charge|Divine Shield|Taunt|Windfury,3,5,,True,,
"<b>Grito de batalla:</b> destruye a todos los otros esbirros y descarta tu mano.","Classic","Minion","NEW1_030","Alamuerte",,,10,"Legendary",True,"Bernie Kang","Alamuerte otrora un noble dragón conocido como Neltharion perdió la cordura y destrozó Azeroth antes de que lo derrotaran definitivamente. ¿Problemitas con papá quizá?",Battlecry,12,12,,True,"Dragon",
"<b>Grito de batalla:</b> establece la Salud restante de un héroe en 15.","Classic","Minion","EX1_561","Alexstrasza",,"Neutral",9,"Legendary",True,"Raymond Swanland","Alexstrasza la Protectora les otorga vida y esperanza a todos. Menos a Alamuerte. Y a Malygos. Y a Nekros.",Battlecry,8,8,,True,"Dragon",
"Otorga a tus esbirros "<b>Estertor:</b> invoca un Antárbol 2/2".","Classic","Spell","EX1_158","Alma del bosque","Druid","Neutral",4,"Common",True,"Markus Erdt","De pronto "reforestación" es una palabra aterradora.",,,,,,,
"Estertor: invoca un Antárbol 2/2.","Classic","Enchantment","EX1_158e","Alma del bosque","Druid",,,,,,,,,,,,,
"<b>Grito de batalla:</b> intercambia el Ataque y la Salud de un esbirro.","Classic","Minion","EX1_059","Alquimista enloquecido",,"Neutral",2,"Rare",True,"Tom Fleming",""¡Te <i>encantará</i> mi nueva receta!" dice... en especial si querías algunas extremidades adicionales.",Battlecry,2,2,,,,
"Destruye tu arma e inflige su daño a todos los enemigos.","Classic","Spell","CS2_233","Aluvión de acero","Rogue","Neutral",2,"Rare",True,"Hideaki Takamura",""No se trata solo de revolear dagas a gran velocidad. Es mucho más complicado que eso". —Shan instructor de pícaros",AffectedBySpellPower,,,,,,
"<b>Elige una opción:</b> 
+5 de Ataque o +5 de Salud y <b>Provocación</b>.","Classic","Minion","EX1_178","Anciano de la guerra","Druid","Neutral",7,"Epic",True,"Sean O’Daniels","A los elfos de la noche jóvenes les gusta jugar a "¿Quién se atreve a desarraigar al Anciano de la Guerra?". Pierdes si terminas aplastado.",,5,5,,,,
"<b>Elige una opción:</b> roba 2 cartas o restaura 5 de Salud.","Classic","Minion","NEW1_008","Anciano del conocimiento","Druid",,7,"Epic",True,"Patrik Hjelm","Si te atreves tállale tu nombre de recuerdo.",,5,5,,,,
"TODOS los esbirros cuestan (1) más.","Classic","Minion","EX1_616","Ánima de maná",,"Neutral",2,"Rare",True,"Luca Zontini","Salen por la noche para comer sobras de cristales de maná. "Mmm ñami" dicen.",Aura,2,2,,,,
"<b>Carga</b>. Al final del turno destruye a este esbirro.","Classic","Minion","EX1_tk9","Antárbol","Druid","Neutral",1,"Common",,,,Charge,2,2,,,,
"<b>Provocación</b>","Classic","Minion","EX1_573t","Antárbol","Druid",,1,,,,,Taunt,2,2,,,,
,"Classic","Minion","EX1_158t","Antárbol","Druid","Neutral",1,,,,,,2,2,,,,
"Tus hechizos cuestan (1) menos.","Classic","Minion","EX1_608","Aprendiz de hechicero","Mage","Neutral",2,"Common",True,"Alex Horley Orlandelli","No hay nada como mandonear aprendices. "¡Que aparezcan unas tostadas de maná! ¡Y un café! ¡Que sea un café de maná!".",Aura,3,2,,,,
,"Classic","Minion","NEW1_026t","Aprendiz violeta",,,0,,,,,,1,1,,,,
"Si controlas un <b>Secreto</b> al final de tu turno obtiene +2/+2.","Classic","Minion","EX1_274","Arcanista etéreo","Mage",,4,"Rare",True,"Michael Komarck","Los etéreos se envuelven en telas para dar forma a sus siluetas incorpóreas. Y también porque son suaves y lucen bien claro.",,3,3,,False,,
"Cada vez que lanzas un hechizo agrega un hechizo "Bola de Fuego" a tu mano.","Classic","Minion","EX1_559","Archimago Antonidas","Mage","Neutral",7,"Legendary",True,"Wayne Reynolds","Antes de llegar a ser el Gran mago de los Kirin Tor y el mentor de Jaina Antonidas era mejor conocido como el Gran mago de los bizcochos.",,5,7,"",True,,
"Cada vez que se revela un <b>Secreto</b> aliado obtiene +1 de Durabilidad.","Classic","Weapon","EX1_536","Arco de cuerno de águila","Hunter",,3,"Rare",True,"Cyril Van Der Haegen","Primera lección: la parte puntiaguda va en el adversario.",,3,,,,,2
"Tu héroe es <b>Inmune</b> mientras ataca.","Classic","Weapon","DS1_188","Arco largo de Gladiador","Hunter","Neutral",7,"Epic",True,"Peter C. Lee","El arco largo te permite disparar desde más lejos y es muy útil cuando los enemigos son especialmente apestosos.",,5,,,,,2
,"Classic","Minion","EX1_tk28","Ardilla",,"Neutral",1,"Common",,,,,1,1,,,"Beast",
"<b>Viento furioso</b>","Classic","Minion","EX1_033","Arpía Viento furioso",,"Alliance",6,"Common",True,"Luke Mancini","El chillido de las Arpías no es muy agradable. Y conste que estoy siendo educado.",Windfury,4,5,,,,
"Salud reducida a 1.","Classic","Enchantment","EX1_379e","Arrepentimiento","Paladin",,,,,,,,,,,,,
"<b>Secreto:</b> cuando tu adversario juegue un esbirro reduce su Salud a 1.","Classic","Spell","EX1_379","Arrepentimiento","Paladin","Neutral",1,"Common",True,"Gonzalo Ordonez","El arrepentimiento siempre aparece justo antes de la aniquilación. Muy oportuno.",Secret,,,,,,
"<b>Grito de batalla:</b> obtiene Ataque equivalente al Ataque de tu arma.","Classic","Minion","NEW1_018","Asaltante Velasangre",,,2,"Common",True,"Jim Nelson",""Solo saqueo de lunes a lunes".",Battlecry,2,3,,,"Pirate",
"<b>Sigilo</b>","Classic","Minion","CS2_161","Asesino de Ravenholdt",,"Alliance",7,"Rare",True,"Ralph Horsley","Tú limítate a enviarle un paquete con un nombre y 10.000 piezas de oro. Él se ocupará del resto.",Stealth,7,5,,,,
"<b>Sigilo</b>. Destruye cualquier esbirro dañado por este esbirro.","Classic","Minion","EX1_522","Asesino paciente","Rogue","Neutral",2,"Epic",True,"Ben Olson","En realidad no es tan paciente. Es que tiene que esperar mucho hasta que aparece alguno que le quede al alcance.",Poisonous|Stealth,1,1,"",,,
"Ataque aumentado.","Classic","Enchantment","NEW1_012o","Atiborrado de maná","Mage",,,,,,,,,,,,,
"Quedará <b>Congelado</b> nuevamente al comienzo del próximo turno.","Classic","Enchantment","EX1_611e","Atrapado","Hunter",,,,,,,,,,,,,
"Atacar a un esbirro cuesta 1 de Ataque en lugar de 1 de Durabilidad.","Classic","Weapon","EX1_411","Aullavísceras","Warrior","Neutral",7,"Epic",True,"Zoltan & Gabor","El arma famosa de Grommash Grito Infernal. No se sabe cómo esta pieza terminó en manos del Príncipe Malchezaar. ¡Un verdadero misterio!",,7,,,,,1
"Cada vez que juegas una carta obtiene +1/+1.","Classic","Minion","EX1_044","Aventurero explorador",,"Alliance",3,"Rare",True,"Attila Adorjany",""¿A alguien le sobra una pelambre de jabalí?".",,2,2,"",,,
,"Classic","Minion","EX1_110t","Baine Pezuña de sangre",,,4,"Legendary",,,,,4,5,,True,,
"Otorga +1/+1 a un esbirro.","Classic","Spell","EX1_014t","Bananas",,,1,,,,,,,,,,,
"Tiene +1/+1.","Classic","Enchantment","EX1_014te","Bananas",,,,,,,,,,,,,,
,"Classic","Minion","EX1_131t","Bandido Defias","Rogue","Neutral",1,,,,,,2,1,,,,
"Al final de tu turno inflige 2 de daño a TODOS los otros personajes.","Classic","Minion","EX1_249","Barón Geddon",,"Neutral",7,"Legendary",True,"Ian Ameling","Y después se pregunta por qué nadie lo quiere...",,7,5,,True,,
"<b>Secreto:</b> cuando atacan a tu héroe obtiene 8 de Armadura.","Classic","Spell","EX1_289","Barrera de hielo","Mage","Neutral",3,"Common",True,"Alex Garner","Esto es rango 1. Rango 2 es una Barrera de leche chocolatada.",Secret,,,,,,
"Cuando este esbirro ataca el jugador enemigo roba una carta.","Classic","Enchantment","EX1_363e2","Bendición de sabiduría","Paladin",,,,,,,,,,,,,
"Elige un esbirro. Cada vez que ese esbirro ataque roba una carta.","Classic","Spell","EX1_363","Bendición de sabiduría","Paladin",,1,"Common",True,"Chippy","Aparentemente con la sabiduría llega la conciencia de que te conviene atacar en todos los turnos.",,,,,,,
"Cuando este esbirro ataca el jugador que lo bendijo roba una carta.","Classic","Enchantment","EX1_363e","Bendición de sabiduría","Paladin",,,,,,,,,,,,,
"Todos los esbirros pierden <b>Sigilo</b>. Destruye todos los <b>Secretos</b> enemigos. Roba una carta.","Classic","Spell","EX1_544","Bengala","Hunter","Neutral",2,"Rare",True,"Tyler Walpole","No solo revela a tus enemigos ¡es ideal para las fiestas!",,,,,,,
"Ataque y Salud aumentados.","Classic","Enchantment","EX1_531e","Bien alimentada","Hunter",,,,,,,,,,,,,
"Ataque aumentado.","Classic","Enchantment","EX1_509e","Blarghghl",,,,,,,,,,,,,,
"Tu héroe es <b>Inmune</b> en este turno.","Classic","Enchantment","EX1_295o","Bloque de hielo","Mage",,,,,,,OneTurnEffect,,,,,,
"<b>Secreto:</b> cuando tu héroe recibe daño mortal impide el daño y tu héroe se vuelve <b>Inmune</b> durante este turno.","Classic","Spell","EX1_295","Bloque de hielo","Mage","Neutral",3,"Epic",True,"Carl Frank","¡El hielo es el flagelo del lelo!",Secret,,,,,,
"<b>Grito de batalla:</b> inflige 3 de daño divididos aleatoriamente entre los otros personajes.","Classic","Minion","EX1_082","Bombardero loco",,"Alliance",2,"Common",True,"Mike Sass","En realidad no está tan loco. El problema es que no es tan cuidadoso con los explosivos como debería.",Battlecry,3,2,,,,
"<b>Grito de batalla:</b> invoca un Escudero 2/2.","Classic","Minion","CS2_151","Caballero de la Mano de Plata",,"Alliance",5,"Common",True,"Matt Starbuck","Ser un caballero es bueno. Ser el escudero de un caballero... no tanto.",Battlecry,4,4,,,,
"<b>Grito de batalla:</b> remueve <b>Escudo divino</b> de los esbirros. Obtiene +3/+3 por cada Escudo perdido.","Classic","Minion","EX1_590","Caballero de sangre",,"Neutral",3,"Epic",True,"Trent Kaniuga","Los Caballeros de sangre obtienen su poder sagrado de la Fuente del Sol. Te recomendamos que NO la uses para bañarte.",Battlecry,3,3,,,,
"<b>Estertor:</b> invoca un Baine Pezuña de sangre 4/5.","Classic","Minion","EX1_110","Cairne Pezuña de sangre",,"Alliance",6,"Legendary",True,"Wayne Reynolds","Cairne murió a manos de Garrosh así que... no pongas a este tipo en un mazo de Guerrero ¡no seas insensible!",Deathrattle,4,5,,True,,
"<b>Provocación</b>. <b>Escudo divino</b>","Classic","Minion","EX1_032","Caminasol",,"Alliance",6,"Rare",True,"Andrea Uderzo","No te preocupes. Eso de que camina sobre el sol no es literal... ¡Es solo un nombre!",Divine Shield|Taunt,4,5,,,,
"El Ataque de este esbirro se ha duplicado.","Classic","Enchantment","EX1_355e","Campeón bendito","Paladin",,,,,,,,,,,,,
"Duplica el Ataque de un esbirro.","Classic","Spell","EX1_355","Campeón bendito","Paladin",,5,"Rare",True,"Tyler Walpole","Esta carta duplica el problema y TAMBIÉN la diversión.",,,,,,,
"<b>Grito de batalla:</b> destruye un múrloc y obtiene +2/+2.","Classic","Minion","NEW1_017","Cangrejo hambriento",,,1,"Epic",True,"Jaemin Kim","Múrloc. Esa es la cena.",Battlecry,1,2,,,"Beast",
"Ataque aumentado.","Classic","Enchantment","tt_004o","Canibalismo",,,,,,,,,,,,,,
"<b>Grito de batalla:</b> inflige 1 de daño a un esbirro y le otorga +2 de Ataque.","Classic","Minion","EX1_603","Capataz cruel","Warrior","Neutral",2,"Common",True,"Phroilan Gardner",""Tendrás que venir el domingo". —Capataz cruel",Battlecry,2,2,,,,
"Tus otros Piratas tienen +1/+1.","Classic","Minion","NEW1_027","Capitán de los Mares del sur",,,3,"Epic",True,"Ken Steacy","Cuando ahorre suficiente botín encargará un sombrero de capitán gigante. Siente envidia por el sombrero.",Aura,3,3,,,"Pirate",
"<b>Grito de batalla:</b> le otorga +1/+1 a tu arma.","Classic","Minion","NEW1_024","Capitán Verdetez",,,5,"Legendary",True,"Dan Scott","Estuvo <i>así de cerca</i> de ser el piloto de una nave gigante que partió rumbo al Puerto de Ventormenta. ¡Si no hubiera sido por esos niños molestos!",Battlecry,5,4,,True,"Pirate",
"Pon 2 Demonios aleatorios de tu mazo en tu mano.","Classic","Spell","EX1_317","Captar demonios","Warlock","Neutral",3,"Common",True,"Raven Mimura","Generalmente los demonios son bastante obvios y no hace falta un hechizo para captar su atención.",,,,,,,
"<b>Grito de batalla:</b> destruye un esbirro con 7 o más de Ataque.","Classic","Minion","EX1_005","Cazador mayor",,,3,"Epic",True,"Chris Seaman","Los simples demosaurios ya no lo apasionan. Pronto tratará de cazar a Onyxia con la sola ayuda de una hoja krol desafilada.",Battlecry,4,2,,,,
"<b>Provocación</b>","Classic","Minion","EX1_396","Celador de Mogu'shan",,"Neutral",4,"Common",True,"Cole Eastburn","Lo único que saben hacer estos tipos es hablar del Rey del Trueno. ¡ABURRIDOOOOOOO!",Taunt,1,7,,,,
"Cada vez que un personaje es sanado obtiene +2 de Ataque.","Classic","Minion","EX1_001","Celadora de la luz",,,1,"Rare",True,"Erik Ko","¿A quién no le gustaría que lo vigilara una celadora así?",,1,2,,,,
"<b>Elige una opción:</b> otorga +2/+2 a tus otros esbirros o invoca dos Antárboles 2/2 con <b>Provocación</b>.","Classic","Minion","EX1_573","Cenarius","Druid","Neutral",9,"Legendary",True,"Alex Horley Orlandelli","Sí es un semidiós. No no necesita una camisa.",,5,8,"",True,,
"<b>Silencia</b> a un esbirro y luego le inflige $1 de daño.","Classic","Spell","EX1_245","Choque de tierra","Shaman","Neutral",1,"Common",True,"Kevin Chin","¿Choque de tierra? ¿No debería ser "Choque de Azeroth"?",Silence,,,,,,
"Restaura #4 de Salud a TODOS los esbirros.","Classic","Spell","EX1_621","Círculo de sanación","Priest",,0,"Common",True,"Daarken","No es un círculo en realidad.",,,,,,,
"Cada vez que se invoca a un múrloc obtiene +1 de Ataque.","Classic","Minion","EX1_509","Clamamareas múrloc",,"Neutral",1,"Rare",True,"Jaemin Kim","No querrás encontrarte con este tipo en una reunión familiar...",,1,2,,,"Murloc",
"<b>Viento furioso</b>","Classic","Minion","EX1_021","Clarividente de Thrallmar",,"Horde",3,"Common",True,"Efrem Palacios","Lo enviaron a la Península del Fuego Infernal pero pidió que lo reasignaran más cerca de Orgrimmar... o para ser sinceros a cualquier otro lugar donde no se le quemaran los pies.",Windfury,2,3,,,,
"Destruye cualquier esbirro dañado por este esbirro.","Classic","Minion","EX1_170","Cobra emperador",,"Neutral",3,"Rare",True,"Lars Grant-West","En la Cuenca de Sholazar hay muchas cosas horrendas. Si vas a visitarla usa repelente. Y armadura.",Poisonous,2,3,"",,"Beast",
"<b>Elige una opción:</b> inflige $3 de daño a un esbirro o inflige $1 de daño y roba una carta.","Classic","Spell","EX1_154","Cólera","Druid","Neutral",2,"Common",True,"Raymond Swanland","En la Posada de Trinquete se comenta que esta carta es demasiado buena y debería ser Legendaria.",,,,,,,
"Inflige $3 de daño a un esbirro.","Classic","Spell","EX1_154a","Cólera","Druid","Neutral",,,,,,,,,,,,
"Inflige $1 de daño a un esbirro. Roba una carta.","Classic","Spell","EX1_154b","Cólera","Druid","Neutral",,,,,,,,,,,,
"Otorga +2 de Ataque y vuelve <b>Inmune</b> a una Bestia aliada en este turno.","Classic","Spell","EX1_549","Cólera de las bestias","Hunter","Neutral",1,"Epic",True,"Alex Horley Orlandelli","Bajo la superficie habita una cólera hirviente. Y bajo esa cólera yace un abandono salvaje seguido de un ligero fastidio.",,,,,,,
"+2 de Ataque e <b>Inmunidad</b> en este turno.","Classic","Enchantment","EX1_549o","Cólera de las bestias","Hunter",,,,,,,OneTurnEffect,,,,,,
"Roba una carta e inflige daño equivalente a su costo.","Classic","Spell","EX1_365","Cólera sagrada","Paladin","Neutral",5,"Rare",True,"Justin Sweet","¡Vamos Gigante fundido!",,,,,,,
"Inflige $8 de daño dividido aleatoriamente entre los personajes enemigos.","Classic","Spell","EX1_384","Cólera vengativa","Paladin","Neutral",6,"Epic",True,"Alex Garner","¡Pum! ¡Pum! ¡Pum! ¡Pum! ¡Pum! ¡Pum! ¡Pum! ¡Pum!",ImmuneToSpellpower,,,,,,
"<b>Carga</b> <b>Escudo divino</b>","Classic","Minion","EX1_067","Comandante argenta",,"Neutral",6,"Rare",True,"James Ryman","El Alba Argenta está siempre alerta a la Plaga... y a la gente que se mete en la cola del banco.",Charge|Divine Shield,4,2,,,,
"<b>Congela</b> a un esbirro y a los esbirros adyacentes a él y les inflige $1 de daño.","Classic","Spell","EX1_275","Cono de frío","Mage","Neutral",4,"Common",True,"Leo Che","Los magos del Kirin Tor conjuraban cubos de frío mucho antes de que los conos se pusieran de moda hace unos 90 años.",Freeze,,,,,,
"Estadísticas aumentadas.","Classic","Enchantment","EX1_304e","Consumir","Warlock",,,,,,,,,,,,,
"<b>Secreto:</b> cuando tu adversario juegue un hechizo <b>contrarréstalo</b>.","Classic","Spell","EX1_287","Contrahechizo","Mage","Neutral",3,"Rare",True,"Jason Chan","¿Cuál es la diferencia entre un mago que juega con contrahechizo y uno que no? Que el mago que no lo usa queda con la cara piroexplotada.",Secret,,,,,,
,"Classic","Enchantment","EX1_tk31","Control mental","Priest","Neutral",,"Common",,,,Summoned,,,,,,
"<b>Provocación.</b> Cuesta (1) menos por cada punto de Ataque de tu arma.","Classic","Minion","NEW1_022","Corsario aterrador",,,4,"Common",True,"Trent Kaniuga",""Aarrrr" es una palabra pirata que significa "Saludos milord".",Taunt,3,3,,,"Pirate",
"<b>Grito de batalla:</b> quita 1 de Durabilidad del arma de tu adversario.","Classic","Minion","NEW1_025","Corsario Velasangre",,,1,"Rare",True,"Randy Gallegos","Todos los piratas usan los mismos cuatro dígitos para acceder a los Dispensadores de Oro Automáticos. Es el famoso "Código del Pirata".",Battlecry,1,2,,,"Pirate",
"Gruul está creciendo...","Classic","Enchantment","NEW1_038o","Crecimiento",,,,,,,,,,,,,,
,"Classic","Weapon","EX1_383t","Crematoria","Paladin",,5,"Legendary",,,,,5,,,,,3
,"Classic","Minion","EX1_116t","Cría",,,1,,,,,,1,1,,,"Dragon",
,"Classic","Minion","ds1_whelptoken","Cría",,"Neutral",1,,,,,,1,1,,,"Dragon",
"<b>Estertor:</b> invoca 2 Hienas 2/2.","Classic","Minion","EX1_534","Crinalta de la sabana","Hunter",,6,"Rare",True,"Milivoj Ceran","En la jungla tan imponente las hienas se comen al león bocado a bocado.",Deathrattle,6,5,"",,"Beast",
"<b>Escudo divino</b>","Classic","Minion","EX1_020","Cruzada escarlata",,"Alliance",3,"Common",True,"Gonzalo Ordonez","Consejo de amigo: no pongas a lavar tu ropa blanca con el traje de esta Cruzada.",Divine Shield,3,1,,,,
,"Classic","Minion","EX1_554t","Culebra","Hunter","Neutral",0,"Common",,,,,1,1,,,"Beast",
,"Classic","Minion","EX1_130a","Defensor","Paladin","Neutral",1,"Common",,,,,2,1,,,,
"<b>Grito de batalla:</b> otorga +1/+1 y <b>Provocación</b> a los esbirros adyacentes.","Classic","Minion","EX1_093","Defensor de Argus",,"Alliance",4,"Rare",True,"Alex Horley Orlandelli","Uno creería que Argus no necesita taaaanta defensa... ¡pero estaría equivocado!",Battlecry,2,3,,,,
"Al comienzo de tu turno inflige 2 de daño a un enemigo aleatorio.","Classic","Minion","EX1_102","Demoledor",,"Neutral",3,"Rare",True,"Raymond Swanland","No a todos les parece divertido asediar fortalezas. Y ahora que todos tienen monturas voladoras ni siquiera es tan efectivo.",,1,4,"",,"Mech",
,"Classic","Minion","EX1_tk29","Demosaurio",,"Neutral",5,"Common",,,,,5,5,,,"Beast",
"Ataque disminuido.","Classic","Enchantment","EX1_411e2","Desafilada","Warrior",,,,,,,,,,,,,
"+5 de Ataque.","Classic","Enchantment","EX1_178be","Desarraigado","Druid",,,,,,,,,,,,,
"+5 de Ataque.","Classic","Spell","EX1_178b","Desarraigar","Druid","Neutral",,,,,,,,,,,,
"Inflige $3 de daño. <b>Sobrecarga:</b> (1)","Classic","Spell","EX1_238","Descarga de relámpagos","Shaman","Neutral",1,"Common",True,"Daarken","¡Relámpagos! ¡Relámpagos! ¡Más relámpagos!",,,,,,,
"Otorga +3/+3 a un esbirro dañado.","Classic","Spell","CS2_104","Desenfreno","Warrior","Neutral",2,"Common",True,"Jonboy Meyers","Esbirro FURIOSO. ¡Esbirro APLASTA!",,,,,,,
"+3/+3.","Classic","Enchantment","CS2_104e","Desenfreno","Warrior",,,,,,,,,,,,,
"<b>Poder de héroe</b>
Inflige 3 de daño.","Classic","Hero Power","EX1_625t2","Despedazamiento mental","Priest",,2,,,,,,,,,,,
"<b>Grito de batalla:</b> otorga +3 de Salud a un esbirro aliado.","Classic","Minion","EX1_623","Déspota del templo","Priest",,6,"Common",True,"Daren Bader","Los jueves a la noche también trabaja de seguridad en la taberna El Cerdo Borracho.",Battlecry,6,6,,,,
,"Classic","Minion","EX1_598","Diablillo",,"Neutral",1,"Rare",,,,,1,1,,,"Demon",
"<b>Grito de batalla:</b> inflige 3 de daño a tu héroe.","Classic","Minion","EX1_319","Diablillo de llamas","Warlock","Neutral",1,"Common",True,"Alex Horley Orlandelli","Todos los diablillos tienen algo de pirómanos.",Battlecry,3,2,,,"Demon",
"<b>Sigilo</b>. Al final de tu turno otorga +1 de Salud a otro esbirro aliado aleatorio.","Classic","Minion","CS2_059","Diablillo de sangre","Warlock","Neutral",1,"Common",True,"Bernie Kang","Los diablillos se conforman con ocultarse y provocar a todos los paseantes.",Stealth,0,1,"",,"Demon",
"<i>¡Te has quedado sin demonios! Por suerte siempre hay diablillos...</i>","Classic","Minion","EX1_317t","Diablillo inútil","Warlock",,1,"Common",,,,,1,1,,,"Demon",
"<b>Viento furioso</b>. <b>Sobrecarga:</b> (2)","Classic","Minion","EX1_243","Diablo de polvo","Shaman","Neutral",1,"Common",True,"Raymond Swanland","Páramos de Poniente está lleno de diablos de polvo. Y águilas ratoneras. Y gólems enloquecidos. Y piratas. ¿A quién se le ocurre vivir aquí?",Windfury,3,1,,,,
"<b>Silencia</b> a todos los esbirros enemigos. Roba una carta.","Classic","Spell","EX1_626","Disipación en masa","Priest",,4,"Rare",True,"Sean O'Daniels","Disipa potenciaciones poderes sueños y esperanzas.",Silence,,,,,,
"<b>Silencia</b> a un esbirro.","Classic","Spell","EX1_166b","Disipar","Druid","Neutral",,,,,,Silence,,,,,,
"Inflige $5 de daño a un esbirro y $2 de daño a los esbirros adyacentes.","Classic","Spell","EX1_537","Disparo explosivo","Hunter","Neutral",5,"Rare",True,"Tom Baxa","Quítale el seguro cuenta hasta 5 y dispara. Luego escóndete.",,,,,,,
"Destruye un esbirro enemigo aleatorio.","Classic","Spell","EX1_617","Disparo mortal","Hunter","Neutral",3,"Common",True,"Steve Prescott","La precisión no es una cualidad muy valorada entre los mok'nathal. Pero la mortalidad es una característica casi sagrada.",,,,,,,
"<b>Secreto:</b> cuando un enemigo lanza un hechizo sobre un esbirro invoca un esbirro 1/3 como el nuevo objetivo.","Classic","Spell","tt_010","Dominahechizos","Mage","Neutral",3,"Epic",True,"Gonzalo Ordonez","Interceptar Descargas de relámpagos enemigas es divertido pero los dominahechizos prefieren las marcas de lo salvaje. Es que es un poco más cruel. Y lo cierto es que los elfos de sangre son... bueno son un poco crueles.",Secret,,,,,,
,"Classic","Minion","tt_010a","Dominahechizos","Mage",,0,"Epic",,,,,1,3,,,,
"<b>Daño de hechizo +1</b>. <b>Grito de batalla:</b> roba una carta.","Classic","Minion","EX1_284","Draco azur",,"Neutral",5,"Rare",True,"Ben Zhang","Al principio querían ser Dragones rubí o berilo pero les pareció demasiado pretencioso.",Battlecry|Spellpower,4,4,,,"Dragon",
"<b>Grito de batalla:</b> obtiene +1 de Salud por cada carta de tu mano.","Classic","Minion","EX1_043","Draco crepuscular",,"Neutral",4,"Rare",True,"Jaemin Kim","Los Draco crepusculares se alimentan de energía mística... y de tacos.",Battlecry,4,1,,,"Dragon",
,"Classic","Minion","DREAM_03","Draco esmeralda","Dream",,4,,,,,,7,6,,,"Dragon",
"<b>Viento furioso</b>","Classic","Minion","CS2_169","Dracohalcón joven",,"Horde",1,"Common",True,"Greg Hildebrandt","¿Es un pájaro? ¿Es un avión? ¡No! ¡Es un dracohalcón!",Windfury,1,1,,,"Beast",
"No puede ser objetivo de Hechizos ni Poderes de héroe.","Classic","Minion","NEW1_023","Dragón feérico",,,2,"Common",True,"Samwise","Adorable. Inmune a la magia. No hace pipí en la alfombra. La mascota ideal.",,3,2,,,"Dragon",
"<b>Provocación</b>","Classic","Minion","EX1_165t2","Druida de la Zarpa","Druid",,5,"Common",,,,Taunt,4,6,,,"Beast",
"<b>Elige una opción:</b> <b>Carga</b> o +2 de Salud y <b>Provocación</b>.","Classic","Minion","EX1_165","Druida de la Zarpa","Druid","Neutral",5,"Common",True,"Luca Zontini","¿Oso o felino? ¿Oso o felino? ¡No puedo DECIDIRME!",,4,4,,,,
"<b>Carga</b>","Classic","Minion","EX1_165t1","Druida de la Zarpa","Druid",,5,"Common",,,,Charge,4,4,,,"Beast",
"<b>Combo:</b> obtiene +2/+2 por cada carta que se haya jugado antes en este turno.","Classic","Minion","EX1_613","Edwin VanCleef","Rogue","Neutral",3,"Legendary",True,"Efrem Palacios","Comandó a los Albañiles durante la reconstrucción de Ventormenta y cuando los nobles se negaron a pagar fundó la Hermandad Defias para... bueno para <i>destruir</i> Ventormenta.",Combo,2,2,,True,,
"<b>Grito de batalla:</b> destruye un esbirro enemigo con <b>Provocación</b>.","Classic","Minion","EX1_002","El Caballero negro",,,6,"Legendary",True,"Alex Horley Orlandelli","Lo envió el Rey Exánime para interrumpir el Torneo Argenta. Sin dudas puede decirse que fracasó en el intento.",Battlecry,4,5,,True,,
"Inflige $5 de daño a todos los personajes con excepción de Ysera.","Classic","Spell","DREAM_02","El despertar de Ysera","Dream",,2,,,,,,,,,,,
"<b>Grito de batalla:</b> <b>Congela </b> a un personaje.","Classic","Minion","EX1_283","Elemental de escarcha",,"Neutral",6,"Common",True,"Dan Scott","Esto es lo que sucede cuando un Elemental de agua y un Elemental de hielo se aman mucho mucho mucho...",Battlecry|Freeze,5,5,,,,
"<b>Provocación</b>. <b>Sobrecarga:</b> (3)","Classic","Minion","EX1_250","Elemental de tierra","Shaman","Neutral",5,"Epic",True,"Dan Scott","La buena piedra... ¡Nada le gana!",Taunt,7,8,,,,
"Cada vez que juegas una carta con <b>Sobrecarga</b> obtiene +1/+1.","Classic","Minion","EX1_258","Elemental desatado","Shaman","Neutral",3,"Common",True,"Matt Gaser","A diferencia de los elementales esclavos a los desatados les encanta salir a pasear por la ciudad.",,2,4,,,,
"Inflige $2 de daño a un esbirro. Si sobrevive roba una carta.","Classic","Spell","EX1_391","Embate","Warrior","Neutral",2,"Common",True,"E.M. Gist",""Dun da dun dun da dun". Si oyes a un ogro cantar esto es demasiado tarde.",,,,,,,
"Inflige 1 de daño a un esbirro por cada punto de Armadura que tienes.","Classic","Spell","EX1_410","Embate con escudo","Warrior","Neutral",1,"Epic",True,"Raymond Swanland","¿Cuál es la mejor arma? ¿La que tus enemigos esperan o la que escondes bajo la manga?. <i>El arte del guerrero</i> capítulo 9",AffectedBySpellPower,,,,,,
"<b>Grito de batalla:</b> otorga +2 de Ataque a un esbirro en este turno.","Classic","Minion","EX1_046","Enano Hierro negro",,"Alliance",4,"Common",True,"Scott Hampton","Son los guardianes de la Mena de hierro negro que tal vez sea la mena más irritante de todas si uno tiene en cuenta dónde hay que forjarla.",Battlecry,4,4,,,,
"Otorga <b>Sigilo</b> a tus esbirros hasta tu próximo turno.","Classic","Spell","EX1_128","Encubrir","Rogue","Neutral",1,"Common",True,"Steve Hui","Los pícaros son grandes encubridores pero cuando se trata de sus sentimientos no hay quién los haga callar. Se empeñan en develar hasta el último detalle.",,,,,,,
"El Ataque de este esbirro siempre es equivalente a su Salud.","Classic","Minion","EX1_335","Engendro de luz","Priest","Neutral",4,"Common",True,"Daarken","Lo de engendro... ¿es por lo feo? ¿O será que nació de la luz?",,0,5,,,,
"Ataque aumentado.","Classic","Enchantment","NEW1_018e","Enloquecido del tesoro",,,,,,,,,,,,,,
"+5 de Salud y <b>Provocación</b>.","Classic","Spell","EX1_178a","Enraizado","Druid","Neutral",,,,,,,,,,,,
"+5 de Salud y <b>Provocación</b>.","Classic","Enchantment","EX1_178ae","Enraizado","Druid",,,,,,,,,,,,,
"Roba 2 cartas.","Classic","Spell","NEW1_008a","Enseñanzas ancestrales","Druid",,,,,,,,,,,,,
"<b>Daño de hechizo +1</b>.","Classic","Enchantment","EX1_584e","Enseñanzas del Kirin Tor",,,,,,,,,,,,,,
"<b>Secreto:</b> cuando tu adversario juegue un esbirro invoca una copia.","Classic","Spell","EX1_294","Entidad espejada","Mage","Neutral",3,"Common",True,"Raven Mimura",""Tú primero". —Krush'gor el Behemoth a su jabalí.",Secret,,,,,,
"Ataque aumentado.","Classic","Enchantment","NEW1_037e","Equipado",,,,,False,,,,,,,,,
"Cada vez que un jugador lanza un hechizo pon una copia en la mano del otro jugador.","Classic","Minion","EX1_100","Eremita Cho",,"Neutral",2,"Legendary",True,"Mark Zug","Eremita Cho escribe y cuenta historias de Pandaria pero sus anécdotas preferidas son las de Phoebe cantando en Central Perk.",,0,4,"",True,,
"<b>Escudo divino</b>","Classic","Minion","EX1_008","Escudera argenta",,"Alliance",1,"Common",True,"Zoltan & Gabor",""Juro solemnemente proteger la Luz purgar la oscuridad del mundo y solo comer burritos" —Juramento de El Alba Argenta",Divine Shield,1,1,,,,
,"Classic","Minion","CS2_152","Escudero",,"Alliance",1,"Common",,,,,2,2,,,,
"Cada vez que invocas un esbirro ese esbirro recibe +1/+1 y esta carta pierde 1 de Durabilidad.","Classic","Weapon","EX1_366","Espada de Justicia","Paladin","Neutral",3,"Epic",True,"Efrem Palacios","¡Te nombro Sir Lonja de ternera!",,1,,,,,5
"<b>Estertor:</b> reinvoca a este esbirro.","Classic","Enchantment","CS2_038e","Espíritu ancestral","Shaman",,,,,,,,,,,,,
"Otorga "<b>Estertor:</b> reinvoca a este esbirro" a un esbirro.","Classic","Spell","CS2_038","Espíritu ancestral","Shaman","Neutral",2,"Rare",True,"Zoltan & Gabor","Apenas fue un rasguño.",,,,,,,
"<b>Provocación</b>","Classic","Minion","EX1_tk11","Espíritu de lobo","Shaman","Neutral",2,"Rare",,,,Taunt,2,3,,,,
"Invoca dos Espíritu de lobo 2/3 con <b>Provocación</b>. <b>Sobrecarga:</b> (2)","Classic","Spell","EX1_248","Espíritu feral","Shaman","Neutral",3,"Rare",True,"Clint Langley","Los espíritus de lobo son como lobos normales pero con pompones.",,,,,,,
"Inflige $2 de daño. <b>Combo:</b> inflige $4 de daño.","Classic","Spell","EX1_124","Eviscerar","Rogue","Neutral",2,"Common",True,"Ariel Olivetti","Eviscerar a tu adversario tiene su precio: sacar manchas de sangre de una armadura de cuero es un trabajo muy poco gratificante.",Combo,,,,,,
"Otorga +2/+2 a tus otros esbirros.","Classic","Spell","EX1_573a","Favor de semidiós","Druid","Neutral",,,,,,,,,,,,
"+2/+2.","Classic","Enchantment","EX1_573ae","Favor de semidiós","Druid","Neutral",,,,,,,,,,,,
"Roba cartas hasta que tengas la misma cantidad que tu adversario.","Classic","Spell","EX1_349","Favor divino","Paladin","Neutral",3,"Rare",True,"Lucas Graciano","Esto no es solo un favor: es un favor divino ¡como ayudar a alguien a mover un sofá cama!",,,,,,,
,"Classic","Minion","EX1_finkle","Finkle Einhorn",,"Neutral",2,"Legendary",,,,,3,3,,True,,
"Cuando un esbirro aliado recibe daño obtienes 1 de Armadura.","Classic","Minion","EX1_402","Forjadora de armaduras","Warrior","Neutral",2,"Rare",True,"Greg Hildebrandt","¡Acepta fondos de la hermandad para reparaciones!",,1,4,"",,,
"<b>Grito de batalla:</b> equipa un Arma 2/2.","Classic","Minion","EX1_398","Forjadora de armas de Arathi","Warrior","Neutral",4,"Common",True,"Samwise","¡50% de descuento en armas de puño! ¡Solo por tiempo limitado!",Battlecry,3,3,,,,
"Tu Poder de héroe se convierte en "Inflige 2 de daño". Si ya estás en Forma de las Sombras: 3 de daño.","Classic","Spell","EX1_625","Forma de las sombras","Priest",,3,"Epic",True,"Alex Horley Orlandelli","Si una luz resplandeciente se posa sobre un sacerdote que está en Forma de las sombras ¿qué pasa con su sombra?",,,,,,,
"+2 de Salud y <b>Provocación</b>.","Classic","Spell","EX1_165b","Forma de oso","Druid","Neutral",,"Common",,,,,,,,,,
"<b>Carga</b>","Classic","Spell","EX1_165a","Forma felina","Druid","Neutral",,"Common",,,,,,,,,,
"<b>Secreto:</b> cuando tu adversario juega un esbirro le inflige $4 de daño.","Classic","Spell","EX1_609","Francotirar","Hunter","Neutral",2,"Common",True,"Lorenzo Minaca","La gente se habría enterado de su buena puntería... de no haber sido por su buena puntería claro.",Secret,,,,,,
"Salud establecida en 15.","Classic","Enchantment","EX1_561e","Fuego de Alexstrasza",,,,,,,,,,,,,,
"Este Demonio tiene +2/+2.","Classic","Enchantment","EX1_596e","Fuego demoníaco","Warlock","Neutral",0,"Common",,,,,,,,,,
"Inflige $2 de daño a un esbirro. Si es un Demonio aliado entonces le otorga +2/+2.","Classic","Spell","EX1_596","Fuego demoníaco","Warlock","Neutral",2,"Common",True,"Ben Wootten","El fuego demoníaco no es muy diferente del fuego normal con la excepción de que NUNCA DEJA DE QUEMAR. ¡SOCORROOO!",,,,,,,
,"Classic","Minion","CS2_231","Fuego fatuo",,"Neutral",0,"Common",True,"Malcolm Davis","Si golpeas a un señor Eredar con suficiente Fuego fatuo explota... Pero ¿por qué?",,1,1,,,,
"Cambia el Ataque de un esbirro para que sea equivalente a su Salud.","Classic","Spell","CS1_129","Fuego interno","Priest","Neutral",1,"Common",True,"Steve Prescott","Buena idea: potenciar a tus esbirros. Mala idea: comenzar una conversación en los Baldíos.",,,,,,,
"El Ataque de este esbirro es equivalente a su Salud.","Classic","Enchantment","CS1_129e","Fuego interno","Priest",,,,,,,,,,,,,
"Inflige 2 de daño.","Classic","Spell","EX1_166a","Fuego lunar","Druid","Neutral",,,,,,,,,,,,
"Inflige $5 de daño. Restaura #5 de Salud a tu héroe.","Classic","Spell","EX1_624","Fuego sagrado","Priest",,6,"Rare",True,"Miguel Coimbra","No puedes decir que los dioses no te han escuchado.",,,,,,,
"Este esbirro tiene +2 de Ataque.","Classic","Enchantment","CS2_181e","Fuerza completa",,,,,,,,,,,,,,
"Invoca tres Antárboles 2/2 con <b>Carga</b> que mueren al final del turno.","Classic","Spell","EX1_571","Fuerza de la naturaleza","Druid","Neutral",6,"Epic",True,"Trevor Jacobs",""Me echaré a dormir una siesta bajo estos árboles. Un momento... ¡AAAHHHHH!". —Chispita el gnomo desafortunado",,,,,,,
,"Classic","Weapon","EX1_323w","Furia sangrienta","Warlock",,3,,,,,,3,,,,,8
"<b>Combo:</b> invoca un Bandido Defias 2/1.","Classic","Minion","EX1_131","Gerifalte Defias","Rogue","Neutral",2,"Common",True,"Dany Orizio","Hace años se robó el título de propiedad de la ciudad así que técnicamente es cierto que le pertenece. Lo de "novato" lo dice por pura maldad.",Combo,2,2,,,,
"Cuesta (1) menos por cada uno de los otros esbirros que haya en el campo de batalla.","Classic","Minion","EX1_586","Gigante de mar",,"Neutral",10,"Epic",True,"Svetlin Velinov","La mar de gigante.",,8,8,,,,
"Cuesta (1) menos por cada punto de daño que haya recibido tu héroe.","Classic","Minion","EX1_620","Gigante fundido",,,20,"Epic",True,"Glenn Rane","Le hierve la sangre. PORQUE ESTÁ LLENO DE LAVA.",,8,8,,,,
"Cuesta (1) menos por cada una de las otras cartas que hay en tu mano.","Classic","Minion","EX1_105","Gigante montés",,"Neutral",12,"Epic",True,"Samwise","Su madre siempre decía que no era gordo sino que tenía huesos grandes.",,8,8,,,,
"<b>Provocación</b>","Classic","Minion","NEW1_040t","Gnoll",,,2,,,,,Taunt,2,2,,,,
"<b>Estertor:</b> inflige 2 de daño al héroe enemigo.","Classic","Minion","EX1_029","Gnomo paria",,"Neutral",1,"Common",True,"Glenn Rane","Lo único que quiere es ser tu amigo pero el rechazo constante ya está empezando a afectarlo.",Deathrattle,2,1,,,,
"<b>Carga</b>. <b>Grito de batalla:</b> otorga un Cristal de maná a tu adversario.","Classic","Minion","EX1_089","Gólem arcano",,"Neutral",3,"Rare",True,"Sedhayu Ardian","Nadie puede decir que los gólems arcanos son maleducados: siempre traen un presente para su adversario bajo el brazo.",Battlecry|Charge,4,2,,,,
,"Classic","Minion","skele21","Gólem dañado",,"Neutral",1,"Common",,,,,2,1,,,"Mech",
"<b>Estertor:</b> invoca un Gólem dañado 2/1.","Classic","Minion","EX1_556","Gólem de la cosecha",,"Neutral",3,"Common",True,"Brian Despain",""Umbral de recalentamiento excedido falla del sistema obstrucción de trigo en puerto 2 apagándose.".",Deathrattle,2,3,,,"Mech",
"Inflige $4 de daño. Si tienes 12 de Salud o menos inflige $6 de daño.","Classic","Spell","EX1_408","Golpe mortal","Warrior","Neutral",4,"Rare",True,"Zoltan & Gabor",""Si solo puedes usar una habilidad usa Golpe mortal". <i>Código del guerrero</i> línea 6",,,,,,,
"La Salud de tus esbirros no puede reducirse a menos de 1 en este turno. Roba una carta.","Classic","Spell","NEW1_036","Grito de orden","Warrior",,2,"Rare",True,"Wayne Reynolds",""Y gritar y gritar y gritar" —Consejo para los guerreros en etapa de entrenamiento",,,,,,,
"La Salud no puede reducirse a menos de 1 en este turno.","Classic","Enchantment","NEW1_036e","Grito de orden","Warrior",,,,,,,OneTurnEffect,,,,,,
"La Salud de tus esbirros no puede reducirse a menos de 1 en este turno.","Classic","Enchantment","NEW1_036e2","Grito de orden","Warrior",,,,,,,OneTurnEffect,,,,,,
"<b>Carga</b>
<b>Enfurecer:</b> +6 de Ataque","Classic","Minion","EX1_414","Grommash Grito Infernal","Warrior","Neutral",8,"Legendary",True,"Glenn Rane","Grommash bebió la sangre mácula de Mannoroth ¡y condenó a los orcos a tener piel verde y ojos rojos! No fue su mejor momento...",Charge|Enrage,4,9,,True,,
"Al final de cada turno obtiene +1/+1.","Classic","Minion","NEW1_038","Gruul",,,8,"Legendary",True,"Kev Walker","Él es Gruul "el Asesino de Dragones". Él solo quería abrazarlos... nunca tuvo la intención de...",,7,7,"",True,,
"Estadísticas aumentadas.","Classic","Enchantment","EX1_080o","Guardar secretos",,,,,,,,,,,,,,
"<b>Carga</b>. <b>Grito de batalla:</b> descarta dos cartas aleatorias.","Classic","Minion","EX1_310","Guardia apocalíptico","Warlock","Neutral",5,"Rare",True,"Lucas Graciano","Invocar a un guardia apocalíptico es riesgoso: <i>alguien</i> terminará muerto.",Battlecry|Charge,5,7,,,"Demon",
"<b>Provocación</b>. <b>Grito de batalla:</b> destruye uno de tus Cristales de maná.","Classic","Minion","EX1_301","Guardia vil","Warlock","Neutral",3,"Rare",True,"John Polidora","Sí peleará para ti. PERO CONTRA SU VOLUNTAD.",Battlecry|Taunt,3,5,,,"Demon",
"<b>Elige una opción:</b> inflige 2 de daño o <b>Silencia</b> a un esbirro.","Classic","Minion","EX1_166","Guardián de la arboleda","Druid","Neutral",4,"Rare",True,"Gabor Szikszai","Estos tipos vienen y se ponen a cuidar tus arboledas sin siquiera preguntarte.",,2,4,,,,
"<b>Escudo divino</b>","Classic","Minion","EX1_023","Guardián de Lunargenta",,"Horde",4,"Common",True,"Phroilan Gardner","La primera vez que intentaron proteger Lunargenta contra la plaga no les fue muy bien que digamos...",Divine Shield,3,3,,,,
"Cada vez que se juega un <b>Secreto</b> obtiene +1/+1.","Classic","Minion","EX1_080","Guardiana del secreto",,"Alliance",1,"Rare",True,"Gonzalo Ordonez","Promete no decirle a nadie eso que hiciste ayer a la noche con cierta persona.",,1,2,"",,,
,"Classic","Weapon","EX1_398t","Hacha de batalla","Warrior",,1,,,,,,2,,,,,2
,"Classic","Weapon","EX1_409t","Hacha pesada","Warrior",,1,,,,,,1,,,,,3
"<b>Sobrecarga:</b> (1)","Classic","Weapon","EX1_247","Hacha tronaforjada","Shaman","Neutral",2,"Common",True,"Nate Bowden","Ey ¡linda hacha!",,2,,,,,3
"<b>Grito de batalla:</b> destruye el arma de tu adversario y roba cartas equivalentes a su Durabilidad.","Classic","Minion","EX1_558","Harrison Jones",,"Neutral",5,"Legendary",True,"Matt Dixon","“Debería estar en la Sala de los Expedicionarios”.",Battlecry,5,4,,True,,
"No puede ser objetivo de Hechizos ni Poderes de héroe.","Classic","Minion","DREAM_01","Hermana sonriente","Dream",,3,,,,,,3,5,"",,,
"<b>Enfurecer:</b> tu arma tiene +2 de Ataque.","Classic","Minion","CS2_221","Herrera maliciosa",,"Horde",5,"Common",True,"Justin Sweet","Te forjará una espada pero tendrás que llevarle cinco lingotes de acero tres motas de tierra y el cuero cabelludo de su último cliente.",Enrage,4,6,"",,,
,"Classic","Minion","EX1_534t","Hiena","Hunter",,2,"Rare",,"Andrew Robinson",,,2,2,,,"Beast",
"Cada vez que muere una Bestia aliada obtiene +2/+1.","Classic","Minion","EX1_531","Hiena carroñera","Hunter",,2,"Common",True,"Jim Nelson","Las hienas prefieren huesos de kodos o serpientes aladas pero en realidad comen cualquier cosa. Incluso brócoli.",,2,2,"",,"Beast",
"Al final de tu turno invoca a un Gnoll 2/2 con <b>Provocación</b>.","Classic","Minion","NEW1_040","Hogger",,,6,"Legendary",True,"Laurel D. Austin","Hogger es muy poderoso. Si lo matas es porque <i>él</i> así lo quiso.",,4,4,,True,,
"<b>Grito de batalla:</b> inflige 1 de daño. <b>Combo:</b> inflige 2 de daño.","Classic","Weapon","EX1_133","Hoja de Perdición","Rogue","Neutral",3,"Rare",True,"Daren Bader","La Hoja de Perdición es el arma de repuesto de Ragnaros cuando Sulfuras está en el taller.",Battlecry|Combo,2,,,,,2
"Salud aumentada.","Classic","Enchantment","EX1_043e","Hora del crepúsculo",,,,,,,,,,,,,,
"<b>Enfurecer:</b> <b>Viento furioso</b> y +1 de Ataque.","Classic","Minion","EX1_412","Huargen enfurecido",,"Neutral",3,"Common",True,"Alex Horley Orlandelli","Si ahora está enfurecido espera a que le saquen potencia.",Enrage,3,3,,,,
"Cambia la Salud de TODOS los esbirros a 1.","Classic","Spell","EX1_619","Igualdad","Paladin","Neutral",2,"Rare",True,"Michal Ivan","Somos todos copos de nieve únicos y especiales... con 1 de Salud.",,,,,,,
"Salud cambiada a 1.","Classic","Enchantment","EX1_619e","Igualdad","Paladin",,,,,,,,,,,,,
"Cada vez que juegas una carta invoca una Llama de Azzinoth 2/1.","Classic","Minion","EX1_614","Illidan Tempestira",,"Neutral",6,"Legendary",True,"Alex Horley Orlandelli","Su hermano Malfurion lo encarceló debajo de Hyjal durante 10.000 años. Olvido y perdón no son precisamente atributos de los Tempestira.",,7,5,,True,"Demon",
"Restaura #8 de Salud. Roba 3 cartas.","Classic","Spell","EX1_354","Imposición de manos","Paladin","Neutral",8,"Epic",True,"Raymond Swanland","Reiki para paladines",,,,,,,
,"Classic","Minion","EX1_tk34","Infernal","Warlock","Neutral",6,"Common",,,,,6,6,,,"Demon",
"<b>Sigilo</b>","Classic","Minion","EX1_010","Infiltrado huargen",,"Alliance",1,"Common",True,"Raymond Swanland","Si quieres evitar que un huargen se infiltre grítale: "¡No! ¡Perro malo!".",Stealth,2,1,,,,
"+3 de Salud.","Classic","Enchantment","EX1_623e","Infusión","Priest",,,,,,,,,,,,,
"Este esbirro tiene +2 de Ataque en este turno.","Classic","Enchantment","CS2_188o","Inspirado",,,,,,,,OneTurnEffect,,,,,,
"Invoca una Pantera 3/2.","Classic","Spell","EX1_160a","Invoca una Pantera","Druid","Neutral",,,,,,,,,,,,
"El primer esbirro que juegas en cada turno cuesta (1) menos.","Classic","Minion","EX1_076","Invocadora tamaño pinta",,"Alliance",2,"Rare",True,"Ron Spears","A la hora del amor su peor competencia es la Invocadora tamaño galón.",Aura,2,2,"",,,
"Roba una carta por cada personaje aliado dañado.","Classic","Spell","EX1_392","Ira de batalla","Warrior","Neutral",2,"Common",True,"Alex Horley Orlandelli","Ojo no soy yo cuando me enojo.",,,,,,,
"Inflige $1 de daño a un esbirro y le otorga +2 de Ataque.","Classic","Spell","EX1_607","Ira interna","Warrior","Neutral",0,"Common",True,"Slawomir Maniak","Risas vemos corazones no sabemos.",,,,,,,
"+2 de Ataque.","Classic","Enchantment","EX1_607e","Ira interna","Warrior",,,,,,,,,,,,,
"No pierdes Durabilidad.","Classic","Enchantment","EX1_411e","Ira sangrienta","Warrior",,,,,,,,,,,,,
"Pon una copia de un esbirro aleatorio del mazo de tu adversario en el campo de batalla.","Classic","Spell","EX1_345","Juegos mentales","Priest","Neutral",4,"Epic",True,"Zoltan & Gabor","A veces parece que todo esto fuera un juego.",,,,,,,
"Tiene +1/+1.","Classic","Enchantment","EX1_366e","Justicia servida","Paladin",,,,,,,,,,,,,
"<b>Grito de batalla:</b> destruye a un esbirro enemigo aleatorio con 2 de Ataque o menos.","Classic","Minion","NEW1_041","Kodo en estampida",,,5,"Rare",True,"Daren Bader","Este kodo es tan grande que puede causar una estampida <i>él solo</i>.",Battlecry,3,5,,,"Beast",
"<b>Estertor:</b> invoca un Finkle Einhorn 3/3 para tu adversario.","Classic","Minion","EX1_577","La Bestia",,"Neutral",6,"Legendary",True,"Glenn Rane","Vive en la Montaña Roca Negra. Come gnomos. Y no mucho más...",Deathrattle,9,7,,True,"Beast",
"El Lobo alfa temible le otorga +1 de Ataque a este esbirro.","Classic","Enchantment","EX1_162o","La fuerza de la manada",,,,,,,,,,,,,,
"Salud aumentada.","Classic","Enchantment","EX1_004e","La gracia de Elune",,,,,,,,,,,,,,
"<b>Congela</b> a un personaje. Si ya estaba <b>Congelado</b> entonces le inflige $4 de daño.","Classic","Spell","CS2_031","Lanza de hielo","Mage","Neutral",1,"Common",True,"Alex Horley Orlandelli","La cuestión es no romper la lanza. Si se rompe te quedas con "Trozos de hielo". Y los Trozos de hielo no son tan efectivos.",Freeze,,,,,,
"Invoca dos Antárboles 2/2 con <b>Provocación</b>.","Classic","Spell","EX1_573b","Lección de Shan'do","Druid","Neutral",,,,,,,,,,,,
"<b>Grito de batalla:</b> <b>Silencia</b> a un esbirro.","Classic","Minion","CS2_203","Lechuza cortezaférrea",,"Horde",2,"Common",True,"Trevor Jacobs","Sus alas son silenciosas pero su chirrido es... todo lo opuesto al silencio.",Battlecry,2,1,,,"Beast",
"<b>Carga</b>. <b>Grito de batalla:</b> invoca dos Crías 1/1 para tu adversario.","Classic","Minion","EX1_116","Leeroy Jenkins",,"Alliance",5,"Legendary",True,"Gabe from Penny Arcade","Por lo menos tiene Pollo enfadado.",Battlecry|Charge,6,2,,True,,
"TODOS los otros múrlocs tienen +2/+1.","Classic","Minion","EX1_507","Líder de guerra múrloc",,"Neutral",3,"Epic",True,"Tim McBurnie","¿Los múrlocs nunca se cansan de hacer el mismo ruidito? ¡No! Mrglglrglglglglglglgl",Aura,3,3,,,"Murloc",
"Otorga +1/+1 a tus esbirros.","Classic","Spell","EX1_160b","Líder de la manada","Druid","Neutral",,,,,,,,,,,,
"+1/+1","Classic","Enchantment","EX1_160be","Líder de la manada","Druid",,,,,,,,,,,,,
,"Classic","Minion","EX1_614t","Llama de Azzinoth",,,1,,,,,,2,1,,,,
"Destruye un esbirro aliado e inflige su daño de Ataque a todos los esbirros enemigos.","Classic","Spell","EX1_303","Llama de las sombras","Warlock","Neutral",4,"Rare",True,"Dave Kendall","Comienza con un esbirro poderoso incorpora Llama de las sombras y une con movimientos envolventes... ¡es la receta de la diversión!",AffectedBySpellPower,,,,,,
"Inflige $5 de daño a un esbirro.","Classic","Spell","NEW1_007b","Lluvia de estrellas","Druid",,,,,,,,,,,,,
"Inflige $2 de daño a todos los esbirros enemigos.","Classic","Spell","NEW1_007a","Lluvia de estrellas","Druid",,,,,,,,,,,,,
"<b>Elige una opción:</b> inflige $5 de daño a un esbirro o $2 de daño a todos los esbirros enemigos.","Classic","Spell","NEW1_007","Lluvia de estrellas","Druid",,5,"Rare",True,"Richard Wright","Sí caen estrellas de punta.",,,,,,,
"Los esbirros adyacentes tienen +1 de Ataque.","Classic","Minion","EX1_162","Lobo alfa temible",,"Neutral",2,"Common",True,"John Dickenson","Estamos muy contentos de anunciar el lanzamiento de Lobo beta temible. Compartan este mensaje y tendrán la posibilidad de ganarse una clave.",AdjacentBuff|Aura,2,2,"",,"Beast",
"Toma el control de un esbirro enemigo con 3 de Ataque o menos hasta el final del turno.","Classic","Spell","EX1_334","Locura sombría","Priest","Neutral",4,"Rare",True,"Mark Gibbons","Puedes dar todas las explicaciones que quieras pero no deja de ser perverso.",,,,,,,
,"Classic","Hero","EX1_323h","Lord Jaraxxus","Warlock","Neutral",0,"Legendary",,,,,0,15,,,"Demon",
"<b>Grito de batalla:</b> destruye a tu héroe y reemplázalo por Lord Jaraxxus.","Classic","Minion","EX1_323","Lord Jaraxxus","Warlock",,9,"Legendary",True,"Alex Horley Orlandelli","¡GNOMO INSIGNIFICANTE! ¡TU ARROGANCIA SERÁ TU PERDICIÓN!",Battlecry,3,15,,True,"Demon",
"Al final de tu turno inflige 1 de daño a este esbirro e invoca un Diablillo 1/1.","Classic","Minion","EX1_597","Maestra de diablillos",,"Neutral",3,"Rare",True,"Mark Gibbons","Disfrutaría mucho más del trabajo si pudiera lograr que los diablillos DEJARAN DE MORDERLA.",,1,5,"",,,
"Cada vez que muere uno de tus otros esbirros roba una carta.","Classic","Minion","EX1_595","Maestra de secta",,"Neutral",4,"Common",True,"Raymond Swanland","Será una maestra de la secta maligna sí... pero todavía llama a sus padres una vez por semana.",,4,2,"",,,
"<b>Grito de batalla:</b> otorga <b>Sigilo</b> a un esbirro aliado.","Classic","Minion","NEW1_014","Maestra del disfraz","Rogue",,4,"Rare",True,"Ron Spencer","En realidad es un tauren hombre. No por nada la gente la llama "Maestra del disfraz".",Battlecry,4,4,,,,
"Cada vez que lanzas un hechizo invoca un Aprendiz violeta 1/1.","Classic","Minion","NEW1_026","Maestra violeta",,,4,"Rare",True,"James Ryman","Si no prestas atención te crecerán orejas de burro. Y luego te mandarán al rincón.",,3,5,,,,
"<b>Grito de batalla:</b> devuelve un esbirro aliado del campo de batalla a tu mano.","Classic","Minion","EX1_057","Maestro cervecero anciano",,"Alliance",4,"Common",True,"Bernie Kang","La mayoría de los pandaren dice que su cerveza sabe a yak. Aparentemente eso es un halago.",Battlecry,5,4,,,,
"<b>Grito de batalla:</b> devuelve un esbirro aliado del campo de batalla a tu mano.","Classic","Minion","EX1_049","Maestro cervecero joven",,"Alliance",2,"Common",True,"Wei Wang","Su entusiasmo jovial no siempre se refleja en la calidad de sus cervezas. Ni siquiera intentes probar la Mogu negra.",Battlecry,3,2,,,,
"<b>Grito de batalla:</b> se AUTOINFLIGE 4 de daño.","Classic","Minion","CS2_181","Maestro del acero herido",,"Horde",3,"Rare",True,"Samwise","Dice que es una vieja herida de guerra pero nosotros estamos seguros de que se cortó mientras se afeitaba.",Battlecry,4,7,"",,,
"Al final de tu turno otorga +1 de Ataque a otro esbirro aliado aleatorio.","Classic","Minion","NEW1_037","Maestro forjador de espadas",,,2,"Rare",True,"E.M. Gist","Está intentando forjar un hacha-mayal pero los demás forjadores de espadas no le tienen fe.",,1,3,"",,,
"<b>Grito de batalla:</b> Transforma a otro esbirro aleatorio en un Demosaurio 5/5 o en una Ardilla 1/1.","Classic","Minion","EX1_083","Maestro manitas Sobrechispa",,"Alliance",3,"Legendary",True,"Tom Baxa","El Maestro manitas Sobrechispa casi pierde su licencia de manitas después de la Gran estampida de ardillas de Forjaz en 2009.",Battlecry,3,3,,True,,
"<b>Grito de batalla:</b> el próximo <b>Secreto</b> que juegues en este turno cuesta (0).","Classic","Minion","EX1_612","Maga del Kirin Tor","Mage","Neutral",3,"Rare",True,"Popo Wei","Los Kirin Tor viven en la ciudad flotante de Dalaran. ¿Cómo logran que flote? Baten siete claras a punto nieve y agregan una pizca de Dalaran.",Battlecry,4,3,,,,
"<b>Grito de batalla:</b> otorga <b>Daño de hechizo +1</b> a los esbirros adyacentes.","Classic","Minion","EX1_584","Mago ancestral",,"Neutral",4,"Rare",True,"Howard Lyon","A veces se desorienta un poco y cree que está en una mina de enanos luchando contra un balrog.",Battlecry,2,5,,,,
"<b>Daño de hechizo +1</b>. <b>Estertor:</b> roba una carta.","Classic","Minion","EX1_012","Mago sangriento Thalnos",,"Neutral",2,"Legendary",True,"Alex Horley Orlandelli","Es el jefe del departamento de donación anual de sangre en el Monasterio Escarlata.",Deathrattle|Spellpower,1,1,,True,,
"Después de invocar un esbirro inflige 1 de daño a un enemigo aleatorio.","Classic","Minion","NEW1_019","Malabarista de cuchillos",,,2,"Rare",True,"Matt Cavotta","A menudo los malabaristas de cuchillos ascienden a malabaristas de bombas. Lamentablemente duran tan poco que nunca llegan a convertirse en cartas.",,3,2,"",,,
"<b>Daño de hechizo +5</b>","Classic","Minion","EX1_563","Malygos",,"Neutral",9,"Legendary",True,"Michael Komarck","Malygos odia que los mortales usen magia. Se pone como loco.",Spellpower,4,12,,True,"Dragon",
"<b>Grito de batalla:</b> elige un esbirro y se convierte en una copia de él.","Classic","Minion","EX1_564","Manipulador ignoto",,"Neutral",5,"Epic",True,"Raymond Swanland","Los ignotos son los sirvientes de Yogg-Saron y se alimentan del miedo. En este momento se están alimentando de tu miedo de desencantar tus mejores cartas por error.",Battlecry,3,3,,,,
"+1/+1 y <b>Provocación</b>.","Classic","Enchantment","EX1_093e","Mano de Argus",,,,,,,,,,,,,,
"Este esbirro tiene +4 de Ataque.","Classic","Enchantment","EX1_155ae","Marca de la naturaleza","Druid",,,,,,,,,,,,,
"+4 de Ataque.","Classic","Spell","EX1_155a","Marca de la naturaleza","Druid","Neutral",,,,,,,,,,,,
"<b>Elige una opción:</b> otorga +4 de Ataque o +4 de Salud y <b>Provocación</b> a un esbirro.","Classic","Spell","EX1_155","Marca de la naturaleza","Druid","Neutral",3,"Common",True,"Clint Langley","Los druidas lo llaman "Marca de la naturaleza". Todos los demás lo conocen como "Te hace falta un baño".",,,,,,,
"+4 de Salud y <b>Provocación</b>.","Classic","Spell","EX1_155b","Marca de la naturaleza","Druid","Neutral",,,,,,,,,,,,
"Este esbirro tiene +4 de Salud y <b>Provocación</b>.","Classic","Enchantment","EX1_155be","Marca de la naturaleza","Druid",,,,,,,,,,,,,
"Tiene <b>Carga</b> mientras tengas un arma equipada.","Classic","Minion","CS2_146","Marinero de los Mares del sur",,"Alliance",1,"Common",True,"Dan Brereton","Parece que los piratas se sumaron a la moda del "Planking".",,2,1,,,"Pirate",
"<b>Viento furioso Sobrecarga:</b> (2)","Classic","Weapon","EX1_567","Martillo maldito","Shaman","Neutral",5,"Epic",True,"John Polidora","Orgrim Martillo Maldito le dio esta arma legendaria a Thrall. Su nombre es pura coincidencia.",Windfury,2,,,,,8
"+1 de Ataque y +1 de Durabilidad.","Classic","Enchantment","EX1_409e","Mejorada","Warrior",,,,,,,,,,,,,
"Durabilidad aumentada.","Classic","Enchantment","EX1_536e","Mejorada","Hunter",,,,,,,,,,,,,
"Tus esbirros cuestan (3) más.","Classic","Minion","CS2_227","Mercenario de Ventura y Cía.",,"Horde",5,"Common",True,"John Polidora","Para él no hay trabajo demasiado riesgoso. Ni precio demasiado alto.",Aura,7,6,"",,,
"<b>Grito de batalla:</b> los hechizos enemigos cuestan (0) en el próximo turno.","Classic","Minion","NEW1_029","Molino Tormenta de Maná",,,2,"Legendary",True,"Jim Nelson",""¡Te alegraré el día corazón!".",Battlecry,4,4,,True,,
"+4 de Ataque en este turno.","Classic","Enchantment","EX1_570e","Mordedura",,,,,,,,OneTurnEffect,,,,,,
"Otorga a tu héroe +4 de Ataque en este turno y 4 de Armadura.","Classic","Spell","EX1_570","Mordedura","Druid","Neutral",4,"Rare",True,"Tom Baxa","Te lo he dicho mil veces: ¡mastica la comida!",,,,,,,
"+2 de Salud.","Classic","Enchantment","EX1_103e","Mrghlglhal",,,,,,,,,,,,,,
"Al comienzo de tu turno tienes un 50 % de probabilidad de robar una carta adicional.","Classic","Minion","EX1_557","Nat Pagle",,"Neutral",2,"Legendary",True,"Steve Prescott","Nat Pagle el mejor pescador de Azeroth. Inventor de la Autopesca 3000 el Extendecañas 3000 el Encarnamatic 2099 (actualmente en fase de prueba).",,0,4,"",True,,
"Destruye un esbirro. Tu adversario roba 2 cartas.","Classic","Spell","EX1_161","Naturalizar","Druid","Neutral",1,"Common",True,"Leo Che","Golpe a golpe esbirro a esbirro.",,,,,,,
"Cada vez que un esbirro muere obtiene +1 de Ataque.","Classic","Minion","tt_004","Necrófago carnívoro",,"Neutral",3,"Common",True,"Alex Horley Orlandelli",""Carnívoro" es un nombre injusto. No es su culpa es que en verdad no hay muchas otras cosas que pueda comer.",,2,3,"",,,
"Los jugadores solo tienen 15 segundos para tomar su turno.","Classic","Minion","EX1_560","Nozdormu",,"Neutral",9,"Legendary",True,"James Ryman","El tiempo justo para escribir un chiste.",,8,8,"",True,"Dragon",
"Roba 3 cartas.","Classic","Spell","EX1_164b","Nutrir","Druid","Neutral",,,,,,,,,,,,
"Obtienes 2 Cristales de maná.","Classic","Spell","EX1_164a","Nutrir","Druid","Neutral",,,,,,,,,,,,
"<b>Elige una opción:</b> obtén 2 Cristales de maná o roba 3 cartas.","Classic","Spell","EX1_164","Nutrir","Druid","Neutral",5,"Rare",True,"Terese Nielsen","Los druidas se nutren de distintas cosas: el poder de la naturaleza el canto de las aves un pastel de chocolate...",,,,,,,
"En sigilo hasta tu próximo turno.","Classic","Enchantment","EX1_128e","Oculto","Rogue",,,,,,,,,,,,,
"<b>Secreto:</b> cuando tu héroe recibe daño inflige esa misma cantidad de daño al héroe enemigo.","Classic","Spell","EX1_132","Ojo por ojo","Paladin","Neutral",1,"Common",True,"James Ryman","A veces la justicia toma la forma de un puño que se estrella contra una mejilla delicada.",Secret,,,,,,
"<b>Grito de batalla:</b> invoca Crías 1/1 hasta que tu lado del campo de batalla esté completo.","Classic","Minion","EX1_562","Onyxia",,"Neutral",9,"Legendary",True,"Dany Orizio","Durante mucho tiempo Onyxia manipuló a la Corte de Ventormenta disfrazándose de Lady Katrana Prestor. Aparentemente nadie reparó en las alas gigantes y las escamas.",Battlecry,8,8,,True,"Dragon",
"<b>Grito de batalla:</b> cada jugador roba 2 cartas.","Classic","Minion","EX1_050","Oráculo luz fría",,"Neutral",3,"Rare",True,"Steve Prescott","Ven el futuro. En ese futuro ambos jugadores pueden robar más cartas. ¡Bbrrr!",Battlecry,2,2,,,"Murloc",
"Al comienzo de tu turno destruye a TODOS los esbirros.","Classic","Minion","NEW1_021","Orador del sino",,,2,"Epic",True,"Alex Horley Orlandelli","Estuvo casi en lo cierto muchísimas veces. Estaba <i>seguro</i> de que vendría durante el Cataclismo.",,0,7,,,,
"+1/+1.","Classic","Enchantment","NEW1_024o","Orden de Verdetez",,,,,,,,,,,,,,
"Este esbirro ha cambiado de controlador en este turno.","Classic","Enchantment","EX1_334e","Orden oscura","Priest",,,,,,,,,,,,,
"<b>Grito de batalla:</b> cambia el Ataque de un esbirro enemigo a 1.","Classic","Minion","EX1_382","Pacificador aldor","Paladin","Neutral",3,"Rare",True,"Dany Orizio","Los aldor odian dos cosas: los arúspices y el reggaeton.",Battlecry,3,3,,,,
"Salud aumentada.","Classic","Enchantment","CS2_059o","Pacto de sangre","Warlock",,,,,,,,,,,,,
,"Classic","Minion","EX1_160t","Pantera","Druid",,2,"Common",,,,,3,2,,,"Beast",
"<b>Sigilo</b>","Classic","Minion","EX1_017","Pantera de la selva",,"Horde",3,"Common",True,"Jaemin Kim","Tuercespina es un hermoso lugar para visitar pero no creo que te guste mucho vivir ahí.",Stealth,4,2,,,"Beast",
"Inflige $2 de daño al héroe enemigo. <b>Combo:</b> devuelve esta carta a tu mano en el próximo turno.","Classic","Spell","EX1_137","Partetesta","Rogue","Neutral",3,"Rare",True,"James Zhang","Cuando todo lo demás falla nada mejor que un buen golpe en la sien.",Combo,,,,,,
"Devuelve un esbirro aliado a tu mano. Cuesta (2) menos.","Classic","Spell","EX1_144","Paso de las sombras","Rogue","Neutral",0,"Common",True,"Graven Tung","A veces las tropas danzantes de los pícaros terminan la función con unos pasitos en las sombras. Y el público enloquece.",,,,,,,
"Destruye a todos los esbirros excepto uno <i>(elegido aleatoriamente).</i>","Classic","Spell","EX1_407","Pelea","Warrior","Neutral",5,"Epic",True,"Wayne Reynolds","¿Sabes cuál es la primera regla del Club de la Pelea?",,,,,,,
"Este esbirro tiene +5/+5 pero pronto será destruido.","Classic","Enchantment","DREAM_05e","Pesadilla",,,,,,,,,,,,,,
"Otorga +5/+5 a un esbirro. Al comienzo de tu próximo turno destrúyelo.","Classic","Spell","DREAM_05","Pesadilla","Dream",,0,,,,,,,,,,,
"Inflige $10 de daño.","Classic","Spell","EX1_279","Piroexplosión","Mage","Neutral",10,"Epic",True,"Luca Zontini","Cuando robes esta carta tómate un momento para lanzar una carcajada diabólica.",,,,,,,
"Después de lanzar un hechizo inflige 1 de daño a TODOS los esbirros.","Classic","Minion","NEW1_020","Piromántico salvaje",,,2,"Rare",True,"Alex Horley Orlandelli","¡BUM BUM! ¡PON A GOZAR TU CUERPO CON EL BUM!",,3,2,,,,
"<b>Elige una opción:</b> otorga +1/+1 a tus esbirros o invoca una Pantera 3/2.","Classic","Spell","EX1_160","Poder de lo salvaje","Druid","Neutral",2,"Common",True,"Steve Tappin","Nunca mires a una pantera a los ojos. Un momento... ¿era "Siempre mira a una pantera a los ojos"? Bueno es una de las dos.",,,,,,,
"Tu próximo Secreto cuesta (0).","Classic","Enchantment","EX1_612o","Poder del Kirin Tor","Mage",,,,,,,OneTurnEffect,,,,,,
"Otorga +4/+4 a un esbirro aliado hasta el final del turno. Luego muere. De una forma horrible.","Classic","Spell","EX1_316","Poder sobrecogedor","Warlock","Neutral",1,"Common",True,"Tom Baxa","No hay palabras para describir lo horrible que es esa muerte. ¡Es TREMENDAMENTE fea! Horripilante. No lo hagas por favor.",,,,,,,
"Este esbirro tiene +4/+4 pero morirá horriblemente al final del turno.","Classic","Enchantment","EX1_316e","Poder sobrecogedor","Warlock","Neutral",,,,,,,,,,,,
"<b>Enfurecer:</b> +5 de Ataque.","Classic","Minion","EX1_009","Pollo enfadado",,,1,"Rare",True,"Mike Sass","No hay bestia más aterradora (o ridícula) que una gallina completamente fuera de sus casillas.",Enrage,1,1,,,"Beast",
"<b>Provocación</b>","Classic","Minion","EX1_405","Portaescudos",,"Neutral",1,"Common",True,"Carl Critchlow","¿Has visto el tamaño de los escudos en este juego? Esto no es moco de pavo.",Taunt,0,4,,,,
"Tus esbirros cuestan (2) menos pero no menos de (1).","Classic","Minion","EX1_315","Portal de invocación","Warlock","Neutral",4,"Common",True,"Tyler Walpole","¡NO MENOS DE 1! ¡Ni se te ocurra pensarlo!",Aura,0,4,"",,,
"La Adicta al maná tiene Ataque aumentado.","Classic","Enchantment","EX1_055o","Potenciado",,,,,,,,OneTurnEffect,,,,,,
"Al comienzo de tu turno restaura 3 de Salud a un personaje aliado dañado.","Classic","Minion","EX1_341","Pozo de luz","Priest","Neutral",2,"Rare",True,"Blizzard Entertainment","No está claro si la gente no le presta atención al Pozo de luz o si simplemente es invisible.",,0,5,"",,,
"El próximo hechizo que juegues en este turno cuesta (3) menos.","Classic","Enchantment","EX1_145o","Preparación","Rogue",,,,,,,OneTurnEffect,,,,,,
"El próximo hechizo que juegues en este turno cuesta (3) menos.","Classic","Spell","EX1_145","Preparación","Rogue","Neutral",0,"Epic",True,"Clint Langley",""Estén preparados" —Lema de Pícaros.",,,,,,,
"Duplica el daño y la sanación de tus hechizos y de tu Poder de héroe.","Classic","Minion","EX1_350","Profeta Velen","Priest","Neutral",7,"Legendary",True,"Wei Wang","Lo exiliaron de su hogar y todos sus hermanos se volvieron malvados. Pero dejando eso de lado no tiene mucho de qué quejarse.",,7,7,,True,,
"<b>Grito de batalla:</b> otorga <b>Escudo divino</b> a un esbirro aliado.","Classic","Minion","EX1_362","Protector argenta","Paladin","Neutral",2,"Common",True,"Doug Alexander",""No digo que puedes esquivar bolas de fuego. Digo que con este escudo no te hará falta".",Battlecry,2,2,,,,
"<b>Grito de batalla:</b> otorga <b>Provocación</b> a los esbirros adyacentes.","Classic","Minion","EX1_058","Protectora Furia del Sol",,"Alliance",2,"Rare",True,"James Ryman","Lleva un escudo pero solo para dárselo a alguien que la proteja.",Battlecry,2,3,,,,
"Ataque aumentado.","Classic","Enchantment","EX1_001e","Protegido",,,,,,,,,,,,,,
"<b>Poder de héroe</b>
Inflige 2 de daño.","Classic","Hero Power","EX1_625t","Púa mental","Priest",,2,,,,,,,,,,,
"+2 de Ataque.","Classic","Enchantment","EX1_603e","Puesto a punto","Warrior",,,,,,,,,,,,,
"Ataque aumentado.","Classic","Enchantment","EX1_604o","Rabioso","Warrior",,,,,,,,,,,,,
"<b>Enfurecer:</b> +3 de Ataque","Classic","Minion","EX1_393","Rabioso Amani",,"Neutral",2,"Common",True,"Chippy","Si un Rabioso Amani pregunta "¡¿Me estás mirando?!" la respuesta correcta es "No colega".",Enrage,2,3,,,,
"Cada vez que un esbirro recibe daño obtiene +1 de Ataque.","Classic","Minion","EX1_604","Rabioso espumoso","Warrior","Neutral",3,"Rare",True,"Simon Bisley","Antes era contador hasta que descubrió su talento como rabioso.",,2,4,"",,,
"Inflige $5 de daño. <b>Sobrecarga:</b> (2)","Classic","Spell","EX1_241","Ráfaga de lava","Shaman","Neutral",3,"Rare",True,"Dan Scott","¡Es como un océano de magma líquida en tu boca!",,,,,,,
"No puede atacar. Al final de tu turno inflige 8 de daño a un enemigo aleatorio.","Classic","Minion","EX1_298","Ragnaros el Señor del Fuego",,"Neutral",8,"Legendary",True,"Greg Staples","Los enanos Hierro negro invocaron a Ragnaros que luego terminó esclavizándolos. A menudo Invocar al Señor del Fuego no funciona como uno espera.",,8,8,,True,,
"<b>Secreto:</b> cuando uno de tus esbirros muera devuélvelo al campo de batalla con 1 de Salud.","Classic","Spell","EX1_136","Redención","Paladin","Neutral",1,"Common",True,"Ittoku","No logro entender cómo conseguiste la dención en primer lugar. ¡Es un misterio!",Secret,,,,,,
"<b>Secreto:</b> cuando un personaje ataca a tu héroe el ataque se desvía a otro personaje aleatorio.","Classic","Spell","EX1_533","Redirección","Hunter","Neutral",2,"Rare",True,"Daren Bader","A veces el secreto es ponerse un bigote falso y señalar al de al lado.",Secret,,,,,,
"Salud aumentada.","Classic","Enchantment","NEW1_025e","Reforzado",,,,,,,,,,,,,,
"Inflige $2 de daño a 2 esbirros enemigos aleatorios. <b>Sobrecarga:</b> (2)","Classic","Spell","EX1_251","Relámpago bifurcado","Shaman","Neutral",1,"Common",True,"Ralph Horsley","Dicen que el Lámpago bifurcado ya era fulminante ¡imagínate el RElámpago!",,,,,,,
"<b>Carga</b>","Classic","Minion","EX1_543","Rey Krush","Hunter","Neutral",9,"Legendary",True,"Alex Horley Orlandelli","La mejor defensa contra el Rey Krush es buscar a alguien que te caiga mal y usarlo de escudo.",Charge,8,8,,True,"Beast",
"<b>Grito de batalla:</b> otorga 2 Bananas a tu adversario.","Classic","Minion","EX1_014","Rey Mukla",,,3,"Legendary",True,"Sunny Gho","Rey Mukla merodea por la Isla Jaguero... en busca de amor.",Battlecry,5,5,,True,"Beast",
"Al comienzo de tu turno cambia este esbirro por uno aleatorio de tu mano.","Classic","Minion","EX1_006","Roboalarma",,,3,"Rare",True,"Sean O’Daniels","ADVERTENCIA. ADVERTENCIA. ADVERTENCIA.",,0,3,,,"Mech",
"<b>Grito de batalla:</b> <b>Silencia</b> a un esbirro.","Classic","Minion","EX1_048","Rompedor de hechizos",,"Horde",4,"Common",True,"Matt Cavotta","Los rompedores de hechizos pueden destruir los encantamientos de los usuarios de la magia. El procedimiento es indoloro y puede hacerse con un tratamiento ambulatorio.",Battlecry,4,3,,,,
"Este esbirro tiene -3 de Ataque en este turno.","Classic","Enchantment","EX1_161o","Rugido desmoralizador","Druid",,,,,,,OneTurnEffect,,,,,,
"<b>Carga</b>","Classic","Minion","EX1_538t","Sabueso","Hunter",,1,,,,,Charge,1,1,,,"Beast",
"Tus cartas y poderes que restauran Salud ahora infligen daño.","Classic","Minion","EX1_591","Sacerdotisa de almas auchenai","Priest","Neutral",4,"Rare",True,"Doug Alexander","Los Auchenai saben que se acerca el fin pero no están seguros de cuándo será.",Aura,3,5,,,,
"<b>Grito de batalla:</b> restaura 4 de Salud a tu héroe.","Classic","Minion","EX1_583","Sacerdotisa de Elune",,"Neutral",6,"Common",True,"Dan Scott","Si se jacta de que te hará sentir como en la Luna trata de no dejarte llevar por la imaginación...",Battlecry,5,4,,,,
"<b>Grito de batalla:</b> toma el control de un esbirro enemigo que tenga 2 de Ataque o menos.","Classic","Minion","EX1_091","Sacerdotisa de la cábala","Priest","Neutral",6,"Epic",True,"Chippy","Nunca se sabe quién puede estar trabajando de encubierto para la cábala...",Battlecry,4,5,,,,
"Al final de tu turno otorga +1 de Salud a otro esbirro aliado aleatorio.","Classic","Minion","EX1_004","Sacerdotisa joven",,,1,"Rare",True,"Vance Kovacs","Está ansiosa por aprender Palabra de poder: Entereza nivel 2.",,2,1,,,,
"<b>Secreto:</b> cuando un enemigo ataca invocas un Defensor 2/1 como el nuevo objetivo.","Classic","Spell","EX1_130","Sacrificio noble","Paladin","Neutral",1,"Common",True,"Zoltan & Gabor","¡Nunca te olvidaremos "Defensor"!",Secret,,,,,,
"Inflige daño equivalente al Ataque de tu héroe contra un esbirro.","Classic","Spell","EX1_578","Salvajismo","Druid","Neutral",1,"Rare",True,"Dave Rapoza","Es cierto algunos druidas son salvajes pero también hay otros que disfrutan los momentos de paz con una taza de té.",AffectedBySpellPower,,,,,,
"Otorga +2 de Ataque a un esbirro. <b>Combo:</b> +4 de Ataque.","Classic","Spell","CS2_073","Sangre fría","Rogue","Neutral",1,"Common",True,"Alex Horley Orlandelli",""Mi sangre es más fría que el acero de mis espadas".",Combo,,,,,,
"+2 de Ataque.","Classic","Enchantment","CS2_073e","Sangre fría","Rogue",,,,,,,,,,,,,
"+4 de Ataque.","Classic","Enchantment","CS2_073e2","Sangre fría","Rogue",,,,,,,,,,,,,
"<b>Grito de batalla:</b> otorga +2 de Ataque a un esbirro en este turno.","Classic","Minion","CS2_188","Sargento abusivo",,"Alliance",1,"Common",True,"Luca Zontini","¡AGRÉGAME A TU MAZO GUSANO!",Battlecry,2,1,,,,
"Restaura 5 de Salud.","Classic","Spell","NEW1_008b","Secretos ancestrales","Druid",,,,,,,,,,,,,
"<b>Combo:</b> devuelve un esbirro a la mano de su propietario.","Classic","Minion","NEW1_005","Secuestrador","Rogue",,6,"Epic",True,"Dave Allsop","Lo único que quiere es que la gente vea las fotos de sus vacaciones.",Combo,5,3,,,,
"<b>Grito de batalla:</b> inflige 5 de daño a tu héroe.","Classic","Minion","EX1_313","Señor del foso","Warlock","Neutral",4,"Epic",True,"Glenn Rane","Sí Mannoroth Magtheridon y Brutallus están muertos pero resulta que hay MUCHOS señores del foso.",Battlecry,5,6,,,"Demon",
"<b>Silencia</b> a un esbirro.","Classic","Spell","EX1_332","Silenciar","Priest","Neutral",0,"Common",True,"Zoltan & Gabor","Reservada para taumaturgos enemigos exánimes malvados resucitados de la tumba y noches de karaoke en Tragapenas.",Silence,,,,,,
"Estadísticas aumentadas.","Classic","Enchantment","EX1_258e","Sobrecargado","Shaman",,,,,,,,,,,,,
"¡Los Juegos mentales fallaron! ¡Tu adversario no tenía esbirros!","Classic","Minion","EX1_345t","Sombra de la nada","Priest",,0,"Epic",,,,,0,1,,,,
"Este esbirro ha consumido Escudos divinos y tiene Ataque y Salud aumentados.","Classic","Enchantment","EX1_590e","Sombras de M'uru",,,,"Common",,,,,,,,,,
"Cada vez que lanzas un hechizo roba una carta.","Classic","Minion","EX1_095","Subastador de Gadgetzan",,"Neutral",6,"Rare",True,"Matt Dixon","Alguna vez fue el encargado de la casa de subastas del mercado negro pero el lugar era tan violento que al final tuvo que irse.",,4,4,"",,,
"Destruye un esbirro. Restaura #3 de Salud a tu héroe.","Classic","Spell","EX1_309","Succionar alma","Warlock","Neutral",6,"Rare",True,"Tyler Walpole","Te recomendamos que evites succionar tu propia alma. Se podría formar una especie de bucle infinito bastante particular.",,,,,,,
"Invoca un Sabueso 1/1 con <b>Carga</b> por cada esbirro enemigo.","Classic","Spell","EX1_538","Suelten a los canes","Hunter",,3,"Common",True,"Linggar Bramanty","Cada vez que juegues esta carta tienes que leer su nombre en voz alta.",,,,,,,
"Devuelve un esbirro a la mano de su propietario.","Classic","Spell","DREAM_04","Sueño","Dream",,0,,,,,,,,,,,
"Copia 2 cartas del mazo de tu adversario y ponlas en tu mano.","Classic","Spell","EX1_339","Sustracción de intelecto","Priest","Neutral",3,"Common",True,"Alex Garner",""¿Qué consigues si le lanzas Sustracción de intelecto a un orco? ¡Nada!". —Broma tauren",,,,,,,
"<b>Estertor:</b> toma el control de un esbirro enemigo aleatorio.","Classic","Minion","EX1_016","Sylvanas Brisaveloz",,,6,"Legendary",True,"Glenn Rane","Arthas convirtió a Sylvanas en la Reina alma en pena pero evidentemente tendría que haberla matado porque lo único que consiguió fue enfurecerla.",Deathrattle,5,5,,True,,
"<b>Provocación</b>. <b>Enfurecer:</b> +3 de Ataque","Classic","Minion","EX1_390","Tauren guerrero",,"Neutral",3,"Common",True,"Paul Warzecha","Tauren guerrero: Campeón de Mulgore Asesino de Jabaespines Jinete de los ascensores de la Cima del Trueno.",Enrage|Taunt,2,3,,,,
"<b>Grito de batalla:</b> si tu adversario tiene 4 esbirros o más controla uno al azar.","Classic","Minion","EX1_085","Técnico de control mental",,"Alliance",3,"Rare",True,"Leo Che","La tecnología de control mental está mejorando pero no es una cosa del otro mundo...",Battlecry,3,3,,,,
"+2 de Ataque en este turno.","Classic","Enchantment","EX1_046e","Templado",,,,,,,,OneTurnEffect,,,,,,
"Inflige $2 de daño a un personaje. Si es suficiente para matarlo invoca un Demonio aleatorio.","Classic","Spell","EX1_320","Terror de fatalidad","Warlock","Neutral",5,"Epic",True,"Raymond Swanland","De ser posible trata de evitar la fatalidad. Un consejo de amigo.",,,,,,,
"<b>Grito de batalla:</b> destruye los esbirros que están a ambos lados de este esbirro y obtiene el Ataque y la Salud de los esbirros destruidos.","Classic","Minion","EX1_304","Terror del vacío","Warlock",,3,"Rare",True,"Alexander Alexandrov","Si pones esta carta en tu mazo sin dudas PERDERÁS la confianza del resto de tus esbirros.",Battlecry,3,3,,,"Demon",
"<b>Sigilo</b>","Classic","Minion","EX1_028","Tigre de Tuercespina",,"Alliance",5,"Common",True,"Alex Horley Orlandelli","¡Lo más maravilloso de los tigres es que los tigres son maravillosos!",Stealth,5,5,,,"Beast",
"<b>Escudo divino</b>. <b>Provocación</b>. <b>Estertor:</b> equipa una Crematoria 5/3.","Classic","Minion","EX1_383","Tirion Vadín","Paladin","Neutral",8,"Legendary",True,"Brom","Si no has oído la oda a Tirion Vadín es sencillamente porque no existe.",Deathrattle|Divine Shield|Taunt,6,6,,True,,
"Inflige $2 a $3 de daño a todos los esbirros enemigos. <b>Sobrecarga:</b> (2)","Classic","Spell","EX1_259","Tormenta de relámpagos","Shaman","Neutral",3,"Rare",True,"Christopher Moeller","Me temo que un paraguas no va a servir de mucho...",,,,,,,
"Al final de tu turno roba una carta.","Classic","Minion","EX1_575","Tótem Marea de maná","Shaman","Neutral",3,"Rare",True,"Scott Altmann","Se dice que hay un chamán que puede decir "Tótem flotante" 10 veces seguidas sin que se le lengüe la traba.",,0,3,,,"Totem",
"Obliga a un esbirro enemigo a infligir su daño a los esbirros adyacentes.","Classic","Spell","EX1_126","Traición","Rogue","Neutral",2,"Common",True,"Lucas Graciano","Todos tienen su precio. Los Gnomos por ejemplo hacen lo que sea por un oso de peluche y un poco de chocolate.",,,,,,,
"<b>Secreto:</b> cuando ataquen a uno de tus esbirros invoca tres Culebras 1/1.","Classic","Spell","EX1_554","Trampa con culebras","Hunter","Neutral",2,"Epic",True,"Bernie Kang","Culebras... ¿por qué tenían que ser culebras?",Secret,,,,,,
"<b>Secreto:</b> cuando un esbirro enemigo ataca lo devuelve a la mano de su propietario y cuesta (2) más.","Classic","Spell","EX1_611","Trampa congelante","Hunter","Neutral",2,"Common",True,"Matt Gaser",""¡Ey me dejas helado!". —Respuesta apropiada para Trampa congelante. También puede usarse para una noticia inesperada.",Secret,,,,,,
"<b>Secreto:</b> cuando atacan a tu héroe inflige $2 de daño a todos los enemigos.","Classic","Spell","EX1_610","Trampa explosiva","Hunter","Neutral",2,"Common",True,"Brandon Kitkouski","No solo atrapa tu comida... ¡TAMBIÉN te la cocina!",Secret,,,,,,
"<b>Provocación</b>","Classic","Minion","CS1_069","Trepador del pantano",,"Alliance",5,"Common",True,"Monica Langlois","Solían llamarlo "bestia de la ciénaga" pero era medio confuso porque en realidad no era un bestia. Así que ¡pum! tiene un nuevo nombre.",Taunt,3,6,,,,
"+2/+2. Lleno de múrloc.","Classic","Enchantment","NEW1_017e","Tripa llena",,,,,,,,,,,,,,
"Destruye a todos los esbirros.","Classic","Spell","EX1_312","Vacío abisal","Warlock","Neutral",8,"Epic",True,"Dave Allsop","El Vacío abisal es un lugar amorfo lleno de magia ilusión y esbirros despedazados.",,,,,,,
"<b>Secreto:</b> cuando un esbirro ataque a tu héroe destrúyelo.","Classic","Spell","EX1_594","Vaporizar","Mage","Neutral",3,"Rare",True,"Raymond Swanland","Se rumorea que Alamuerte ocasionó el Cataclismo después de perder una partida por esta carta. Quizá nunca sepamos la verdad.",Secret,,,,,,
"Este esbirro tiene Ataque y Salud aumentados.","Classic","Enchantment","EX1_613e","Venganza de VanCleef","Rogue",,,,,,,,,,,,,
"Inflige $2 de daño a todos los esbirros enemigos y los <b>Congela</b>.","Classic","Spell","CS2_028","Ventisca","Mage","Neutral",6,"Rare",True,"Chris Seaman","Ahora solo necesitamos unos palitos y podemos hacer... ¡helado de esbirros!",Freeze,,,,,,
"Cada vez que lanzas un hechizo obtiene +1 de Ataque.","Classic","Minion","NEW1_012","Vermis de maná","Mage",,1,"Common",True,"Blizzard Cinematics","Estos vermis se alimentan de energías arcanas. Si bien generalmente son más una molestia que una amenaza no es recomendable dejarlos solos con un cubo de maná.",,1,3,"",,,
"<b>Grito de batalla:</b> restaura 3 de Salud.","Classic","Minion","CS2_117","Vidente del Anillo de la Tierra",,,3,"Common",True,"Alex Horley Orlandelli","Tiene la capacidad de ver muy lejos y sin usar telescopio como esos piratas mugrosos.",Battlecry,3,3,,,,
"<b>Grito de batalla:</b> otorga +2 de Salud a TODOS los otros múrlocs.","Classic","Minion","EX1_103","Vidente Luz fría",,"Neutral",3,"Rare",True,"Arthur Gimaldinov","Los múrloc Luz fría viven en las fosas más oscuras de las Profundidades Abisales. Grábate la idea: no se puede escapar de los múrlocs.",Battlecry,2,3,,,"Murloc",
"No puede atacar.","Classic","Minion","EX1_045","Vigía anciano",,"Alliance",2,"Rare",True,"Richard Wright","¿Por qué parece que sus ojos te siguen mientras caminas?",,4,5,,,,
"Una de tus cartas cuesta (3) menos.","Classic","Enchantment","CS2_053e","Visión lejana","Shaman",,,,,"Lars Grant-West",,,,,,,,
"Roba una carta. Esa carta cuesta (3) menos.","Classic","Spell","CS2_053","Visión lejana","Shaman","Neutral",3,"Epic",True,"Lars Grant-West","Drek'thar no ve pero sí <i>ve</i>. ¿Entiendes lo que quiero decir? Si no no hay problema. De veras.",,,,,,,
"Al final de tu turno roba una carta de Sueño.","Classic","Minion","EX1_572","Ysera",,"Neutral",9,"Legendary",True,"Gabor Szikszai","Ysera gobierna el Sueño Esmeralda que es una especie de mundo paralelo igual al real pero verde... o algo así.",,4,12,,True,"Dragon",
